time_s,pitch_deg,speed,target_speed,pwm_output,altitude_m,latitude,longitude
0,-0.83,0.0,1.0,8.0,0.0,0.0,0.0
1,-0.83,0.0,1.0,8.0,0.0,0.0,0.0
2,-0.83,0.0,1.0,8.0,0.0,0.0,0.0
3,-0.83,0.0,1.0,8.0,0.0,0.0,0.0
4,-0.83,0.0,1.0,8.0,0.0,0.0,0.0
5,-0.83,0.0,1.0,8.0,0.0,0.0,0.0
6,-0.83,0.0,1.0,8.0,0.0,0.0,0.0
7,-0.83,0.0,1.0,8.0,0.0,0.0,0.0
8,-0.83,0.0,1.0,8.0,0.0,0.0,0.0
9,-0.83,0.0,1.0,8.0,0.0,0.0,0.0
10,-0.83,0.0,1.0,8.0,0.0,0.0,0.0
11,-0.83,0.0,1.0,8.0,0.0,0.0,0.0
12,-0.83,0.0,1.0,8.0,0.0,0.0,0.0
13,-0.83,0.0,1.0,8.0,0.0,0.0,0.0
14,-0.84,0.0,1.0,8.0,0.0,0.0,0.0
15,-0.84,0.0,1.0,8.0,0.0,0.0,0.0
16,-0.84,0.0,1.0,8.0,0.0,0.0,0.0
17,-0.84,0.0,1.0,8.0,0.0,0.0,0.0
18,-0.85,0.0,1.0,8.0,0.0,0.0,0.0
19,-0.85,0.0,1.0,8.0,0.0,0.0,0.0
20,-0.85,0.0,1.0,8.0,0.0,0.0,0.0
21,-0.85,0.0,1.0,8.0,0.0,0.0,0.0
22,-0.85,0.0,1.0,8.0,0.0,0.0,0.0
23,-0.85,0.0,1.0,8.0,0.0,0.0,0.0
24,-0.85,0.0,1.0,8.0,0.0,0.0,0.0
25,-0.85,0.0,1.0,8.0,0.0,0.0,0.0
26,-0.85,0.0,1.0,8.0,0.0,0.0,0.0
27,-0.85,0.0,1.0,8.0,0.0,0.0,0.0
28,-0.85,0.0,1.0,8.0,0.0,0.0,0.0
29,-0.85,0.0,1.0,8.0,0.0,0.0,0.0
30,-0.86,0.0,1.0,8.0,0.0,0.0,0.0
31,-0.86,0.0,1.0,8.0,0.0,0.0,0.0
32,-0.86,0.0,1.0,8.0,0.0,0.0,0.0
33,-0.86,0.0,1.0,8.0,0.0,0.0,0.0
34,-0.86,0.0,1.0,8.0,0.0,0.0,0.0
35,-0.86,0.0,1.0,8.0,0.0,0.0,0.0
36,-0.86,0.0,1.0,8.0,0.0,0.0,0.0
37,-0.86,0.0,1.0,8.0,0.0,0.0,0.0
38,-0.86,0.0,1.0,8.0,0.0,0.0,0.0
39,-0.85,0.0,1.0,8.0,0.0,0.0,0.0
40,-0.85,0.0,1.0,8.0,0.0,0.0,0.0
41,-0.85,0.0,1.0,8.0,0.0,0.0,0.0
42,-0.85,0.0,1.0,8.0,0.0,0.0,0.0
43,-0.84,0.0,1.0,8.0,0.0,0.0,0.0
44,-0.84,0.0,1.0,8.0,0.0,0.0,0.0
45,-0.84,0.0,1.0,8.0,0.0,0.0,0.0
46,-0.84,0.0,1.0,8.0,0.0,0.0,0.0
47,-0.84,0.0,1.0,8.0,0.0,0.0,0.0
48,-0.84,0.0,1.0,8.0,0.0,0.0,0.0
49,-0.84,0.0,1.0,8.0,0.0,0.0,0.0
50,-0.84,0.0,1.0,8.0,0.0,0.0,0.0
51,-0.84,0.0,1.0,8.0,0.0,0.0,0.0
52,-0.84,0.0,1.0,8.0,0.0,0.0,0.0
53,-0.84,0.0,1.0,8.0,0.0,0.0,0.0
54,-0.84,0.0,1.0,8.0,0.0,0.0,0.0
55,-0.84,0.0,1.0,8.0,0.0,0.0,0.0
56,-0.84,0.0,1.0,8.0,0.0,0.0,0.0
57,-0.84,0.0,1.0,8.0,0.0,0.0,0.0
58,-0.84,0.0,1.0,8.0,0.0,0.0,0.0
59,-0.84,0.0,1.0,8.0,0.0,0.0,0.0
60,-0.83,0.0,1.0,8.0,0.0,0.0,0.0
61,-0.83,0.0,1.0,8.0,0.0,0.0,0.0
62,-0.83,0.0,1.0,8.0,0.0,0.0,0.0
63,-0.83,0.0,1.0,8.0,0.0,0.0,0.0
64,-0.83,0.0,1.0,8.0,0.0,0.0,0.0
65,-0.83,0.0,1.0,8.0,0.0,0.0,0.0
66,-0.83,0.0,1.0,8.0,0.0,0.0,0.0
67,-0.84,0.0,1.0,8.0,0.0,0.0,0.0
68,-0.84,0.0,1.0,8.0,0.0,0.0,0.0
69,-0.84,0.0,1.0,8.0,0.0,0.0,0.0
70,-0.84,0.0,1.0,8.0,0.0,0.0,0.0
71,-0.84,0.0,1.0,8.0,0.0,0.0,0.0
72,-0.83,0.0,1.0,8.0,0.0,0.0,0.0
73,-0.83,0.0,1.0,8.0,0.0,0.0,0.0
74,-0.83,0.0,1.0,8.0,0.0,0.0,0.0
75,-0.83,0.0,1.0,8.0,0.0,0.0,0.0
76,-0.83,0.0,1.0,8.0,0.0,0.0,0.0
77,-0.83,0.0,1.0,8.0,0.0,0.0,0.0
78,-0.83,0.0,1.0,8.0,0.0,0.0,0.0
79,-0.83,0.0,1.0,8.0,0.0,0.0,0.0
80,-0.83,0.0,1.0,8.0,0.0,0.0,0.0
81,-0.83,0.0,1.0,8.0,0.0,0.0,0.0
82,-0.83,0.0,1.0,8.0,0.0,0.0,0.0
83,-0.83,0.0,1.0,8.0,0.0,0.0,0.0
84,-0.84,0.0,1.0,8.0,0.0,0.0,0.0
85,-0.84,0.0,1.0,8.0,0.0,0.0,0.0
86,-0.84,0.0,1.0,8.0,0.0,0.0,0.0
87,-0.83,0.0,1.0,8.0,0.0,0.0,0.0
88,-0.83,0.0,1.0,8.0,0.0,0.0,0.0
89,-0.83,0.0,1.0,8.0,0.0,0.0,0.0
90,-0.82,0.0,1.0,8.0,0.0,0.0,0.0
91,-0.82,0.0,1.0,8.0,0.0,0.0,0.0
92,-0.82,0.0,1.0,8.0,0.0,0.0,0.0
93,-0.82,0.0,1.0,8.0,0.0,0.0,0.0
94,-0.81,0.0,1.0,8.0,0.0,0.0,0.0
95,-0.81,0.0,1.0,8.0,0.0,0.0,0.0
96,-0.81,0.0,1.0,8.0,0.0,0.0,0.0
97,-0.81,0.0,1.0,8.0,0.0,0.0,0.0
98,-0.81,0.0,1.0,8.0,0.0,0.0,0.0
99,-0.81,0.0,1.0,8.0,0.0,0.0,0.0
100,-0.8,0.0,1.0,8.0,0.0,0.0,0.0
101,-0.8,0.0,1.0,8.0,0.0,0.0,0.0
102,-0.8,0.0,1.0,8.0,0.0,0.0,0.0
103,-0.8,0.0,1.0,8.0,0.0,0.0,0.0
104,-0.8,0.0,1.0,8.0,0.0,0.0,0.0
105,-0.8,0.0,1.0,8.0,0.0,0.0,0.0
106,-0.8,0.0,1.0,8.0,0.0,0.0,0.0
107,-0.8,0.0,1.0,8.0,0.0,0.0,0.0
108,-0.8,0.0,1.0,8.0,0.0,0.0,0.0
109,-0.8,0.0,1.0,8.0,0.0,0.0,0.0
110,-0.8,0.0,1.0,8.0,0.0,0.0,0.0
111,-0.79,0.0,1.0,8.0,0.0,0.0,0.0
112,-0.79,0.0,1.0,8.0,0.0,0.0,0.0
113,-0.78,0.0,1.0,8.0,0.0,0.0,0.0
114,-0.78,0.0,1.0,8.0,0.0,0.0,0.0
115,-0.78,0.0,1.0,8.0,0.0,0.0,0.0
116,-0.78,0.0,1.0,8.0,0.0,0.0,0.0
117,-0.78,0.0,1.0,8.0,0.0,0.0,0.0
118,-0.77,0.0,1.0,8.0,0.0,0.0,0.0
119,-0.77,0.0,1.0,8.0,0.0,0.0,0.0
120,-0.77,0.0,1.0,8.0,0.0,0.0,0.0
121,-0.77,0.0,1.0,8.0,0.0,0.0,0.0
122,-0.76,0.0,1.0,8.0,0.0,0.0,0.0
123,-0.76,0.0,1.0,8.0,0.0,0.0,0.0
124,-0.76,0.0,1.0,8.0,0.0,0.0,0.0
125,-0.76,0.0,1.0,8.0,0.0,0.0,0.0
126,-0.76,0.0,1.0,8.0,0.0,0.0,0.0
127,-0.76,0.0,1.0,8.0,0.0,0.0,0.0
128,-0.76,0.0,1.0,8.0,0.0,0.0,0.0
129,-0.75,0.0,1.0,8.0,0.0,0.0,0.0
130,-0.75,0.0,1.0,8.0,0.0,0.0,0.0
131,-0.76,0.0,1.0,8.0,0.0,0.0,0.0
132,-0.76,0.0,1.0,8.0,0.0,0.0,0.0
133,-0.76,0.0,1.0,8.0,0.0,0.0,0.0
134,-0.76,0.0,1.0,8.0,0.0,0.0,0.0
135,-0.76,0.0,1.0,8.0,0.0,0.0,0.0
136,-0.75,0.0,1.0,8.0,0.0,0.0,0.0
137,-0.75,0.0,1.0,8.0,0.0,0.0,0.0
138,-0.75,0.0,1.0,8.0,0.0,0.0,0.0
139,-0.75,0.0,1.0,8.0,0.0,0.0,0.0
140,-0.74,0.0,1.0,8.0,0.0,0.0,0.0
141,-0.74,0.0,1.0,8.0,0.0,0.0,0.0
142,-0.74,0.0,1.0,8.0,0.0,0.0,0.0
143,-0.74,0.0,1.0,8.0,0.0,0.0,0.0
144,-0.74,0.0,1.0,8.0,0.0,0.0,0.0
145,-0.74,0.0,1.0,8.0,0.0,0.0,0.0
146,-0.74,0.0,1.0,8.0,0.0,0.0,0.0
147,-0.74,0.0,1.0,8.0,0.0,0.0,0.0
148,-0.74,0.0,1.0,8.0,0.0,0.0,0.0
149,-0.74,0.0,1.0,8.0,0.0,0.0,0.0
150,-0.74,0.0,1.0,8.0,0.0,0.0,0.0
151,-0.74,0.0,1.0,8.0,0.0,0.0,0.0
152,-0.74,0.0,1.0,8.0,0.0,0.0,0.0
153,-0.73,0.0,1.0,8.0,0.0,0.0,0.0
154,-0.72,0.01,1.0,7.9,0.0,0.0,0.0
155,-0.72,0.01,1.0,7.94,0.0,0.0,0.0
156,-0.72,0.01,1.0,7.93,0.0,0.0,0.0
157,-0.72,0.01,1.0,7.88,0.0,0.0,0.0
158,-0.73,0.02,1.0,7.8,0.0,0.0,0.0
159,-0.77,0.01,1.0,7.94,0.0,0.0,0.0
160,-0.78,0.01,1.0,7.91,0.0,0.0,0.0
161,-0.79,0.01,1.0,7.92,0.0,0.0,0.0
162,-0.79,0.01,1.0,7.93,0.0,0.0,0.0
163,-0.78,0.01,1.0,7.89,0.0,0.0,0.0
164,-0.75,0.01,1.0,7.89,0.0,0.0,0.0
165,-0.74,0.04,1.0,7.39,0.0,0.0,0.0
166,-0.74,0.07,1.0,7.23,0.0,0.0,0.0
167,-0.78,0.15,1.0,6.16,0.0,0.0,0.0
168,-0.87,0.22,1.0,5.58,0.0,0.0,0.0
169,-0.9,0.33,1.0,4.51,0.0,0.0,0.0
170,-0.9,0.39,1.0,4.3,0.0,0.0,0.0
171,-0.9,0.45,1.0,3.89,0.0,0.0,0.0
172,-0.82,0.46,1.0,4.29,0.0,0.0,0.0
173,-0.66,0.41,1.0,5.05,0.0,0.0,0.0
174,-0.58,0.32,1.0,6.19,0.0,0.0,0.0
175,-0.54,0.23,1.0,6.91,0.0,0.0,0.0
176,-0.49,0.15,1.0,7.49,0.0,0.0,0.0
177,-0.5,0.06,1.0,8.22,0.0,0.0,0.0
178,-0.56,0.02,1.0,8.2,0.0,0.0,0.0
179,-0.59,0.01,1.0,8.03,0.0,0.0,0.0
180,-0.63,0.01,1.0,7.95,0.0,0.0,0.0
181,-0.66,0.01,1.0,7.93,0.0,0.0,0.0
182,-0.68,0.01,1.0,7.95,0.0,0.0,0.0
183,-0.69,0.01,1.0,7.94,0.0,0.0,0.0
184,-0.7,0.01,1.0,7.91,0.0,0.0,0.0
185,-0.68,0.01,1.0,7.97,0.0,0.0,0.0
186,-0.69,0.06,1.0,7.02,0.0,0.0,0.0
187,-0.68,0.11,1.0,6.69,0.0,0.0,0.0
188,-0.67,0.18,1.0,6.04,0.0,0.0,0.0
189,-0.65,0.24,1.0,5.51,0.0,0.0,0.0
190,-0.63,0.31,1.0,4.91,0.0,0.0,0.0
191,-0.59,0.33,1.0,5.23,0.0,0.0,0.0
192,-0.56,0.35,1.0,4.96,0.0,0.0,0.0
193,-0.52,0.36,1.0,5.02,0.0,0.0,0.0
194,-0.52,0.37,1.0,4.98,0.0,0.0,0.0
195,-0.51,0.37,1.0,5.04,0.0,0.0,0.0
196,-0.51,0.31,1.0,6.09,0.0,0.0,0.0
197,-0.49,0.23,1.0,6.76,0.0,0.0,0.0
198,-0.45,0.16,1.0,7.37,0.0,0.0,0.0
199,-0.39,0.08,1.0,7.99,0.0,0.0,0.0
200,-0.35,0.01,1.0,8.48,0.0,0.0,0.0
201,-0.35,0.0,1.0,8.07,0.0,0.0,0.0
202,-0.38,0.0,1.0,7.99,0.0,0.0,0.0
203,-0.49,0.0,1.0,7.94,0.0,0.0,0.0
204,-0.57,0.0,1.0,7.96,0.0,0.0,0.0
205,-0.65,0.0,1.0,7.96,0.0,0.0,0.0
206,-0.7,0.0,1.0,7.99,0.0,0.0,0.0
207,-0.71,0.0,1.0,7.98,0.0,0.0,0.0
208,-0.7,0.0,1.0,8.02,0.0,0.0,0.0
209,-0.69,0.0,1.0,8.0,0.0,0.0,0.0
210,-0.69,0.0,1.0,8.0,0.0,0.0,0.0
211,-0.69,0.0,1.0,8.0,0.0,0.0,0.0
212,-0.69,0.0,1.0,8.0,0.0,0.0,0.0
213,-0.69,0.0,1.0,8.0,0.0,0.0,0.0
214,-0.69,0.0,1.0,8.0,0.0,0.0,0.0
215,-0.69,0.0,1.0,8.0,0.0,0.0,0.0
216,-0.69,0.0,1.0,8.0,0.0,0.0,0.0
217,-0.69,0.0,1.0,8.0,0.0,0.0,0.0
218,-0.69,0.0,1.0,8.0,0.0,0.0,0.0
219,-0.69,0.0,1.0,8.0,0.0,0.0,0.0
220,-0.7,0.0,1.0,8.0,0.0,0.0,0.0
221,-0.7,0.0,1.0,8.0,0.0,0.0,0.0
222,-0.7,0.0,1.0,8.0,0.0,0.0,0.0
223,-0.7,0.0,1.0,8.0,0.0,0.0,0.0
224,-0.7,0.0,1.0,8.0,0.0,0.0,0.0
225,-0.7,0.0,1.0,8.0,0.0,0.0,0.0
226,-0.7,0.0,1.0,8.0,0.0,0.0,0.0
227,-0.7,0.0,1.0,8.0,0.0,0.0,0.0
228,-0.7,0.0,1.0,8.0,0.0,0.0,0.0
229,-0.69,0.0,1.0,8.0,0.0,0.0,0.0
230,-0.69,0.0,1.0,8.0,0.0,0.0,0.0
231,-0.68,0.0,1.0,8.0,0.0,0.0,0.0
232,-0.68,0.0,1.0,8.0,0.0,0.0,0.0
233,-0.68,0.0,1.0,8.0,0.0,0.0,0.0
234,-0.67,0.0,1.0,8.0,0.0,0.0,0.0
235,-0.67,0.0,1.0,8.0,0.0,0.0,0.0
236,-0.67,0.0,1.0,8.0,0.0,0.0,0.0
237,-0.67,0.0,1.0,8.0,0.0,0.0,0.0
238,-0.66,0.0,1.0,8.0,0.0,0.0,0.0
239,-0.66,0.0,1.0,8.0,0.0,0.0,0.0
240,-0.66,0.0,1.0,8.0,0.0,0.0,0.0
241,-0.67,0.0,1.0,8.0,0.0,0.0,0.0
242,-0.67,0.0,1.0,8.0,0.0,0.0,0.0
243,-0.67,0.0,1.0,8.0,0.0,0.0,0.0
244,-0.67,0.0,1.0,8.0,0.0,0.0,0.0
245,-0.67,0.0,1.0,8.0,0.0,0.0,0.0
246,-0.67,0.0,1.0,8.0,0.0,0.0,0.0
247,-0.67,0.0,1.0,8.0,0.0,0.0,0.0
248,-0.67,0.0,1.0,8.0,0.0,0.0,0.0
249,-0.67,0.0,1.0,8.0,0.0,0.0,0.0
250,-0.67,0.0,1.0,8.0,0.0,0.0,0.0
251,-0.67,0.0,1.0,8.0,0.0,0.0,0.0
252,-0.67,0.0,1.0,8.0,0.0,0.0,0.0
253,-0.67,0.0,1.0,8.0,0.0,0.0,0.0
254,-0.67,0.0,1.0,8.0,0.0,0.0,0.0
255,-0.68,0.0,1.0,8.0,0.0,0.0,0.0
256,-0.68,0.0,1.0,8.0,0.0,0.0,0.0
257,-0.68,0.0,1.0,8.0,0.0,0.0,0.0
258,-0.68,0.0,1.0,8.0,0.0,0.0,0.0
259,-0.68,0.0,1.0,8.0,0.0,0.0,0.0
260,-0.68,0.0,1.0,8.0,0.0,0.0,0.0
261,-0.68,0.0,1.0,8.0,0.0,0.0,0.0
262,-0.68,0.0,1.0,8.0,0.0,0.0,0.0
263,-0.68,0.0,1.0,8.0,0.0,0.0,0.0
264,-0.68,0.0,1.0,8.0,0.0,0.0,0.0
265,-0.69,0.0,1.0,8.0,0.0,0.0,0.0
266,-0.69,0.0,1.0,8.0,0.0,0.0,0.0
267,-0.69,0.0,1.0,8.0,0.0,0.0,0.0
268,-0.69,0.0,1.0,8.0,0.0,0.0,0.0
269,-0.7,0.0,1.0,8.0,0.0,0.0,0.0
270,-0.7,0.0,1.0,8.0,0.0,0.0,0.0
271,-0.7,0.0,1.0,8.0,0.0,0.0,0.0
272,-0.7,0.0,1.0,8.0,0.0,0.0,0.0
273,-0.7,0.0,1.0,8.0,0.0,0.0,0.0
274,-0.7,0.0,1.0,8.0,0.0,0.0,0.0
275,-0.7,0.0,1.0,8.0,0.0,0.0,0.0
276,-0.7,0.0,1.0,8.0,0.0,0.0,0.0
277,-0.71,0.0,1.0,8.0,0.0,0.0,0.0
278,-0.71,0.0,1.0,8.0,0.0,0.0,0.0
279,-0.71,0.0,1.0,8.0,0.0,0.0,0.0
280,-0.71,0.0,1.0,8.0,0.0,0.0,0.0
281,-0.71,0.0,1.0,8.0,0.0,0.0,0.0
282,-0.71,0.0,1.0,8.0,0.0,0.0,0.0
283,-0.72,0.0,1.0,8.0,0.0,0.0,0.0
284,-0.72,0.0,1.0,8.0,0.0,0.0,0.0
285,-0.72,0.0,1.0,8.0,0.0,0.0,0.0
286,-0.72,0.0,1.0,8.0,0.0,0.0,0.0
287,-0.73,0.0,1.0,8.0,0.0,0.0,0.0
288,-0.73,0.0,1.0,8.0,0.0,0.0,0.0
289,-0.73,0.0,1.0,8.0,0.0,0.0,0.0
290,-0.73,0.0,1.0,8.0,0.0,0.0,0.0
291,-0.73,0.0,1.0,8.0,0.0,0.0,0.0
292,-0.73,0.0,1.0,8.0,0.0,0.0,0.0
293,-0.73,0.0,1.0,8.0,0.0,0.0,0.0
294,-0.73,0.0,1.0,8.0,0.0,0.0,0.0
295,-0.73,0.0,1.0,8.0,0.0,0.0,0.0
296,-0.74,0.0,1.0,8.0,0.0,0.0,0.0
297,-0.74,0.0,1.0,8.0,0.0,0.0,0.0
298,-0.74,0.0,1.0,8.0,0.0,0.0,0.0
299,-0.74,0.0,1.0,8.0,0.0,0.0,0.0
300,-0.75,0.0,1.0,8.0,0.0,0.0,0.0
301,-0.75,0.0,1.0,8.0,0.0,0.0,0.0
302,-0.75,0.0,1.0,8.0,0.0,0.0,0.0
303,-0.75,0.0,1.0,8.0,0.0,0.0,0.0
304,-0.75,0.0,1.0,8.0,0.0,0.0,0.0
305,-0.75,0.0,1.0,8.0,0.0,0.0,0.0
306,-0.74,0.0,1.0,8.0,0.0,0.0,0.0
307,-0.74,0.0,1.0,8.0,0.0,0.0,0.0
308,-0.75,0.0,1.0,8.0,0.0,0.0,0.0
309,-0.75,0.0,1.0,8.0,0.0,0.0,0.0
310,-0.75,0.0,1.0,8.0,0.0,0.0,0.0
311,-0.75,0.0,1.0,8.0,0.0,0.0,0.0
312,-0.76,0.0,1.0,8.0,0.0,0.0,0.0
313,-0.76,0.0,1.0,8.0,0.0,0.0,0.0
314,-0.76,0.0,1.0,8.0,0.0,0.0,0.0
315,-0.76,0.0,1.0,8.0,0.0,0.0,0.0
316,-0.76,0.0,1.0,8.0,0.0,0.0,0.0
317,-0.76,0.0,1.0,8.0,0.0,0.0,0.0
318,-0.77,0.0,1.0,8.0,0.0,0.0,0.0
319,-0.77,0.0,1.0,8.0,0.0,0.0,0.0
320,-0.77,0.0,1.0,8.0,0.0,0.0,0.0
321,-0.77,0.0,1.0,8.0,0.0,0.0,0.0
322,-0.77,0.0,1.0,8.0,0.0,0.0,0.0
323,-0.78,0.0,1.0,8.0,0.0,0.0,0.0
324,-0.78,0.0,1.0,8.0,0.0,0.0,0.0
325,-0.78,0.0,1.0,8.0,0.0,0.0,0.0
326,-0.78,0.0,1.0,8.0,0.0,0.0,0.0
327,-0.78,0.0,1.0,8.0,0.0,0.0,0.0
328,-0.78,0.0,1.0,8.0,0.0,0.0,0.0
329,-0.79,0.0,1.0,8.0,0.0,0.0,0.0
330,-0.79,0.0,1.0,8.0,0.0,0.0,0.0
331,-0.79,0.0,1.0,8.0,0.0,0.0,0.0
332,-0.79,0.0,1.0,8.0,0.0,0.0,0.0
333,-0.8,0.0,1.0,8.0,0.0,0.0,0.0
334,-0.8,0.0,1.0,8.0,0.0,0.0,0.0
335,-0.8,0.0,1.0,8.0,0.0,0.0,0.0
336,-0.81,0.0,1.0,8.0,0.0,0.0,0.0
337,-0.81,0.0,1.0,8.0,0.0,0.0,0.0
338,-0.82,0.0,1.0,8.0,0.0,0.0,0.0
339,-0.82,0.0,1.0,8.0,0.0,0.0,0.0
340,-0.83,0.0,1.0,8.0,0.0,0.0,0.0
341,-0.83,0.0,1.0,8.0,0.0,0.0,0.0
342,-0.83,0.0,1.0,8.0,0.0,0.0,0.0
343,-0.83,0.0,1.0,8.0,0.0,0.0,0.0
344,-0.83,0.0,1.0,8.0,0.0,0.0,0.0
345,-0.84,0.0,1.0,8.0,0.0,0.0,0.0
346,-0.84,0.0,1.0,8.0,0.0,0.0,0.0
347,-0.83,0.0,1.0,8.0,0.0,0.0,0.0
348,-0.83,0.0,1.0,8.0,0.0,0.0,0.0
349,-0.83,0.0,1.0,8.0,0.0,0.0,0.0
350,-0.83,0.0,1.0,8.0,0.0,0.0,0.0
351,-0.83,0.0,1.0,8.0,0.0,0.0,0.0
352,-0.83,0.0,1.0,8.0,0.0,0.0,0.0
353,-0.83,0.0,1.0,8.0,0.0,0.0,0.0
354,-0.83,0.0,1.0,8.0,0.0,0.0,0.0
355,-0.83,0.0,1.0,8.0,0.0,0.0,0.0
356,-0.83,0.0,1.0,8.0,0.0,0.0,0.0
357,-0.83,0.0,1.0,8.0,0.0,0.0,0.0
358,-0.83,0.0,1.0,8.0,0.0,0.0,0.0
359,-0.83,0.0,1.0,8.0,0.0,0.0,0.0
360,-0.83,0.0,1.0,8.0,0.0,0.0,0.0
361,-0.83,0.0,1.0,8.0,0.0,0.0,0.0
362,-0.83,0.0,1.0,8.0,0.0,0.0,0.0
363,-0.83,0.0,1.0,8.0,0.0,0.0,0.0
364,-0.84,0.0,1.0,8.0,0.0,0.0,0.0
365,-0.84,0.0,1.0,8.0,0.0,0.0,0.0
366,-0.84,0.0,1.0,8.0,0.0,0.0,0.0
367,-0.84,0.0,1.0,8.0,0.0,0.0,0.0
368,-0.84,0.0,1.0,8.0,0.0,0.0,0.0
369,-0.84,0.0,1.0,8.0,0.0,0.0,0.0
370,-0.84,0.0,1.0,8.0,0.0,0.0,0.0
371,-0.84,0.0,1.0,8.0,0.0,0.0,0.0
372,-0.84,0.0,1.0,8.0,0.0,0.0,0.0
373,-0.84,0.0,1.0,8.0,0.0,0.0,0.0
374,-0.84,0.0,1.0,8.0,0.0,0.0,0.0
375,-0.85,0.0,1.0,7.99,0.0,0.0,0.0
376,-0.85,0.0,1.0,7.99,0.0,0.0,0.0
377,-0.82,0.0,1.0,7.96,0.0,0.0,0.0
378,-0.8,0.0,1.0,7.97,0.0,0.0,0.0
379,-0.71,0.06,1.0,7.12,0.0,0.0,0.0
380,-0.64,0.12,1.0,6.45,0.0,0.0,0.0
381,-0.55,0.19,1.0,5.98,0.0,0.0,0.0
382,-0.51,0.27,1.0,5.06,0.0,0.0,0.0
383,-0.44,0.37,1.0,4.29,0.0,0.0,0.0
384,-0.46,0.38,1.0,4.77,0.0,0.0,0.0
385,-0.46,0.34,1.0,5.74,0.0,0.0,0.0
386,-0.49,0.27,1.0,6.36,0.0,0.0,0.0
387,-0.49,0.18,1.0,7.3,0.0,0.0,0.0
388,-0.53,0.09,1.0,8.02,0.0,0.0,0.0
389,-0.54,0.02,1.0,8.46,0.0,0.0,0.0
390,-0.54,0.0,1.0,8.15,0.0,0.0,0.0
391,-0.54,0.0,1.0,8.0,0.0,0.0,0.0
392,-0.53,0.0,1.0,8.0,0.0,0.0,0.0
393,-0.53,0.0,1.0,8.0,0.0,0.0,0.0
394,-0.48,0.08,1.0,6.64,0.0,0.0,0.0
395,-0.45,0.19,1.0,5.66,0.0,0.0,0.0
396,-0.42,0.3,1.0,4.78,0.0,0.0,0.0
397,-0.38,0.4,1.0,3.96,0.0,0.0,0.0
398,-0.31,0.5,1.0,3.07,0.0,0.0,0.0
399,-0.29,0.55,1.0,3.31,0.0,0.0,0.0
400,-0.25,0.59,1.0,2.91,0.0,0.0,0.0
401,-0.18,0.65,1.0,2.33,0.0,0.0,0.0
402,-0.18,0.72,1.0,1.58,0.0,0.0,0.0
403,-0.19,0.79,1.0,1.07,0.0,0.0,0.0
404,-0.26,0.83,1.0,1.02,0.0,0.0,0.0
405,-0.32,0.83,1.0,1.43,0.0,0.0,0.0
406,-0.4,0.77,1.0,2.31,0.0,0.0,0.0
407,-0.45,0.74,1.0,2.39,0.0,0.0,0.0
408,-0.5,0.71,1.0,2.47,0.0,0.0,0.0
409,-0.49,0.7,1.0,2.47,0.0,0.0,0.0
410,-0.51,0.71,1.0,2.28,0.0,0.0,0.0
411,-0.53,0.75,1.0,1.64,0.0,0.0,0.0
412,-0.55,0.76,1.0,1.83,0.0,0.0,0.0
413,-0.58,0.78,1.0,1.66,0.0,0.0,0.0
414,-0.62,0.79,1.0,1.57,0.0,0.0,0.0
415,-0.64,0.8,1.0,1.48,0.0,0.0,0.0
416,-0.68,0.79,1.0,1.78,0.0,0.0,0.0
417,-0.68,0.78,1.0,1.82,0.0,0.0,0.0
418,-0.68,0.79,1.0,1.67,0.0,0.0,0.0
419,-0.68,0.79,1.0,1.6,0.0,0.0,0.0
420,-0.67,0.81,1.0,1.45,0.0,0.0,0.0
421,-0.66,0.84,1.0,1.0,0.0,0.0,0.0
422,-0.68,0.88,1.0,0.68,0.0,0.0,0.0
423,-0.72,0.87,1.0,1.11,0.0,0.0,0.0
424,-0.75,0.87,1.0,0.97,0.0,0.0,0.0
425,-0.78,0.88,1.0,0.93,0.0,0.0,0.0
426,-0.78,0.89,1.0,0.79,0.0,0.0,0.0
427,-0.82,0.89,1.0,0.93,0.0,0.0,0.0
428,-0.82,0.9,1.0,0.75,0.0,0.0,0.0
429,-0.87,0.89,1.0,0.91,0.0,0.0,0.0
430,-0.83,0.9,1.0,0.79,0.0,0.0,0.0
431,-0.81,0.89,1.0,0.94,0.0,0.0,0.0
432,-0.74,0.88,1.0,0.96,0.0,0.0,0.0
433,-0.66,0.88,1.0,1.02,0.0,0.0,0.0
434,-0.62,0.83,1.0,1.75,0.0,0.0,0.0
435,-0.61,0.79,1.0,1.98,0.0,0.0,0.0
436,-0.6,0.77,1.0,1.98,0.0,0.0,0.0
437,-0.63,0.76,1.0,1.98,0.0,0.0,0.0
438,-0.65,0.75,1.0,2.04,0.0,0.0,0.0
439,-0.64,0.79,1.0,1.36,0.0,0.0,0.0
440,-0.64,0.82,1.0,1.28,0.0,0.0,0.0
441,-0.64,0.83,1.0,1.27,0.0,0.0,0.0
442,-0.64,0.84,1.0,1.23,0.0,0.0,0.0
443,-0.68,0.85,1.0,1.15,0.0,0.0,0.0
444,-0.72,0.86,1.0,1.06,0.0,0.0,0.0
445,-0.76,0.86,1.0,1.09,0.0,0.0,0.0
446,-0.81,0.86,1.0,1.15,0.0,0.0,0.0
447,-0.84,0.84,1.0,1.5,0.0,0.0,0.0
448,-0.89,0.78,1.0,2.29,0.0,0.0,0.0
449,-0.91,0.71,1.0,2.86,0.0,0.0,0.0
450,-0.95,0.65,1.0,3.28,0.0,0.0,0.0
451,-0.91,0.6,1.0,3.53,0.0,0.0,0.0
452,-0.89,0.6,1.0,3.28,0.0,0.0,0.0
453,-0.85,0.63,1.0,2.65,0.0,0.0,0.0
454,-0.79,0.68,1.0,2.21,0.0,0.0,0.0
455,-0.78,0.72,1.0,1.83,0.0,0.0,0.0
456,-0.78,0.7,1.0,2.56,0.0,0.0,0.0
457,-0.78,0.65,1.0,3.17,0.0,0.0,0.0
458,-0.76,0.6,1.0,3.69,0.0,0.0,0.0
459,-0.78,0.53,1.0,4.36,0.0,0.0,0.0
460,-0.68,0.47,1.0,4.78,0.0,0.0,0.0
461,-0.65,0.46,1.0,4.42,0.0,0.0,0.0
462,-0.63,0.46,1.0,4.31,0.0,0.0,0.0
463,-0.59,0.47,1.0,4.16,0.0,0.0,0.0
464,-0.67,0.41,1.0,5.24,0.0,0.0,0.0
465,-0.79,0.31,1.0,6.26,0.0,0.0,0.0
466,-0.86,0.22,1.0,7.02,0.0,0.0,0.0
467,-0.94,0.12,1.0,7.84,0.0,0.0,0.0
468,-1.02,0.02,1.0,8.63,0.0,0.0,0.0
469,-0.97,0.0,1.0,8.2,0.0,0.0,0.0
470,-0.97,0.0,1.0,8.01,0.0,0.0,0.0
471,-0.97,0.0,1.0,8.0,0.0,0.0,0.0
472,-0.97,0.0,1.0,8.0,0.0,0.0,0.0
473,-0.97,0.0,1.0,8.0,0.0,0.0,0.0
474,-0.97,0.0,1.0,8.0,0.0,0.0,0.0
475,-0.98,0.0,1.0,8.0,0.0,0.0,0.0
476,-0.98,0.0,1.0,8.0,0.0,0.0,0.0
477,-0.98,0.0,1.0,8.0,0.0,0.0,0.0
478,-0.98,0.0,1.0,8.0,0.0,0.0,0.0
479,-0.99,0.0,1.0,8.0,0.0,0.0,0.0
480,-0.99,0.0,1.0,8.0,0.0,0.0,0.0
481,-0.99,0.0,1.0,8.0,0.0,0.0,0.0
482,-0.99,0.0,1.0,8.0,0.0,0.0,0.0
483,-0.99,0.0,1.0,8.0,0.0,0.0,0.0
484,-0.99,0.0,1.0,8.0,0.0,0.0,0.0
485,-0.99,0.0,1.0,8.0,0.0,0.0,0.0
486,-0.99,0.0,1.0,8.0,0.0,0.0,0.0
487,-0.99,0.0,1.0,8.0,0.0,0.0,0.0
488,-0.99,0.0,1.0,8.0,0.0,0.0,0.0
489,-0.99,0.0,1.0,8.0,0.0,0.0,0.0
490,-0.99,0.0,1.0,8.0,0.0,0.0,0.0
491,-0.99,0.0,1.0,8.0,0.0,0.0,0.0
492,-1.0,0.0,1.0,8.0,0.0,0.0,0.0
493,-1.0,0.0,1.0,8.0,0.0,0.0,0.0
494,-1.0,0.0,1.0,8.0,0.0,0.0,0.0
495,-1.0,0.0,1.0,8.0,0.0,0.0,0.0
496,-1.01,0.0,1.0,8.0,0.0,0.0,0.0
497,-1.01,0.0,1.0,8.0,0.0,0.0,0.0
498,-1.02,0.0,1.0,8.0,0.0,0.0,0.0
499,-1.02,0.0,1.0,8.0,0.0,0.0,0.0
500,-1.02,0.0,1.0,8.0,0.0,0.0,0.0
501,-1.03,0.0,1.0,8.0,0.0,0.0,0.0
502,-1.03,0.0,1.0,8.0,0.0,0.0,0.0
503,-1.03,0.0,1.0,8.0,0.0,0.0,0.0
504,-1.03,0.0,1.0,8.0,0.0,0.0,0.0
505,-1.03,0.0,1.0,8.0,0.0,0.0,0.0
506,-1.03,0.0,1.0,8.0,0.0,0.0,0.0
507,-1.03,0.0,1.0,8.0,0.0,0.0,0.0
508,-1.03,0.0,1.0,8.0,0.0,0.0,0.0
509,-1.03,0.0,1.0,8.0,0.0,0.0,0.0
510,-1.03,0.0,1.0,8.0,0.0,0.0,0.0
511,-1.03,0.0,1.0,8.0,0.0,0.0,0.0
512,-1.03,0.0,1.0,8.0,0.0,0.0,0.0
513,-1.03,0.0,1.0,8.0,0.0,0.0,0.0
514,-1.03,0.0,1.0,8.0,0.0,0.0,0.0
515,-1.03,0.0,1.0,8.0,0.0,0.0,0.0
516,-1.03,0.0,1.0,8.0,0.0,0.0,0.0
517,-1.04,0.0,1.0,8.0,0.0,0.0,0.0
518,-1.04,0.0,1.0,8.0,0.0,0.0,0.0
519,-1.03,0.0,1.0,8.0,0.0,0.0,0.0
520,-1.03,0.0,1.0,8.0,0.0,0.0,0.0
521,-1.03,0.0,1.0,8.0,0.0,0.0,0.0
522,-1.03,0.0,1.0,8.0,0.0,0.0,0.0
523,-1.04,0.0,1.0,8.0,0.0,0.0,0.0
524,-1.04,0.0,1.0,8.0,0.0,0.0,0.0
525,-1.04,0.0,1.0,8.0,0.0,0.0,0.0
526,-1.04,0.0,1.0,8.0,0.0,0.0,0.0
527,-1.05,0.0,1.0,8.0,0.0,0.0,0.0
528,-1.05,0.0,1.0,8.0,0.0,0.0,0.0
529,-1.05,0.0,1.0,8.0,0.0,0.0,0.0
530,-1.06,0.0,1.0,8.0,0.0,0.0,0.0
531,-1.06,0.0,1.0,8.0,0.0,0.0,0.0
532,-1.06,0.0,1.0,8.0,0.0,0.0,0.0
533,-1.06,0.0,1.0,8.0,0.0,0.0,0.0
534,-1.06,0.0,1.0,8.0,0.0,0.0,0.0
535,-1.06,0.0,1.0,8.0,0.0,0.0,0.0
536,-1.07,0.0,1.0,8.0,0.0,0.0,0.0
537,-1.07,0.0,1.0,8.0,0.0,0.0,0.0
538,-1.07,0.0,1.0,8.0,0.0,0.0,0.0
539,-1.07,0.0,1.0,8.0,0.0,0.0,0.0
540,-1.07,0.0,1.0,8.0,0.0,0.0,0.0
541,-1.08,0.0,1.0,8.0,0.0,0.0,0.0
542,-1.08,0.0,1.0,8.0,0.0,0.0,0.0
543,-1.08,0.0,1.0,8.0,0.0,0.0,0.0
544,-1.08,0.0,1.0,8.0,0.0,0.0,0.0
545,-1.08,0.0,1.0,8.0,0.0,0.0,0.0
546,-1.08,0.0,1.0,8.0,0.0,0.0,0.0
547,-1.08,0.0,1.0,8.0,0.0,0.0,0.0
548,-1.08,0.0,1.0,8.0,0.0,0.0,0.0
549,-1.08,0.0,1.0,8.0,0.0,0.0,0.0
550,-1.08,0.0,1.0,8.0,0.0,0.0,0.0
551,-1.08,0.0,1.0,8.0,0.0,0.0,0.0
552,-1.07,0.0,1.0,8.0,0.0,0.0,0.0
553,-1.07,0.0,1.0,8.0,0.0,0.0,0.0
554,-1.07,0.0,1.0,8.0,0.0,0.0,0.0
555,-1.07,0.0,1.0,8.0,0.0,0.0,0.0
556,-1.07,0.0,1.0,8.0,0.0,0.0,0.0
557,-1.06,0.0,1.0,8.0,0.0,0.0,0.0
558,-1.06,0.0,1.0,8.0,0.0,0.0,0.0
559,-1.05,0.0,1.0,8.0,0.0,0.0,0.0
560,-1.05,0.0,1.0,8.0,0.0,0.0,0.0
561,-1.05,0.0,1.0,8.0,0.0,0.0,0.0
562,-1.05,0.0,1.0,8.0,0.0,0.0,0.0
563,-1.05,0.0,1.0,8.0,0.0,0.0,0.0
564,-1.05,0.0,1.0,8.0,0.0,0.0,0.0
565,-1.05,0.0,1.0,8.0,0.0,0.0,0.0
566,-1.05,0.0,1.0,8.0,0.0,0.0,0.0
567,-1.05,0.0,1.0,8.0,0.0,0.0,0.0
568,-1.05,0.0,1.0,8.0,0.0,0.0,0.0
569,-1.05,0.0,1.0,8.0,0.0,0.0,0.0
570,-1.05,0.0,1.0,8.0,0.0,0.0,0.0
571,-1.05,0.0,1.0,8.0,0.0,0.0,0.0
572,-1.05,0.0,1.0,8.0,0.0,0.0,0.0
573,-1.05,0.0,1.0,8.0,0.0,0.0,0.0
574,-1.05,0.0,1.0,8.0,0.0,0.0,0.0
575,-1.05,0.0,1.0,8.0,0.0,0.0,0.0
576,-1.04,0.0,1.0,8.0,0.0,0.0,0.0
577,-1.04,0.0,1.0,8.0,0.0,0.0,0.0
578,-1.04,0.0,1.0,8.0,0.0,0.0,0.0
579,-1.04,0.0,1.0,8.0,0.0,0.0,0.0
580,-1.04,0.0,1.0,8.0,0.0,0.0,0.0
581,-1.04,0.0,1.0,8.0,0.0,0.0,0.0
582,-1.04,0.0,1.0,8.0,0.0,0.0,0.0
583,-1.04,0.0,1.0,8.0,0.0,0.0,0.0
584,-1.04,0.0,1.0,8.0,0.0,0.0,0.0
585,-1.04,0.0,1.0,8.0,0.0,0.0,0.0
586,-1.04,0.0,1.0,8.0,0.0,0.0,0.0
587,-1.04,0.0,1.0,8.0,0.0,0.0,0.0
588,-1.04,0.0,1.0,8.0,0.0,0.0,0.0
589,-1.04,0.0,1.0,8.0,0.0,0.0,0.0
590,-1.04,0.0,1.0,8.0,0.0,0.0,0.0
591,-1.04,0.0,1.0,8.0,0.0,0.0,0.0
592,-1.04,0.0,1.0,8.0,0.0,0.0,0.0
593,-1.04,0.0,1.0,8.0,0.0,0.0,0.0
594,-1.03,0.0,1.0,8.0,0.0,0.0,0.0
595,-1.03,0.0,1.0,8.0,0.0,0.0,0.0
596,-1.03,0.0,1.0,8.0,0.0,0.0,0.0
597,-1.03,0.0,1.0,8.0,0.0,0.0,0.0
598,-1.03,0.0,1.0,8.0,0.0,0.0,0.0
599,-1.02,0.0,1.0,8.0,0.0,0.0,0.0
600,-1.02,0.0,1.0,8.0,0.0,0.0,0.0
601,-1.02,0.0,1.0,8.0,0.0,0.0,0.0
602,-1.01,0.0,1.0,8.0,0.0,0.0,0.0
603,-1.01,0.0,1.0,8.0,0.0,0.0,0.0
604,-1.01,0.0,1.0,8.0,0.0,0.0,0.0
605,-1.01,0.0,1.0,8.0,0.0,0.0,0.0
606,-1.01,0.0,1.0,8.0,0.0,0.0,0.0
607,-1.01,0.0,1.0,8.0,0.0,0.0,0.0
608,-1.01,0.0,1.0,8.0,0.0,0.0,0.0
609,-1.01,0.0,1.0,8.0,0.0,0.0,0.0
610,-1.01,0.0,1.0,8.0,0.0,0.0,0.0
611,-1.01,0.0,1.0,8.0,0.0,0.0,0.0
612,-1.01,0.0,1.0,8.0,0.0,0.0,0.0
613,-1.01,0.0,1.0,8.0,0.0,0.0,0.0
614,-1.01,0.0,1.0,8.0,0.0,0.0,0.0
615,-1.01,0.0,1.0,8.0,0.0,0.0,0.0
616,-1.02,0.0,1.0,8.0,0.0,0.0,0.0
617,-1.02,0.0,1.0,8.0,0.0,0.0,0.0
618,-1.02,0.0,1.0,8.0,0.0,0.0,0.0
619,-1.02,0.0,1.0,8.0,0.0,0.0,0.0
620,-1.02,0.0,1.0,8.0,0.0,0.0,0.0
621,-1.02,0.0,1.0,8.0,0.0,0.0,0.0
622,-1.02,0.0,1.0,8.0,0.0,0.0,0.0
623,-1.02,0.0,1.0,8.0,0.0,0.0,0.0
624,-1.02,0.0,1.0,8.0,0.0,0.0,0.0
625,-1.02,0.0,1.0,8.0,0.0,0.0,0.0
626,-1.02,0.0,1.0,8.0,0.0,0.0,0.0
627,-1.02,0.0,1.0,8.0,0.0,0.0,0.0
628,-1.02,0.0,1.0,8.0,0.0,0.0,0.0
629,-1.02,0.0,1.0,8.0,0.0,0.0,0.0
630,-1.02,0.0,1.0,8.0,0.0,0.0,0.0
631,-1.02,0.0,1.0,8.0,0.0,0.0,0.0
632,-1.02,0.0,1.0,8.0,0.0,0.0,0.0
633,-1.02,0.0,1.0,8.0,0.0,0.0,0.0
634,-1.02,0.0,1.0,8.0,0.0,0.0,0.0
635,-1.02,0.0,1.0,8.0,0.0,0.0,0.0
636,-1.01,0.0,1.0,8.0,0.0,0.0,0.0
637,-1.01,0.0,1.0,8.0,0.0,0.0,0.0
638,-1.01,0.0,1.0,8.0,0.0,0.0,0.0
639,-1.01,0.0,1.0,8.0,0.0,0.0,0.0
640,-1.01,0.0,1.0,8.0,0.0,0.0,0.0
641,-1.01,0.0,1.0,8.0,0.0,0.0,0.0
642,-1.01,0.0,1.0,8.0,0.0,0.0,0.0
643,-1.01,0.0,1.0,8.0,0.0,0.0,0.0
644,-1.01,0.0,1.0,8.0,0.0,0.0,0.0
645,-1.01,0.0,1.0,8.0,0.0,0.0,0.0
646,-1.0,0.0,1.0,8.0,0.0,0.0,0.0
647,-1.0,0.0,1.0,8.0,0.0,0.0,0.0
648,-1.0,0.0,1.0,8.0,0.0,0.0,0.0
649,-1.0,0.0,1.0,8.0,0.0,0.0,0.0
650,-1.0,0.0,1.0,8.0,0.0,0.0,0.0
651,-1.0,0.0,1.0,8.0,0.0,0.0,0.0
652,-1.0,0.0,1.0,8.0,0.0,0.0,0.0
653,-1.0,0.0,1.0,8.0,0.0,0.0,0.0
654,-1.0,0.0,1.0,8.0,0.0,0.0,0.0
655,-1.0,0.0,1.0,8.0,0.0,0.0,0.0
656,-1.0,0.0,1.0,8.0,0.0,0.0,0.0
657,-1.0,0.0,1.0,8.0,0.0,0.0,0.0
658,-1.0,0.0,1.0,8.0,0.0,0.0,0.0
659,-0.99,0.0,1.0,8.0,0.0,0.0,0.0
660,-0.99,0.0,1.0,8.0,0.0,0.0,0.0
661,-0.99,0.0,1.0,8.0,0.0,0.0,0.0
662,-0.98,0.0,1.0,8.0,0.0,0.0,0.0
663,-0.98,0.0,1.0,8.0,0.0,0.0,0.0
664,-0.97,0.0,1.0,8.0,0.0,0.0,0.0
665,-0.97,0.0,1.0,8.0,0.0,0.0,0.0
666,-0.97,0.0,1.0,8.0,0.0,0.0,0.0
667,-0.97,0.0,1.0,8.0,0.0,0.0,0.0
668,-0.97,0.0,1.0,8.0,0.0,0.0,0.0
669,-0.97,0.0,1.0,8.0,0.0,0.0,0.0
670,-0.98,0.0,1.0,8.0,0.0,0.0,0.0
671,-0.98,0.0,1.0,8.0,0.0,0.0,0.0
672,-0.98,0.0,1.0,8.0,0.0,0.0,0.0
673,-0.97,0.0,1.0,8.0,0.0,0.0,0.0
674,-0.97,0.0,1.0,8.0,0.0,0.0,0.0
675,-0.97,0.0,1.0,8.0,0.0,0.0,0.0
676,-0.97,0.0,1.0,8.0,0.0,0.0,0.0
677,-0.97,0.0,1.0,8.0,0.0,0.0,0.0
678,-0.97,0.0,1.0,8.0,0.0,0.0,0.0
679,-0.96,0.0,1.0,8.0,0.0,0.0,0.0
680,-0.96,0.0,1.0,8.0,0.0,0.0,0.0
681,-0.96,0.0,1.0,8.0,0.0,0.0,0.0
682,-0.96,0.0,1.0,8.0,0.0,0.0,0.0
683,-0.96,0.0,1.0,8.0,0.0,0.0,0.0
684,-0.96,0.0,1.0,8.0,0.0,0.0,0.0
685,-0.95,0.0,1.0,8.0,0.0,0.0,0.0
686,-0.95,0.0,1.0,8.0,0.0,0.0,0.0
687,-0.95,0.0,1.0,8.0,0.0,0.0,0.0
688,-0.95,0.0,1.0,8.0,0.0,0.0,0.0
689,-0.95,0.0,1.0,8.0,0.0,0.0,0.0
690,-0.95,0.0,1.0,8.0,0.0,0.0,0.0
691,-0.95,0.0,1.0,8.0,0.0,0.0,0.0
692,-0.95,0.0,1.0,8.0,0.0,0.0,0.0
693,-0.95,0.0,1.0,8.0,0.0,0.0,0.0
694,-0.95,0.0,1.0,8.0,0.0,0.0,0.0
695,-0.96,0.0,1.0,8.0,0.0,0.0,0.0
696,-0.95,0.0,1.0,8.0,0.0,0.0,0.0
697,-0.95,0.0,1.0,8.0,0.0,0.0,0.0
698,-0.95,0.0,1.0,8.0,0.0,0.0,0.0
699,-0.94,0.0,1.0,8.0,0.0,0.0,0.0
700,-0.94,0.0,1.0,8.0,0.0,0.0,0.0
701,-0.94,0.01,1.0,7.9,0.0,0.0,0.0
702,-0.85,0.14,1.0,5.78,0.0,0.0,0.0
703,-0.81,0.33,1.0,3.71,0.0,0.0,0.0
704,-0.86,0.41,1.0,4.09,0.0,0.0,0.0
705,-0.86,0.41,1.0,4.71,0.0,0.0,0.0
706,-0.86,0.4,1.0,4.81,0.0,0.0,0.0
707,-0.94,0.27,1.0,6.93,0.0,0.0,0.0
708,-0.97,0.08,1.0,9.0,0.0,0.0,0.0
709,-0.92,0.0,1.0,8.68,0.0,0.0,0.0
710,-0.91,0.0,1.0,8.01,0.0,0.0,0.0
711,-0.92,0.0,1.0,8.0,0.0,0.0,0.0
712,-0.92,0.0,1.0,8.0,0.0,0.0,0.0
713,-0.92,0.0,1.0,8.0,0.0,0.0,0.0
714,-0.92,0.0,1.0,8.0,0.0,0.0,0.0
715,-0.92,0.0,1.0,8.0,0.0,0.0,0.0
716,-0.92,0.0,1.0,8.0,0.0,0.0,0.0
717,-0.92,0.0,1.0,8.0,0.0,0.0,0.0
718,-0.92,0.0,1.0,8.0,0.0,0.0,0.0
719,-0.93,0.0,1.0,8.0,0.0,0.0,0.0
720,-0.92,0.0,1.0,8.0,0.0,0.0,0.0
721,-0.93,0.0,1.0,8.0,0.0,0.0,0.0
722,-0.92,0.0,1.0,8.0,0.0,0.0,0.0
723,-0.92,0.0,1.0,8.0,0.0,0.0,0.0
724,-0.92,0.0,1.0,8.0,0.0,0.0,0.0
725,-0.92,0.0,1.0,8.0,0.0,0.0,0.0
726,-0.92,0.0,1.0,8.0,0.0,0.0,0.0
727,-0.93,0.0,1.0,8.0,0.0,0.0,0.0
728,-0.93,0.0,1.0,8.0,0.0,0.0,0.0
729,-0.93,0.0,1.0,8.0,0.0,0.0,0.0
730,-0.93,0.0,1.0,8.0,0.0,0.0,0.0
731,-0.93,0.0,1.0,8.0,0.0,0.0,0.0
732,-0.93,0.0,1.0,8.0,0.0,0.0,0.0
733,-0.93,0.0,1.0,8.0,0.0,0.0,0.0
734,-0.94,0.0,1.0,8.0,0.0,0.0,0.0
735,-0.94,0.0,1.0,8.0,0.0,0.0,0.0
736,-0.94,0.0,1.0,8.0,0.0,0.0,0.0
737,-0.94,0.0,1.0,8.0,0.0,0.0,0.0
738,-0.94,0.0,1.0,8.0,0.0,0.0,0.0
739,-0.95,0.0,1.0,8.0,0.0,0.0,0.0
740,-0.95,0.0,1.0,8.0,0.0,0.0,0.0
741,-0.95,0.0,1.0,8.0,0.0,0.0,0.0
742,-0.95,0.0,1.0,8.0,0.0,0.0,0.0
743,-0.95,0.0,1.0,8.0,0.0,0.0,0.0
744,-0.95,0.0,1.0,8.0,0.0,0.0,0.0
745,-0.95,0.0,1.0,8.0,0.0,0.0,0.0
746,-0.95,0.0,1.0,8.0,0.0,0.0,0.0
747,-0.95,0.0,1.0,8.0,0.0,0.0,0.0
748,-0.95,0.0,1.0,8.0,0.0,0.0,0.0
749,-0.95,0.0,1.0,8.0,0.0,0.0,0.0
750,-0.96,0.0,1.0,8.0,0.0,0.0,0.0
751,-0.96,0.0,1.0,8.0,0.0,0.0,0.0
752,-0.96,0.0,1.0,8.0,0.0,0.0,0.0
753,-0.96,0.0,1.0,8.0,0.0,0.0,0.0
754,-0.96,0.0,1.0,8.0,0.0,0.0,0.0
755,-0.97,0.0,1.0,8.0,0.0,0.0,0.0
756,-0.97,0.0,1.0,8.0,0.0,0.0,0.0
757,-0.97,0.0,1.0,8.0,0.0,0.0,0.0
758,-0.97,0.0,1.0,8.0,0.0,0.0,0.0
759,-0.97,0.0,1.0,8.0,0.0,0.0,0.0
760,-0.97,0.0,1.0,8.0,0.0,0.0,0.0
761,-0.97,0.0,1.0,8.0,0.0,0.0,0.0
762,-0.97,0.0,1.0,8.0,0.0,0.0,0.0
763,-0.98,0.0,1.0,8.0,0.0,0.0,0.0
764,-0.98,0.0,1.0,8.0,0.0,0.0,0.0
765,-0.98,0.0,1.0,8.0,0.0,0.0,0.0
766,-0.99,0.0,1.0,8.0,0.0,0.0,0.0
767,-0.98,0.0,1.0,8.0,0.0,0.0,0.0
768,-0.98,0.0,1.0,8.0,0.0,0.0,0.0
769,-0.98,0.0,1.0,8.0,0.0,0.0,0.0
770,-0.99,0.0,1.0,8.0,0.0,0.0,0.0
771,-0.99,0.0,1.0,8.0,0.0,0.0,0.0
772,-0.99,0.0,1.0,8.0,0.0,0.0,0.0
773,-0.99,0.0,1.0,8.0,0.0,0.0,0.0
774,-0.99,0.0,1.0,8.0,0.0,0.0,0.0
775,-0.99,0.0,1.0,8.0,0.0,0.0,0.0
776,-1.0,0.0,1.0,8.0,0.0,0.0,0.0
777,-1.0,0.0,1.0,8.0,0.0,0.0,0.0
778,-1.0,0.0,1.0,8.0,0.0,0.0,0.0
779,-1.0,0.0,1.0,8.0,0.0,0.0,0.0
780,-1.0,0.0,1.0,8.0,0.0,0.0,0.0
781,-1.0,0.0,1.0,8.0,0.0,0.0,0.0
782,-1.0,0.0,1.0,8.0,0.0,0.0,0.0
783,-1.0,0.0,1.0,8.0,0.0,0.0,0.0
784,-1.0,0.0,1.0,8.0,0.0,0.0,0.0
785,-1.0,0.0,1.0,8.0,0.0,0.0,0.0
786,-1.0,0.0,1.0,8.0,0.0,0.0,0.0
787,-1.0,0.0,1.0,8.0,0.0,0.0,0.0
788,-1.0,0.0,1.0,8.0,0.0,0.0,0.0
789,-0.99,0.0,1.0,8.0,0.0,0.0,0.0
790,-0.99,0.0,1.0,8.0,0.0,0.0,0.0
791,-0.99,0.0,1.0,8.0,0.0,0.0,0.0
792,-0.99,0.0,1.0,8.0,0.0,0.0,0.0
793,-0.99,0.0,1.0,8.0,0.0,0.0,0.0
794,-1.0,0.0,1.0,8.0,0.0,0.0,0.0
795,-1.0,0.0,1.0,8.0,0.0,0.0,0.0
796,-1.0,0.0,1.0,8.0,0.0,0.0,0.0
797,-1.0,0.0,1.0,8.0,0.0,0.0,0.0
798,-1.0,0.0,1.0,8.0,0.0,0.0,0.0
799,-1.0,0.0,1.0,8.0,0.0,0.0,0.0
800,-1.0,0.0,1.0,8.0,0.0,0.0,0.0
801,-1.0,0.0,1.0,8.0,0.0,0.0,0.0
802,-1.0,0.0,1.0,8.0,0.0,0.0,0.0
803,-1.0,0.0,1.0,8.0,0.0,0.0,0.0
804,-1.0,0.0,1.0,8.0,0.0,0.0,0.0
805,-1.01,0.0,1.0,8.0,0.0,0.0,0.0
806,-1.01,0.0,1.0,8.0,0.0,0.0,0.0
807,-1.01,0.0,1.0,8.0,0.0,0.0,0.0
808,-1.02,0.0,1.0,8.0,0.0,0.0,0.0
809,-1.02,0.0,1.0,8.0,0.0,0.0,0.0
810,-1.02,0.0,1.0,8.0,0.0,0.0,0.0
811,-1.02,0.0,1.0,8.0,0.0,0.0,0.0
812,-1.02,0.0,1.0,8.0,0.0,0.0,0.0
813,-1.02,0.0,1.0,8.0,0.0,0.0,0.0
814,-1.02,0.0,1.0,8.0,0.0,0.0,0.0
815,-1.02,0.0,1.0,8.0,0.0,0.0,0.0
816,-1.02,0.0,1.0,8.0,0.0,0.0,0.0
817,-1.02,0.0,1.0,8.0,0.0,0.0,0.0
818,-1.02,0.0,1.0,8.0,0.0,0.0,0.0
819,-1.02,0.0,1.0,8.0,0.0,0.0,0.0
820,-1.02,0.0,1.0,8.0,0.0,0.0,0.0
821,-1.03,0.0,1.0,8.0,0.0,0.0,0.0
822,-1.03,0.0,1.0,8.0,0.0,0.0,0.0
823,-1.03,0.0,1.0,8.0,0.0,0.0,0.0
824,-1.03,0.0,1.0,8.0,0.0,0.0,0.0
825,-1.03,0.0,1.0,8.0,0.0,0.0,0.0
826,-1.03,0.0,1.0,8.0,0.0,0.0,0.0
827,-1.03,0.0,1.0,8.0,0.0,0.0,0.0
828,-1.02,0.0,1.0,8.0,0.0,0.0,0.0
829,-1.02,0.0,1.0,8.0,0.0,0.0,0.0
830,-1.02,0.0,1.0,8.0,0.0,0.0,0.0
831,-1.02,0.0,1.0,8.0,0.0,0.0,0.0
832,-1.02,0.0,1.0,8.0,0.0,0.0,0.0
833,-1.02,0.0,1.0,8.0,0.0,0.0,0.0
834,-1.02,0.0,1.0,8.0,0.0,0.0,0.0
835,-1.02,0.0,1.0,8.0,0.0,0.0,0.0
836,-1.02,0.0,1.0,8.0,0.0,0.0,0.0
837,-1.02,0.0,1.0,8.0,0.0,0.0,0.0
838,-1.02,0.0,1.0,8.0,0.0,0.0,0.0
839,-1.02,0.0,1.0,8.0,0.0,0.0,0.0
840,-1.03,0.0,1.0,8.0,0.0,0.0,0.0
841,-1.03,0.0,1.0,8.0,0.0,0.0,0.0
842,-1.03,0.0,1.0,8.0,0.0,0.0,0.0
843,-1.03,0.0,1.0,8.0,0.0,0.0,0.0
844,-1.03,0.0,1.0,8.0,0.0,0.0,0.0
845,-1.03,0.0,1.0,8.0,0.0,0.0,0.0
846,-1.03,0.0,1.0,8.0,0.0,0.0,0.0
847,-1.03,0.0,1.0,8.0,0.0,0.0,0.0
848,-1.03,0.0,1.0,8.0,0.0,0.0,0.0
849,-1.03,0.0,1.0,8.0,0.0,0.0,0.0
850,-1.02,0.0,1.0,8.0,0.0,0.0,0.0
851,-1.02,0.0,1.0,8.0,0.0,0.0,0.0
852,-1.02,0.0,1.0,8.0,0.0,0.0,0.0
853,-1.02,0.0,1.0,8.0,0.0,0.0,0.0
854,-1.03,0.0,1.0,8.0,0.0,0.0,0.0
855,-1.03,0.0,1.0,8.0,0.0,0.0,0.0
856,-1.03,0.0,1.0,8.0,0.0,0.0,0.0
857,-1.02,0.0,1.0,8.0,0.0,0.0,0.0
858,-1.02,0.0,1.0,8.0,0.0,0.0,0.0
859,-1.02,0.0,1.0,8.0,0.0,0.0,0.0
860,-1.02,0.0,1.0,8.0,0.0,0.0,0.0
861,-1.02,0.0,1.0,8.0,0.0,0.0,0.0
862,-1.02,0.0,1.0,8.0,0.0,0.0,0.0
863,-1.02,0.0,1.0,8.0,0.0,0.0,0.0
864,-1.02,0.0,1.0,8.0,0.0,0.0,0.0
865,-1.02,0.0,1.0,8.0,0.0,0.0,0.0
866,-1.02,0.0,1.0,8.0,0.0,0.0,0.0
867,-1.01,0.0,1.0,8.0,0.0,0.0,0.0
868,-1.01,0.0,1.0,8.0,0.0,0.0,0.0
869,-1.01,0.0,1.0,8.0,0.0,0.0,0.0
870,-1.01,0.0,1.0,8.0,0.0,0.0,0.0
871,-1.01,0.0,1.0,8.0,0.0,0.0,0.0
872,-1.01,0.0,1.0,8.0,0.0,0.0,0.0
873,-1.01,0.0,1.0,8.0,0.0,0.0,0.0
874,-1.01,0.0,1.0,8.0,0.0,0.0,0.0
875,-1.01,0.0,1.0,8.0,0.0,0.0,0.0
876,-1.01,0.0,1.0,8.0,0.0,0.0,0.0
877,-1.01,0.0,1.0,8.0,0.0,0.0,0.0
878,-1.01,0.0,1.0,8.0,0.0,0.0,0.0
879,-1.01,0.0,1.0,8.0,0.0,0.0,0.0
880,-1.01,0.0,1.0,8.0,0.0,0.0,0.0
881,-1.01,0.0,1.0,8.0,0.0,0.0,0.0
882,-1.01,0.0,1.0,8.0,0.0,0.0,0.0
883,-1.01,0.0,1.0,8.0,0.0,0.0,0.0
884,-1.01,0.0,1.0,8.0,0.0,0.0,0.0
885,-1.01,0.0,1.0,8.0,0.0,0.0,0.0
886,-1.01,0.0,1.0,8.0,0.0,0.0,0.0
887,-1.01,0.0,1.0,8.0,0.0,0.0,0.0
888,-1.01,0.0,1.0,8.0,0.0,0.0,0.0
889,-1.01,0.0,1.0,8.0,0.0,0.0,0.0
890,-1.01,0.0,1.0,8.0,0.0,0.0,0.0
891,-1.01,0.0,1.0,8.0,0.0,0.0,0.0
892,-1.01,0.0,1.0,8.0,0.0,0.0,0.0
893,-1.01,0.0,1.0,8.0,0.0,0.0,0.0
894,-1.02,0.0,1.0,8.0,0.0,0.0,0.0
895,-1.02,0.0,1.0,8.0,0.0,0.0,0.0
896,-1.02,0.0,1.0,8.0,0.0,0.0,0.0
897,-1.02,0.0,1.0,8.0,0.0,0.0,0.0
898,-1.02,0.0,1.0,8.0,0.0,0.0,0.0
899,-1.02,0.0,1.0,8.0,0.0,0.0,0.0
900,-1.02,0.0,1.0,8.0,0.0,0.0,0.0
901,-1.01,0.0,1.0,8.0,0.0,0.0,0.0
902,-1.01,0.0,1.0,8.0,0.0,0.0,0.0
903,-1.01,0.0,1.0,8.0,0.0,0.0,0.0
904,-1.01,0.0,1.0,8.0,0.0,0.0,0.0
905,-1.01,0.0,1.0,8.0,0.0,0.0,0.0
906,-1.0,0.0,1.0,8.0,0.0,0.0,0.0
907,-1.0,0.0,1.0,8.0,0.0,0.0,0.0
908,-1.0,0.0,1.0,8.0,0.0,0.0,0.0
909,-1.0,0.0,1.0,8.0,0.0,0.0,0.0
910,-1.0,0.0,1.0,8.0,0.0,0.0,0.0
911,-1.0,0.0,1.0,8.0,0.0,0.0,0.0
912,-1.0,0.0,1.0,8.0,0.0,0.0,0.0
913,-1.01,0.0,1.0,8.0,0.0,0.0,0.0
914,-1.01,0.0,1.0,8.0,0.0,0.0,0.0
915,-1.01,0.0,1.0,8.0,0.0,0.0,0.0
916,-1.01,0.0,1.0,8.0,0.0,0.0,0.0
917,-1.01,0.0,1.0,8.0,0.0,0.0,0.0
918,-1.01,0.0,1.0,8.0,0.0,0.0,0.0
919,-1.01,0.0,1.0,8.0,0.0,0.0,0.0
920,-1.0,0.0,1.0,8.0,0.0,0.0,0.0
921,-1.0,0.0,1.0,8.0,0.0,0.0,0.0
922,-1.0,0.0,1.0,8.0,0.0,0.0,0.0
923,-1.0,0.0,1.0,8.0,0.0,0.0,0.0
924,-1.01,0.0,1.0,8.0,0.0,0.0,0.0
925,-1.01,0.0,1.0,8.0,0.0,0.0,0.0
926,-1.01,0.0,1.0,8.0,0.0,0.0,0.0
927,-1.01,0.0,1.0,8.0,0.0,0.0,0.0
928,-1.01,0.0,1.0,8.0,0.0,0.0,0.0
929,-1.01,0.0,1.0,8.0,0.0,0.0,0.0
930,-1.01,0.0,1.0,8.0,0.0,0.0,0.0
931,-1.01,0.0,1.0,8.0,0.0,0.0,0.0
932,-1.01,0.0,1.0,8.0,0.0,0.0,0.0
933,-1.0,0.0,1.0,8.0,0.0,0.0,0.0
934,-1.0,0.0,1.0,8.0,0.0,0.0,0.0
935,-1.0,0.0,1.0,8.0,0.0,0.0,0.0
936,-1.0,0.0,1.0,8.0,0.0,0.0,0.0
937,-1.0,0.0,1.0,8.0,0.0,0.0,0.0
938,-1.0,0.0,1.0,8.0,0.0,0.0,0.0
939,-1.0,0.0,1.0,8.0,0.0,0.0,0.0
940,-1.0,0.0,1.0,8.0,0.0,0.0,0.0
941,-1.0,0.0,1.0,8.0,0.0,0.0,0.0
942,-1.0,0.0,1.0,8.0,0.0,0.0,0.0
943,-1.0,0.0,1.0,8.0,0.0,0.0,0.0
944,-1.0,0.0,1.0,8.0,0.0,0.0,0.0
945,-1.0,0.0,1.0,8.0,0.0,0.0,0.0
946,-1.0,0.0,1.0,8.0,0.0,0.0,0.0
947,-1.0,0.0,1.0,8.0,0.0,0.0,0.0
948,-1.0,0.0,1.0,8.0,0.0,0.0,0.0
949,-1.0,0.0,1.0,8.0,0.0,0.0,0.0
950,-1.0,0.0,1.0,8.0,0.0,0.0,0.0
951,-1.0,0.0,1.0,8.0,0.0,0.0,0.0
952,-0.99,0.0,1.0,8.0,0.0,0.0,0.0
953,-0.99,0.0,1.0,8.0,0.0,0.0,0.0
954,-0.99,0.0,1.0,8.0,0.0,0.0,0.0
955,-0.99,0.0,1.0,8.0,0.0,0.0,0.0
956,-0.99,0.0,1.0,8.0,0.0,0.0,0.0
957,-0.99,0.0,1.0,8.0,0.0,0.0,0.0
958,-0.99,0.0,1.0,8.0,0.0,0.0,0.0
959,-0.98,0.0,1.0,8.0,0.0,0.0,0.0
960,-0.98,0.0,1.0,8.0,0.0,0.0,0.0
961,-0.98,0.0,1.0,8.0,0.0,0.0,0.0
962,-0.98,0.0,1.0,8.0,0.0,0.0,0.0
963,-0.98,0.0,1.0,8.0,0.0,0.0,0.0
964,-0.98,0.0,1.0,8.0,0.0,0.0,0.0
965,-0.98,0.0,1.0,8.0,0.0,0.0,0.0
966,-0.97,0.0,1.0,8.0,0.0,0.0,0.0
967,-0.97,0.0,1.0,8.0,0.0,0.0,0.0
968,-0.96,0.0,1.0,8.0,0.0,0.0,0.0
969,-0.96,0.0,1.0,8.0,0.0,0.0,0.0
970,-0.96,0.0,1.0,8.0,0.0,0.0,0.0
971,-0.96,0.0,1.0,8.0,0.0,0.0,0.0
972,-0.96,0.0,1.0,8.0,0.0,0.0,0.0
973,-0.96,0.0,1.0,8.0,0.0,0.0,0.0
974,-0.96,0.0,1.0,8.0,0.0,0.0,0.0
975,-0.96,0.0,1.0,8.0,0.0,0.0,0.0
976,-0.96,0.0,1.0,8.0,0.0,0.0,0.0
977,-0.96,0.0,1.0,8.0,0.0,0.0,0.0
978,-0.96,0.0,1.0,8.0,0.0,0.0,0.0
979,-0.96,0.0,1.0,8.0,0.0,0.0,0.0
980,-0.96,0.0,1.0,8.0,0.0,0.0,0.0
981,-0.96,0.0,1.0,8.0,0.0,0.0,0.0
982,-0.96,0.0,1.0,8.0,0.0,0.0,0.0
983,-0.96,0.0,1.0,8.0,0.0,0.0,0.0
984,-0.96,0.0,1.0,8.0,0.0,0.0,0.0
985,-0.96,0.0,1.0,8.0,0.0,0.0,0.0
986,-0.96,0.0,1.0,8.0,0.0,0.0,0.0
987,-0.96,0.0,1.0,8.0,0.0,0.0,0.0
988,-0.96,0.0,1.0,8.0,0.0,0.0,0.0
989,-0.96,0.0,1.0,8.0,0.0,0.0,0.0
990,-0.96,0.0,1.0,8.0,0.0,0.0,0.0
991,-0.95,0.0,1.0,8.0,0.0,0.0,0.0
992,-0.95,0.0,1.0,8.0,0.0,0.0,0.0
993,-0.95,0.0,1.0,8.0,0.0,0.0,0.0
994,-0.95,0.0,1.0,8.0,0.0,0.0,0.0
995,-0.94,0.0,1.0,8.0,0.0,0.0,0.0
996,-0.94,0.0,1.0,8.0,0.0,0.0,0.0
997,-0.94,0.0,1.0,8.0,0.0,0.0,0.0
998,-0.94,0.0,1.0,8.0,0.0,0.0,0.0
999,-0.93,0.0,1.0,8.0,0.0,0.0,0.0
1000,-0.93,0.0,1.0,8.0,0.0,0.0,0.0
1001,-0.93,0.0,1.0,8.0,0.0,0.0,0.0
1002,-0.93,0.0,1.0,8.0,0.0,0.0,0.0
1003,-0.93,0.0,1.0,8.0,0.0,0.0,0.0
1004,-0.93,0.0,1.0,8.0,0.0,0.0,0.0
1005,-0.93,0.0,1.0,8.0,0.0,0.0,0.0
1006,-0.93,0.0,1.0,8.0,0.0,0.0,0.0
1007,-0.92,0.0,1.0,8.0,0.0,0.0,0.0
1008,-0.92,0.0,1.0,8.0,0.0,0.0,0.0
1009,-0.92,0.0,1.0,8.0,0.0,0.0,0.0
1010,-0.92,0.0,1.0,8.0,0.0,0.0,0.0
1011,-0.92,0.0,1.0,8.0,0.0,0.0,0.0
1012,-0.92,0.0,1.0,8.0,0.0,0.0,0.0
1013,-0.91,0.0,1.0,8.0,0.0,0.0,0.0
1014,-0.91,0.0,1.0,8.0,0.0,0.0,0.0
1015,-0.91,0.0,1.0,8.0,0.0,0.0,0.0
1016,-0.91,0.0,1.0,8.0,0.0,0.0,0.0
1017,-0.91,0.0,1.0,8.0,0.0,0.0,0.0
1018,-0.91,0.0,1.0,8.0,0.0,0.0,0.0
1019,-0.91,0.0,1.0,8.0,0.0,0.0,0.0
1020,-0.91,0.0,1.0,8.0,0.0,0.0,0.0
1021,-0.91,0.0,1.0,8.0,0.0,0.0,0.0
1022,-0.91,0.0,1.0,8.0,0.0,0.0,0.0
1023,-0.91,0.0,1.0,8.0,0.0,0.0,0.0
1024,-0.91,0.0,1.0,8.0,0.0,0.0,0.0
1025,-0.91,0.0,1.0,8.0,0.0,0.0,0.0
1026,-0.92,0.0,1.0,8.0,0.0,0.0,0.0
1027,-0.92,0.0,1.0,8.0,0.0,0.0,0.0
1028,-0.92,0.0,1.0,8.0,0.0,0.0,0.0
1029,-0.92,0.0,1.0,8.0,0.0,0.0,0.0
1030,-0.92,0.0,1.0,8.0,0.0,0.0,0.0
1031,-0.92,0.0,1.0,8.0,0.0,0.0,0.0
1032,-0.92,0.0,1.0,8.0,0.0,0.0,0.0
1033,-0.92,0.0,1.0,8.0,0.0,0.0,0.0
1034,-0.93,0.0,1.0,8.0,0.0,0.0,0.0
1035,-0.93,0.0,1.0,8.0,0.0,0.0,0.0
1036,-0.93,0.0,1.0,8.0,0.0,0.0,0.0
1037,-0.93,0.0,1.0,8.0,0.0,0.0,0.0
1038,-0.93,0.0,1.0,8.0,0.0,0.0,0.0
1039,-0.94,0.0,1.0,8.0,0.0,0.0,0.0
1040,-0.94,0.0,1.0,8.0,0.0,0.0,0.0
1041,-0.94,0.0,1.0,8.0,0.0,0.0,0.0
1042,-0.94,0.0,1.0,8.0,0.0,0.0,0.0
1043,-0.95,0.0,1.0,8.0,0.0,0.0,0.0
1044,-0.95,0.0,1.0,8.0,0.0,0.0,0.0
1045,-0.95,0.0,1.0,8.0,0.0,0.0,0.0
1046,-0.96,0.0,1.0,8.0,0.0,0.0,0.0
1047,-0.96,0.0,1.0,8.0,0.0,0.0,0.0
1048,-0.96,0.0,1.0,8.0,0.0,0.0,0.0
1049,-0.96,0.0,1.0,8.0,0.0,0.0,0.0
1050,-0.96,0.0,1.0,8.0,0.0,0.0,0.0
1051,-0.96,0.0,1.0,8.0,0.0,0.0,0.0
1052,-0.96,0.0,1.0,8.0,0.0,0.0,0.0
1053,-0.96,0.0,1.0,8.0,0.0,0.0,0.0
1054,-0.96,0.0,1.0,8.0,0.0,0.0,0.0
1055,-0.96,0.0,1.0,8.0,0.0,0.0,0.0
1056,-0.96,0.0,1.0,8.0,0.0,0.0,0.0
1057,-0.96,0.0,1.0,8.0,0.0,0.0,0.0
1058,-0.96,0.0,1.0,8.0,0.0,0.0,0.0
1059,-0.96,0.0,1.0,8.0,0.0,0.0,0.0
1060,-0.96,0.0,1.0,8.0,0.0,0.0,0.0
1061,-0.97,0.0,1.0,8.0,0.0,0.0,0.0
1062,-0.97,0.0,1.0,8.0,0.0,0.0,0.0
1063,-0.97,0.0,1.0,8.0,0.0,0.0,0.0
1064,-0.97,0.0,1.0,8.0,0.0,0.0,0.0
1065,-0.97,0.0,1.0,8.0,0.0,0.0,0.0
1066,-0.97,0.0,1.0,8.0,0.0,0.0,0.0
1067,-0.97,0.0,1.0,8.0,0.0,0.0,0.0
1068,-0.97,0.0,1.0,8.0,0.0,0.0,0.0
1069,-0.97,0.0,1.0,8.0,0.0,0.0,0.0
1070,-0.96,0.0,1.0,8.0,0.0,0.0,0.0
1071,-0.96,0.0,1.0,8.0,0.0,0.0,0.0
1072,-0.96,0.0,1.0,8.0,0.0,0.0,0.0
1073,-0.96,0.0,1.0,8.0,0.0,0.0,0.0
1074,-0.96,0.0,1.0,8.0,0.0,0.0,0.0
1075,-0.96,0.0,1.0,8.0,0.0,0.0,0.0
1076,-0.95,0.0,1.0,8.0,0.0,0.0,0.0
1077,-0.95,0.0,1.0,8.0,0.0,0.0,0.0
1078,-0.95,0.0,1.0,8.0,0.0,0.0,0.0
1079,-0.95,0.0,1.0,8.0,0.0,0.0,0.0
1080,-0.95,0.0,1.0,8.0,0.0,0.0,0.0
1081,-0.95,0.0,1.0,8.0,0.0,0.0,0.0
1082,-0.95,0.0,1.0,8.0,0.0,0.0,0.0
1083,-0.95,0.0,1.0,8.0,0.0,0.0,0.0
1084,-0.95,0.0,1.0,8.0,0.0,0.0,0.0
1085,-0.95,0.0,1.0,8.0,0.0,0.0,0.0
1086,-0.96,0.0,1.0,8.0,0.0,0.0,0.0
1087,-0.96,0.0,1.0,8.0,0.0,0.0,0.0
1088,-0.96,0.0,1.0,8.0,0.0,0.0,0.0
1089,-0.96,0.0,1.0,8.0,0.0,0.0,0.0
1090,-0.96,0.0,1.0,8.0,0.0,0.0,0.0
1091,-0.96,0.0,1.0,8.0,0.0,0.0,0.0
1092,-0.96,0.0,1.0,8.0,0.0,0.0,0.0
1093,-0.96,0.0,1.0,8.0,0.0,0.0,0.0
1094,-0.96,0.0,1.0,8.0,0.0,0.0,0.0
1095,-0.95,0.0,1.0,8.0,0.0,0.0,0.0
1096,-0.95,0.0,1.0,8.0,0.0,0.0,0.0
1097,-0.95,0.0,1.0,8.0,0.0,0.0,0.0
1098,-0.95,0.0,1.0,8.0,0.0,0.0,0.0
1099,-0.96,0.0,1.0,8.0,0.0,0.0,0.0
1100,-0.96,0.0,1.0,8.0,0.0,0.0,0.0
1101,-0.96,0.0,1.0,8.0,0.0,0.0,0.0
1102,-0.96,0.0,1.0,8.0,0.0,0.0,0.0
1103,-0.96,0.0,1.0,8.0,0.0,0.0,0.0
1104,-0.95,0.0,1.0,8.0,0.0,0.0,0.0
1105,-0.95,0.0,1.0,8.0,0.0,0.0,0.0
1106,-0.96,0.0,1.0,8.0,0.0,0.0,0.0
1107,-0.96,0.0,1.0,8.0,0.0,0.0,0.0
1108,-0.96,0.0,1.0,8.0,0.0,0.0,0.0
1109,-0.96,0.0,1.0,8.0,0.0,0.0,0.0
1110,-0.96,0.0,1.0,8.0,0.0,0.0,0.0
1111,-0.96,0.0,1.0,8.0,0.0,0.0,0.0
1112,-0.96,0.0,1.0,8.0,0.0,0.0,0.0
1113,-0.97,0.0,1.0,8.0,0.0,0.0,0.0
1114,-0.97,0.0,1.0,8.0,0.0,0.0,0.0
1115,-0.97,0.0,1.0,8.0,0.0,0.0,0.0
1116,-0.97,0.0,1.0,8.0,0.0,0.0,0.0
1117,-0.97,0.0,1.0,8.0,0.0,0.0,0.0
1118,-0.97,0.0,1.0,8.0,0.0,0.0,0.0
1119,-0.97,0.0,1.0,8.0,0.0,0.0,0.0
1120,-0.97,0.0,1.0,8.0,0.0,0.0,0.0
1121,-0.97,0.0,1.0,8.0,0.0,0.0,0.0
1122,-0.97,0.0,1.0,8.0,0.0,0.0,0.0
1123,-0.97,0.0,1.0,8.0,0.0,0.0,0.0
1124,-0.97,0.0,1.0,8.0,0.0,0.0,0.0
1125,-0.97,0.0,1.0,8.0,0.0,0.0,0.0
1126,-0.97,0.0,1.0,8.0,0.0,0.0,0.0
1127,-0.97,0.0,1.0,8.0,0.0,0.0,0.0
1128,-0.97,0.0,1.0,8.0,0.0,0.0,0.0
1129,-0.97,0.0,1.0,8.0,0.0,0.0,0.0
1130,-0.97,0.0,1.0,8.0,0.0,0.0,0.0
1131,-0.97,0.0,1.0,8.0,0.0,0.0,0.0
1132,-0.97,0.0,1.0,8.0,0.0,0.0,0.0
1133,-0.97,0.0,1.0,8.0,0.0,0.0,0.0
1134,-0.97,0.0,1.0,8.0,0.0,0.0,0.0
1135,-0.96,0.0,1.0,8.0,0.0,0.0,0.0
1136,-0.96,0.0,1.0,8.0,0.0,0.0,0.0
1137,-0.96,0.0,1.0,8.0,0.0,0.0,0.0
1138,-0.96,0.0,1.0,8.0,0.0,0.0,0.0
1139,-0.96,0.0,1.0,8.0,0.0,0.0,0.0
1140,-0.96,0.0,1.0,8.0,0.0,0.0,0.0
1141,-0.96,0.0,1.0,8.0,0.0,0.0,0.0
1142,-0.96,0.0,1.0,8.0,0.0,0.0,0.0
1143,-0.96,0.0,1.0,8.0,0.0,0.0,0.0
1144,-0.96,0.0,1.0,8.0,0.0,0.0,0.0
1145,-0.96,0.0,1.0,8.0,0.0,0.0,0.0
1146,-0.95,0.0,1.0,8.0,0.0,0.0,0.0
1147,-0.95,0.0,1.0,8.0,0.0,0.0,0.0
1148,-0.95,0.0,1.0,8.0,0.0,0.0,0.0
1149,-0.95,0.0,1.0,8.0,0.0,0.0,0.0
1150,-0.94,0.0,1.0,8.0,0.0,0.0,0.0
1151,-0.94,0.0,1.0,8.0,0.0,0.0,0.0
1152,-0.94,0.0,1.0,8.0,0.0,0.0,0.0
1153,-0.94,0.0,1.0,8.0,0.0,0.0,0.0
1154,-0.94,0.0,1.0,8.0,0.0,0.0,0.0
1155,-0.94,0.0,1.0,8.0,0.0,0.0,0.0
1156,-0.93,0.0,1.0,8.0,0.0,0.0,0.0
1157,-0.93,0.0,1.0,8.0,0.0,0.0,0.0
1158,-0.93,0.0,1.0,8.0,0.0,0.0,0.0
1159,-0.93,0.0,1.0,8.0,0.0,0.0,0.0
1160,-0.93,0.0,1.0,8.0,0.0,0.0,0.0
1161,-0.92,0.0,1.0,8.0,0.0,0.0,0.0
1162,-0.92,0.0,1.0,8.0,0.0,0.0,0.0
1163,-0.92,0.0,1.0,8.0,0.0,0.0,0.0
1164,-0.92,0.0,1.0,8.0,0.0,0.0,0.0
1165,-0.92,0.0,1.0,8.0,0.0,0.0,0.0
1166,-0.92,0.0,1.0,8.0,0.0,0.0,0.0
1167,-0.91,0.0,1.0,8.0,0.0,0.0,0.0
1168,-0.91,0.0,1.0,8.0,0.0,0.0,0.0
1169,-0.91,0.0,1.0,8.0,0.0,0.0,0.0
1170,-0.91,0.0,1.0,8.0,0.0,0.0,0.0
1171,-0.91,0.0,1.0,8.0,0.0,0.0,0.0
1172,-0.91,0.0,1.0,8.0,0.0,0.0,0.0
1173,-0.9,0.0,1.0,8.0,0.0,0.0,0.0
1174,-0.9,0.0,1.0,8.0,0.0,0.0,0.0
1175,-0.91,0.0,1.0,8.0,0.0,0.0,0.0
1176,-0.88,0.03,1.0,7.55,0.0,0.0,0.0
1177,-0.87,0.04,1.0,7.64,0.0,0.0,0.0
1178,-0.81,0.1,1.0,6.61,0.0,0.0,0.0
1179,-0.71,0.15,1.0,6.43,0.0,0.0,0.0
1180,-0.59,0.19,1.0,6.08,0.0,0.0,0.0
1181,-0.48,0.2,1.0,6.26,0.0,0.0,0.0
1182,-0.35,0.23,1.0,5.93,0.0,0.0,0.0
1183,-0.27,0.23,1.0,6.23,0.0,0.0,0.0
1184,-0.27,0.26,1.0,5.69,0.0,0.0,0.0
1185,-0.27,0.29,1.0,5.43,0.0,0.0,0.0
1186,-0.24,0.32,1.0,5.13,0.0,0.0,0.0
1187,-0.23,0.36,1.0,4.76,0.0,0.0,0.0
1188,-0.22,0.37,1.0,4.91,0.0,0.0,0.0
1189,-0.28,0.35,1.0,5.44,0.0,0.0,0.0
1190,-0.3,0.27,1.0,6.43,0.0,0.0,0.0
1191,-0.34,0.2,1.0,7.01,0.0,0.0,0.0
1192,-0.39,0.12,1.0,7.66,0.0,0.0,0.0
1193,-0.44,0.05,1.0,8.19,0.0,0.0,0.0
1194,-0.36,0.0,1.0,8.41,0.0,0.0,0.0
1195,-0.36,0.0,1.0,8.02,0.0,0.0,0.0
1196,-0.36,0.0,1.0,8.0,0.0,0.0,0.0
1197,-0.36,0.0,1.0,8.0,0.0,0.0,0.0
1198,-0.36,0.0,1.0,8.0,0.0,0.0,0.0
1199,-0.36,0.0,1.0,8.0,0.0,0.0,0.0
1200,-0.36,0.0,1.0,8.0,0.0,0.0,0.0
1201,-0.36,0.0,1.0,8.0,0.0,0.0,0.0
1202,-0.36,0.0,1.0,8.0,0.0,0.0,0.0
1203,-0.36,0.0,1.0,8.0,0.0,0.0,0.0
1204,-0.36,0.0,1.0,8.0,0.0,0.0,0.0
1205,-0.36,0.0,1.0,8.0,0.0,0.0,0.0
1206,-0.36,0.0,1.0,8.0,0.0,0.0,0.0
1207,-0.36,0.0,1.0,8.0,0.0,0.0,0.0
1208,-0.32,0.0,1.0,7.99,0.0,0.0,0.0
1209,-0.29,0.0,1.0,7.99,0.0,0.0,0.0
1210,-0.26,0.0,1.0,7.99,0.0,0.0,0.0
1211,-0.04,0.0,1.0,7.96,0.0,0.0,0.0
1212,0.26,0.0,1.0,7.97,0.0,0.0,0.0
1213,1.74,0.0,1.0,7.99,0.0,0.0,0.0
1214,5.94,0.0,1.4,14.59,0.0,0.0,0.0
1215,11.04,0.0,1.4,11.18,0.0,0.0,0.0
1216,15.25,0.0,1.4,11.21,0.0,0.0,0.0
1217,18.71,0.0,1.4,11.21,0.0,0.0,0.0
1218,18.8,0.0,1.4,11.2,0.0,0.0,0.0
1219,13.33,0.0,1.4,11.2,0.0,0.0,0.0
1220,5.05,0.0,1.4,11.2,0.0,0.0,0.0
1221,-2.41,0.0,1.0,4.81,0.0,0.0,0.0
1222,-7.54,0.0,0.6,1.64,0.0,0.0,0.0
1223,-10.61,0.0,0.6,4.8,0.0,0.0,0.0
1224,-10.11,0.0,0.6,4.8,0.0,0.0,0.0
1225,-6.76,0.0,0.6,4.8,0.0,0.0,0.0
1226,-2.27,0.0,1.0,11.39,0.0,0.0,0.0
1227,1.35,0.0,1.0,8.0,0.0,0.0,0.0
1228,5.46,0.0,1.4,14.37,0.0,0.0,0.0
1229,8.25,0.0,1.4,11.17,0.0,0.0,0.0
1230,8.57,0.0,1.4,11.19,0.0,0.0,0.0
1231,7.21,0.0,1.4,11.17,0.0,0.0,0.0
1232,4.94,0.0,1.4,11.18,0.0,0.0,0.0
1233,2.28,0.0,1.0,4.55,0.0,0.0,0.0
1234,0.18,0.0,1.0,8.01,0.0,0.0,0.0
1235,-0.37,0.0,1.0,7.99,0.0,0.0,0.0
1236,-0.47,0.0,1.0,8.01,0.0,0.0,0.0
1237,-0.48,0.0,1.0,8.0,0.0,0.0,0.0
1238,-0.48,0.0,1.0,8.0,0.0,0.0,0.0
1239,-0.49,0.0,1.0,8.0,0.0,0.0,0.0
1240,-0.49,0.0,1.0,8.0,0.0,0.0,0.0
1241,-0.49,0.0,1.0,8.0,0.0,0.0,0.0
1242,-0.49,0.0,1.0,8.0,0.0,0.0,0.0
1243,-0.5,0.0,1.0,8.0,0.0,0.0,0.0
1244,-0.5,0.0,1.0,8.0,0.0,0.0,0.0
1245,-0.5,0.0,1.0,8.0,0.0,0.0,0.0
1246,-0.5,0.0,1.0,8.0,0.0,0.0,0.0
1247,-0.5,0.0,1.0,8.0,0.0,0.0,0.0
1248,-0.5,0.0,1.0,8.0,0.0,0.0,0.0
1249,-0.5,0.0,1.0,8.0,0.0,0.0,0.0
1250,-0.5,0.0,1.0,8.0,0.0,0.0,0.0
1251,-0.5,0.0,1.0,8.0,0.0,0.0,0.0
1252,-0.5,0.0,1.0,8.0,0.0,0.0,0.0
1253,-0.5,0.0,1.0,8.0,0.0,0.0,0.0
1254,-0.5,0.0,1.0,8.0,0.0,0.0,0.0
1255,-0.5,0.0,1.0,8.0,0.0,0.0,0.0
1256,-0.5,0.0,1.0,8.0,0.0,0.0,0.0
1257,-0.5,0.0,1.0,8.0,0.0,0.0,0.0
1258,-0.5,0.0,1.0,8.0,0.0,0.0,0.0
1259,-0.5,0.0,1.0,8.0,0.0,0.0,0.0
1260,-0.5,0.0,1.0,8.0,0.0,0.0,0.0
1261,-0.5,0.0,1.0,8.0,0.0,0.0,0.0
1262,-0.5,0.0,1.0,8.0,0.0,0.0,0.0
1263,-0.5,0.0,1.0,8.0,0.0,0.0,0.0
1264,-0.51,0.0,1.0,8.0,0.0,0.0,0.0
1265,-0.51,0.0,1.0,8.0,0.0,0.0,0.0
1266,-0.51,0.0,1.0,8.0,0.0,0.0,0.0
1267,-0.51,0.0,1.0,8.0,0.0,0.0,0.0
1268,-0.52,0.0,1.0,8.0,0.0,0.0,0.0
1269,-0.52,0.0,1.0,8.0,0.0,0.0,0.0
1270,-0.52,0.0,1.0,8.0,0.0,0.0,0.0
1271,-0.52,0.0,1.0,8.0,0.0,0.0,0.0
1272,-0.52,0.0,1.0,8.0,0.0,0.0,0.0
1273,-0.52,0.0,1.0,8.0,0.0,0.0,0.0
1274,-0.53,0.0,1.0,8.0,0.0,0.0,0.0
1275,-0.53,0.0,1.0,8.0,0.0,0.0,0.0
1276,-0.55,0.03,1.0,7.54,0.0,0.0,0.0
1277,-0.58,0.03,1.0,7.73,0.0,0.0,0.0
1278,-0.62,0.03,1.0,7.74,0.0,0.0,0.0
1279,-0.7,0.07,1.0,7.05,0.0,0.0,0.0
1280,-0.8,0.13,1.0,6.5,0.0,0.0,0.0
1281,-0.86,0.19,1.0,6.02,0.0,0.0,0.0
1282,-0.88,0.28,1.0,4.91,0.0,0.0,0.0
1283,-0.96,0.38,1.0,4.19,0.0,0.0,0.0
1284,-0.98,0.43,1.0,4.12,0.0,0.0,0.0
1285,-0.92,0.47,1.0,3.88,0.0,0.0,0.0
1286,-0.93,0.49,1.0,3.99,0.0,0.0,0.0
1287,-0.95,0.49,1.0,4.0,0.0,0.0,0.0
1288,-0.87,0.5,1.0,3.95,0.0,0.0,0.0
1289,-0.87,0.44,1.0,5.01,0.0,0.0,0.0
1290,-0.88,0.34,1.0,6.06,0.0,0.0,0.0
1291,-0.87,0.24,1.0,6.9,0.0,0.0,0.0
1292,-0.87,0.14,1.0,7.77,0.0,0.0,0.0
1293,-0.86,0.1,1.0,7.62,0.0,0.0,0.0
1294,-0.83,0.1,1.0,7.18,0.0,0.0,0.0
1295,-0.83,0.11,1.0,7.1,0.0,0.0,0.0
1296,-0.81,0.12,1.0,6.97,0.0,0.0,0.0
1297,-0.81,0.17,1.0,6.17,0.0,0.0,0.0
1298,-0.87,0.12,1.0,7.52,0.0,0.0,0.0
1299,-0.9,0.08,1.0,7.72,0.0,0.0,0.0
1300,-0.92,0.07,1.0,7.49,0.0,0.0,0.0
1301,-0.97,0.06,1.0,7.63,0.0,0.0,0.0
1302,-1.0,0.0,1.0,8.45,0.0,0.0,0.0
1303,-1.0,0.0,1.0,8.02,0.0,0.0,0.0
1304,-1.0,0.0,1.0,8.0,0.0,0.0,0.0
1305,-1.01,0.0,1.0,8.0,0.0,0.0,0.0
1306,-1.01,0.0,1.0,8.0,0.0,0.0,0.0
1307,-1.02,0.0,1.0,8.0,0.0,0.0,0.0
1308,-1.02,0.0,1.0,8.0,0.0,0.0,0.0
1309,-1.02,0.0,1.0,8.0,0.0,0.0,0.0
1310,-1.03,0.0,1.0,8.0,0.0,0.0,0.0
1311,-1.03,0.0,1.0,8.0,0.0,0.0,0.0
1312,-1.04,0.0,1.0,8.0,0.0,0.0,0.0
1313,-1.04,0.0,1.0,8.0,0.0,0.0,0.0
1314,-1.05,0.0,1.0,8.0,0.0,0.0,0.0
1315,-1.05,0.0,1.0,8.0,0.0,0.0,0.0
1316,-1.03,0.0,1.0,7.95,0.0,0.0,0.0
1317,-0.99,0.01,1.0,7.93,0.0,0.0,0.0
1318,-0.77,0.01,1.0,7.96,0.0,0.0,0.0
1319,-0.5,0.01,1.0,7.93,0.0,0.0,0.0
1320,-0.24,0.01,1.0,7.93,0.0,0.0,0.0
1321,0.1,0.01,1.0,7.93,0.0,0.0,0.0
1322,0.41,0.01,1.0,7.84,0.0,0.0,0.0
1323,0.69,0.01,1.0,7.88,0.0,0.0,0.0
1324,0.95,0.01,1.0,7.88,0.0,0.0,0.0
1325,1.05,0.02,1.0,7.87,0.0,0.0,0.0
1326,0.95,0.02,1.0,7.83,0.0,0.0,0.0
1327,0.86,0.01,1.0,7.98,0.0,0.0,0.0
1328,0.61,0.01,1.0,7.92,0.0,0.0,0.0
1329,0.43,0.04,1.0,7.5,0.0,0.0,0.0
1330,0.48,0.08,1.0,6.93,0.0,0.0,0.0
1331,0.66,0.13,1.0,6.6,0.0,0.0,0.0
1332,0.84,0.13,1.0,6.91,0.0,0.0,0.0
1333,1.01,0.14,1.0,6.9,0.0,0.0,0.0
1334,0.99,0.12,1.0,7.12,0.0,0.0,0.0
1335,0.92,0.07,1.0,7.8,0.0,0.0,0.0
1336,0.81,0.02,1.0,8.23,0.0,0.0,0.0
1337,0.71,0.02,1.0,7.89,0.0,0.0,0.0
1338,0.61,0.02,1.0,7.89,0.0,0.0,0.0
1339,0.62,0.0,1.0,8.12,0.0,0.0,0.0
1340,0.62,0.0,1.0,7.99,0.0,0.0,0.0
1341,0.59,0.0,1.0,7.98,0.0,0.0,0.0
1342,0.5,0.01,1.0,7.89,0.0,0.0,0.0
1343,0.36,0.01,1.0,7.93,0.0,0.0,0.0
1344,0.1,0.01,1.0,7.89,0.0,0.0,0.0
1345,-0.24,0.01,1.0,7.91,0.0,0.0,0.0
1346,-0.6,0.01,1.0,7.91,0.0,0.0,0.0
1347,-0.78,0.01,1.0,7.98,0.0,0.0,0.0
1348,-0.88,0.01,1.0,7.82,0.0,0.0,0.0
1349,-0.85,0.01,1.0,7.93,0.0,0.0,0.0
1350,-0.74,0.01,1.0,7.9,0.0,0.0,0.0
1351,-0.55,0.11,1.0,6.26,0.0,0.0,0.0
1352,-0.64,0.23,1.0,5.15,0.0,0.0,0.0
1353,-0.77,0.39,1.0,3.69,0.0,0.0,0.0
1354,-0.9,0.56,1.0,2.09,0.0,0.0,0.0
1355,-0.91,0.74,1.0,0.46,0.0,0.0,0.0
1356,-0.93,0.85,1.0,0.22,0.0,0.0,0.0
1357,-0.8,0.93,1.0,0,0.0,0.0,0.0
1358,-0.7,0.99,1.0,0,0.0,0.0,0.0
1359,-0.64,1.01,1.0,0,0.0,0.0,0.0
1360,-0.75,1.05,1.0,0,0.0,0.0,0.0
1361,-1.01,1.13,1.0,0,0.0,0.0,0.0
1362,-1.26,1.23,1.0,0,0.0,0.0,0.0
1363,-1.52,1.3,1.0,0,0.0,0.0,0.0
1364,-1.85,1.38,1.0,0,0.0,0.0,0.0
1365,-2.16,1.41,1.0,0,0.0,0.0,0.0
1366,-2.31,1.38,1.0,0,0.0,0.0,0.0
1367,-2.25,1.33,1.0,0,0.0,0.0,0.0
1368,-2.14,1.29,1.0,0,0.0,0.0,0.0
1369,-1.85,1.28,1.0,0,0.0,0.0,0.0
1370,-1.58,1.26,1.0,0,0.0,0.0,0.0
1371,-1.31,1.24,1.0,0,0.0,0.0,0.0
1372,-1.23,1.23,1.0,0,0.0,0.0,0.0
1373,-1.19,1.21,1.0,0,0.0,0.0,0.0
1374,-1.16,1.21,1.0,0,0.0,0.0,0.0
1375,-1.15,1.23,1.0,0,0.0,0.0,0.0
1376,-1.2,1.27,1.0,0,0.0,0.0,0.0
1377,-1.2,1.33,1.0,0,0.0,0.0,0.0
1378,-1.2,1.38,1.0,0,0.0,0.0,0.0
1379,-1.31,1.39,1.0,0,0.0,0.0,0.0
1380,-1.29,1.34,1.0,0,0.0,0.0,0.0
1381,-1.29,1.26,1.0,0,0.0,0.0,0.0
1382,-1.31,1.17,1.0,0,0.0,0.0,0.0
1383,-1.37,1.1,1.0,0,0.0,0.0,0.0
1384,-1.33,1.09,1.0,0,0.0,0.0,0.0
1385,-1.36,1.16,1.0,0,0.0,0.0,0.0
1386,-1.45,1.22,1.0,0,0.0,0.0,0.0
1387,-1.49,1.31,1.0,0,0.0,0.0,0.0
1388,-1.44,1.37,1.0,0,0.0,0.0,0.0
1389,-1.44,1.38,1.0,0,0.0,0.0,0.0
1390,-1.44,1.35,1.0,0,0.0,0.0,0.0
1391,-1.51,1.17,1.0,0.09,0.0,0.0,0.0
1392,-1.59,0.9,1.0,2.98,0.0,0.0,0.0
1393,-1.6,0.74,1.0,3.37,0.0,0.0,0.0
1394,-1.61,0.67,1.0,3.23,0.0,0.0,0.0
1395,-1.62,0.61,1.0,3.55,0.0,0.0,0.0
1396,-1.45,0.71,1.0,1.53,0.0,0.0,0.0
1397,-1.38,0.9,1.0,0,0.0,0.0,0.0
1398,-1.34,0.99,1.0,0,0.0,0.0,0.0
1399,-1.28,1.0,1.0,0.01,0.0,0.0,0.0
1400,-1.23,1.0,1.0,0.01,0.0,0.0,0.0
1401,-1.21,1.0,1.0,0.04,0.0,0.0,0.0
1402,-1.16,1.0,1.0,0,0.0,0.0,0.0
1403,-1.2,1.0,1.0,0.01,0.0,0.0,0.0
1404,-1.27,1.0,1.0,0.02,0.0,0.0,0.0
1405,-1.37,1.0,1.0,0,0.0,0.0,0.0
1406,-1.46,1.0,1.0,0,0.0,0.0,0.0
1407,-1.61,1.0,1.0,0.01,0.0,0.0,0.0
1408,-1.76,1.0,1.0,0.02,0.0,0.0,0.0
1409,-1.98,0.97,1.0,0.44,0.0,0.0,0.0
1410,-2.12,0.88,1.0,1.76,0.0,0.0,0.0
1411,-2.31,0.79,1.0,2.29,0.0,0.0,0.0
1412,-2.48,0.71,1.0,2.97,0.0,0.0,0.0
1413,-2.65,0.63,1.0,3.56,0.0,0.0,0.0
1414,-2.73,0.58,1.0,3.8,0.0,0.0,0.0
1415,-2.93,0.6,1.0,3.1,0.0,0.0,0.0
1416,-3.08,0.59,0.6,0,0.0,0.0,0.0
1417,-3.13,0.6,0.6,0.02,0.0,0.0,0.0
1418,-3.16,0.6,0.6,0.01,0.0,0.0,0.0
1419,-3.17,0.6,0.6,0.04,0.0,0.0,0.0
1420,-3.07,0.6,0.6,0.01,0.0,0.0,0.0
1421,-3.0,0.6,1.0,6.36,0.0,0.0,0.0
1422,-2.94,0.6,1.0,3.23,0.0,0.0,0.0
1423,-2.86,0.6,1.0,3.25,0.0,0.0,0.0
1424,-2.71,0.6,1.0,3.23,0.0,0.0,0.0
1425,-2.71,0.6,1.0,3.22,0.0,0.0,0.0
1426,-2.69,0.6,1.0,3.19,0.0,0.0,0.0
1427,-2.59,0.6,1.0,3.19,0.0,0.0,0.0
1428,-2.56,0.6,1.0,3.2,0.0,0.0,0.0
1429,-2.59,0.6,1.0,3.2,0.0,0.0,0.0
1430,-2.49,0.6,1.0,3.23,0.0,0.0,0.0
1431,-2.4,0.6,1.0,3.2,0.0,0.0,0.0
1432,-2.43,0.6,1.0,3.19,0.0,0.0,0.0
1433,-2.42,0.6,1.0,3.2,0.0,0.0,0.0
1434,-2.42,0.6,1.0,3.18,0.0,0.0,0.0
1435,-2.51,0.6,1.0,3.16,0.0,0.0,0.0
1436,-2.58,0.6,1.0,3.19,0.0,0.0,0.0
1437,-2.6,0.6,1.0,3.15,0.0,0.0,0.0
1438,-2.64,0.6,1.0,3.18,0.0,0.0,0.0
1439,-2.7,0.6,1.0,3.16,0.0,0.0,0.0
1440,-2.69,0.6,1.0,3.18,0.0,0.0,0.0
1441,-2.69,0.6,1.0,3.22,0.0,0.0,0.0
1442,-2.74,0.6,1.0,3.26,0.0,0.0,0.0
1443,-2.78,0.6,1.0,3.23,0.0,0.0,0.0
1444,-2.78,0.6,1.0,3.21,0.0,0.0,0.0
1445,-2.86,0.6,1.0,3.24,0.0,0.0,0.0
1446,-2.98,0.6,1.0,3.18,0.0,0.0,0.0
1447,-2.97,0.6,1.0,3.14,0.0,0.0,0.0
1448,-2.99,0.6,1.0,3.16,0.0,0.0,0.0
1449,-3.06,0.6,0.6,0,0.0,0.0,0.0
1450,-3.03,0.6,0.6,0.02,0.0,0.0,0.0
1451,-2.94,0.6,1.0,6.43,0.0,0.0,0.0
1452,-2.97,0.59,1.0,3.29,0.0,0.0,0.0
1453,-2.95,0.59,1.0,3.24,0.0,0.0,0.0
1454,-2.89,0.6,1.0,3.18,0.0,0.0,0.0
1455,-2.88,0.6,1.0,3.18,0.0,0.0,0.0
1456,-2.9,0.6,1.0,3.18,0.0,0.0,0.0
1457,-2.9,0.6,1.0,3.18,0.0,0.0,0.0
1458,-2.95,0.6,1.0,3.18,0.0,0.0,0.0
1459,-3.08,0.6,0.6,0,0.0,0.0,0.0
1460,-3.2,0.59,0.6,0.08,0.0,0.0,0.0
1461,-3.29,0.59,0.6,0.07,0.0,0.0,0.0
1462,-3.43,0.59,0.6,0.06,0.0,0.0,0.0
1463,-3.48,0.59,0.6,0.06,0.0,0.0,0.0
1464,-3.4,0.6,0.6,0,0.0,0.0,0.0
1465,-3.31,0.6,0.6,0,0.0,0.0,0.0
1466,-3.22,0.6,0.6,0,0.0,0.0,0.0
1467,-3.05,0.6,0.6,0.01,0.0,0.0,0.0
1468,-2.95,0.6,1.0,6.32,0.0,0.0,0.0
1469,-2.97,0.6,1.0,3.25,0.0,0.0,0.0
1470,-3.0,0.6,0.6,0,0.0,0.0,0.0
1471,-3.05,0.6,0.6,0.04,0.0,0.0,0.0
1472,-3.19,0.6,0.6,0,0.0,0.0,0.0
1473,-3.29,0.6,0.6,0,0.0,0.0,0.0
1474,-3.33,0.6,0.6,0,0.0,0.0,0.0
1475,-3.34,0.6,0.6,0.01,0.0,0.0,0.0
1476,-3.35,0.6,0.6,0,0.0,0.0,0.0
1477,-3.27,0.6,0.6,0,0.0,0.0,0.0
1478,-3.21,0.6,0.6,0.02,0.0,0.0,0.0
1479,-3.07,0.6,0.6,0,0.0,0.0,0.0
1480,-2.95,0.6,1.0,6.65,0.0,0.0,0.0
1481,-2.76,0.6,1.0,3.23,0.0,0.0,0.0
1482,-2.57,0.6,1.0,3.22,0.0,0.0,0.0
1483,-2.34,0.63,1.0,2.63,0.0,0.0,0.0
1484,-2.17,0.69,1.0,1.98,0.0,0.0,0.0
1485,-1.95,0.75,1.0,1.55,0.0,0.0,0.0
1486,-1.74,0.83,1.0,0.67,0.0,0.0,0.0
1487,-1.62,0.91,1.0,0,0.0,0.0,0.0
1488,-1.41,0.96,1.0,0,0.0,0.0,0.0
1489,-1.24,0.98,1.0,0,0.0,0.0,0.0
1490,-1.23,0.87,1.0,2.05,0.0,0.0,0.0
1491,-1.21,0.66,1.0,4.38,0.0,0.0,0.0
1492,-1.17,0.46,1.0,6.0,0.0,0.0,0.0
1493,-1.25,0.26,1.0,7.71,0.0,0.0,0.0
1494,-1.31,0.06,1.0,9.2,0.0,0.0,0.0
1495,-1.17,0.07,1.0,7.45,0.0,0.0,0.0
1496,-1.01,0.25,1.0,4.37,0.0,0.0,0.0
1497,-0.96,0.31,1.0,5.01,0.0,0.0,0.0
1498,-0.87,0.32,1.0,5.32,0.0,0.0,0.0
1499,-0.78,0.32,1.0,5.42,0.0,0.0,0.0
1500,-0.76,0.26,1.0,6.47,0.0,0.0,0.0
1501,-0.7,0.07,1.0,9.04,0.0,0.0,0.0
1502,-0.48,0.01,1.0,8.31,0.0,0.0,0.0
1503,-0.25,0.0,1.0,8.04,0.0,0.0,0.0
1504,0.07,0.0,1.0,7.97,0.0,0.0,0.0
1505,0.38,0.01,1.0,7.93,0.0,0.0,0.0
1506,0.56,0.01,1.0,7.92,0.0,0.0,0.0
1507,0.63,0.02,1.0,7.74,0.0,0.0,0.0
1508,0.69,0.02,1.0,7.86,0.0,0.0,0.0
1509,0.64,0.02,1.0,7.85,0.0,0.0,0.0
1510,0.56,0.02,1.0,7.87,0.0,0.0,0.0
1511,0.66,0.02,1.0,7.87,0.0,0.0,0.0
1512,0.79,0.01,1.0,8.03,0.0,0.0,0.0
1513,0.89,0.0,1.0,7.97,0.0,0.0,0.0
1514,1.0,0.0,1.0,7.96,0.0,0.0,0.0
1515,1.1,0.0,1.0,7.99,0.0,0.0,0.0
1516,1.07,0.0,1.0,8.01,0.0,0.0,0.0
1517,1.07,0.0,1.0,8.01,0.0,0.0,0.0
1518,1.06,0.0,1.0,8.0,0.0,0.0,0.0
1519,1.06,0.0,1.0,8.0,0.0,0.0,0.0
1520,1.05,0.0,1.0,8.0,0.0,0.0,0.0
1521,1.05,0.0,1.0,8.0,0.0,0.0,0.0
1522,1.05,0.0,1.0,8.0,0.0,0.0,0.0
1523,1.05,0.0,1.0,8.0,0.0,0.0,0.0
1524,1.04,0.0,1.0,8.0,0.0,0.0,0.0
1525,1.04,0.0,1.0,8.0,0.0,0.0,0.0
1526,1.04,0.0,1.0,8.0,0.0,0.0,0.0
1527,1.04,0.0,1.0,8.0,0.0,0.0,0.0
1528,1.03,0.0,1.0,8.0,0.0,0.0,0.0
1529,1.03,0.0,1.0,8.0,0.0,0.0,0.0
1530,1.02,0.0,1.0,8.0,0.0,0.0,0.0
1531,1.02,0.0,1.0,8.0,0.0,0.0,0.0
1532,1.02,0.0,1.0,8.0,0.0,0.0,0.0
1533,1.02,0.0,1.0,8.0,0.0,0.0,0.0
1534,1.02,0.0,1.0,8.0,0.0,0.0,0.0
1535,1.02,0.0,1.0,8.0,948.84,0.0,0.0
1536,1.01,0.0,1.0,8.0,1885.83,0.0,0.0
1537,1.01,0.0,1.0,8.0,2822.72,28.1999335,32.0989855
1538,1.01,0.0,1.0,8.0,3759.51,28.007848,32.2074491
1539,1.01,0.0,1.0,8.0,4707.58,28.0062955,32.2079477
1540,1.0,0.0,1.0,8.0,4695.34,28.0047428,32.2084462
1541,1.01,0.01,1.0,7.87,4672.61,28.187485,32.1045481
1542,1.01,0.07,1.0,6.99,4717.15,28.0016376,32.209443
1543,1.0,0.14,1.0,6.33,4810.41,27.6371898,32.4143151
1544,0.96,0.19,1.0,5.98,4906.94,28.7232977,31.7976081
1545,0.84,0.23,1.0,5.84,5031.07,29.493003,31.3517021
1546,0.71,0.26,1.0,5.72,5177.46,29.7209327,31.2179566
1547,0.63,0.24,1.0,6.27,5256.57,29.9722382,31.0697436
1548,0.52,0.21,1.0,6.61,5286.95,29.9707059,31.0703051
1549,0.4,0.18,1.0,6.74,5302.68,29.9691736,31.0708666
1550,0.33,0.18,1.0,6.65,5302.19,29.9676412,31.071428
1551,0.32,0.18,1.0,6.52,5318.64,29.9661089,31.0719893
1552,0.28,0.18,1.0,6.59,5318.15,29.9645765,31.0725506
1553,0.32,0.18,1.0,6.54,5256.67,30.2257209,30.9177116
1554,0.41,0.18,1.0,6.57,5273.12,29.9615117,31.0736731
1555,0.46,0.19,1.0,6.47,5277.81,29.0023663,31.6329633
1556,0.43,0.18,1.0,6.68,5210.35,30.221132,30.9194215
1557,0.36,0.18,1.0,6.6,5085.28,30.0373616,31.0278755
1558,0.28,0.17,1.0,6.61,5034.29,29.1711871,31.5342504
1559,0.15,0.18,1.0,6.56,5511.77,27.9752398,32.2179093
1560,0.11,0.21,1.0,6.05,6022.98,28.1858322,32.0983463
1561,0.09,0.24,1.0,5.76,6702.98,37.1887146,25.0261368
1562,0.13,0.23,1.0,6.36,7475.76,37.4930532,24.8154999
1563,0.14,0.19,1.0,6.82,8262.72,39.0595882,23.3971513
1564,0.2,0.15,1.0,7.08,8456.86,39.3079896,23.1827615
1565,0.24,0.09,1.0,7.86,8619.04,39.6794025,22.8572788
1566,0.3,0.02,1.0,8.34,8769.78,39.8633623,22.6759801
1567,0.31,0.01,1.0,8.0,8876.16,39.7256794,22.8563845
1568,0.36,0.01,1.0,7.91,8872.99,41.1124283,21.6294352
1569,0.41,0.01,1.0,7.94,8836.56,40.7569824,21.9826256
1570,0.49,0.01,1.0,7.94,8826.6,39.6362244,23.0805785
1571,0.57,0.01,1.0,7.91,8673.59,39.3657825,23.2744539
1572,0.66,0.0,1.0,8.02,8470.58,39.5896498,23.0553738
1573,0.73,0.0,1.0,7.98,8384.85,39.028349,23.5390998
1574,0.77,0.0,1.0,7.99,8318.83,37.9783886,24.4188544
1575,0.78,0.0,1.0,7.99,8236.37,38.4603004,24.0152335
1576,0.78,0.0,1.0,8.02,8160.66,38.4593849,24.0163885
1577,0.77,0.0,1.0,8.0,8161.09,38.4584692,24.0175434
1578,0.77,0.0,1.0,8.0,8126.56,37.9853891,24.4328552
1579,0.76,0.0,1.0,8.0,8092.03,37.9844454,24.4339796
1580,0.75,0.0,1.0,8.0,8057.5,37.9835016,24.435104
1581,0.75,0.0,1.0,8.0,8057.16,37.9825578,24.4362283
1582,0.75,0.0,1.0,8.0,8074.95,37.9816139,24.4373526
1583,0.76,0.0,1.0,7.97,8093.29,37.98067,24.4384769
1584,0.79,0.19,1.0,4.94,8039.65,38.2304681,24.2328756
1585,0.82,0.38,1.0,3.32,8056.9,38.2369744,24.2459622
1586,0.84,0.58,1.0,1.62,7977.44,37.237636,25.0247757
1587,0.84,0.78,1.0,0.19,8098.74,38.2200479,24.2240427
1588,0.72,0.98,1.0,0,8126.19,36.8755187,25.3127299
1589,0.58,1.0,1.0,0,8225.05,39.8940263,22.754593
1590,0.4,1.0,1.0,0,8196.37,38.6154129,23.7698831
1591,0.3,1.0,1.0,0.02,8303.09,38.6063781,23.7144261
1592,0.15,1.0,1.0,0,8142.67,37.8233248,24.3169178
1593,0.15,1.0,1.0,0.01,8003.79,38.3573598,23.9889489
1594,0.15,1.0,1.0,0.02,7928.05,37.6889836,24.3021716
1595,0.19,1.0,1.0,0,7966.42,36.687449,25.2233407
1596,0.08,1.0,1.0,0,7941.7,37.5592739,24.5716105
1597,0.01,1.0,1.0,0.03,7988.35,38.3538477,23.9936247
1598,-0.15,1.0,1.0,0,8134.94,38.0158568,24.1579533
1599,-0.3,1.0,1.0,0,8218.9,38.3342641,23.9486741
1600,-0.48,1.01,1.0,0,8278.29,38.7215514,23.5875454
1601,-0.53,1.0,1.0,0.01,8366.48,38.7193766,23.5638432
1602,-0.55,1.01,1.0,0,8352.32,39.1701906,23.1134557
1603,-0.45,1.0,1.0,0,8406.4,39.2295507,23.0815003
1604,-0.4,1.01,1.0,0,8406.2,38.1387868,24.0794614
1605,-0.28,1.0,1.0,0.01,8427.49,39.4630934,22.8838318
1606,-0.2,1.0,1.0,0,8444.39,38.7165864,23.5947793
1607,-0.07,1.0,1.0,0,8536.43,39.4615536,22.8863506
1608,0.01,1.0,1.0,0,8554.24,39.4607836,22.88761
1609,0.18,1.0,1.0,0.01,8609.78,39.4039364,22.8934601
1610,0.34,1.0,1.0,0,8573.19,39.7064704,22.6255245
1611,0.5,1.0,1.0,0,8466.19,39.4779714,22.8210376
1612,0.5,1.0,1.0,0.02,8462.98,38.9603447,23.4405984
1613,0.5,1.0,1.0,0,8255.81,37.9894789,24.1908093
1614,0.42,1.0,1.0,0,8273.67,39.3599745,23.0565732
1615,0.28,1.0,1.0,0,8169.01,36.8461723,25.1614701
1616,0.13,1.0,1.0,0.0,8243.76,39.7218972,22.73637
1617,0.11,1.0,1.0,0,8114.8,37.5152448,24.5827429
1618,0.1,1.0,1.0,0.03,8221.48,39.0191651,23.3407868
1619,0.14,1.0,1.0,0.0,7991.77,37.5828362,24.6197957
1620,0.19,0.99,1.0,0.08,7930.37,38.3279947,24.005197
1621,0.25,0.99,1.0,0.04,7712.87,36.5460425,25.4749067
1622,0.24,0.99,1.0,0.04,7616.92,36.6583237,25.463777
1623,0.17,0.99,1.0,0.04,7456.22,35.994866,25.9074266
1624,0.08,0.99,1.0,0.06,7493.41,36.2411509,25.850074
1625,-0.03,1.0,1.0,0,7546.19,36.0873907,26.0259059
1626,-0.16,1.0,1.0,0,7530.5,37.0665823,25.0051796
1627,-0.31,1.0,1.0,0,7446.55,37.3954814,24.8778491
1628,-0.46,1.0,1.0,0,7436.47,35.7729923,26.1702344
1629,-0.68,1.0,1.0,0,7515.34,35.0504578,26.7505124
1630,-0.84,1.0,1.0,0,7570.55,35.9450348,26.1868383
1631,-0.98,1.0,1.0,0,7794.34,38.1617049,24.1909394
1632,-1.0,1.0,1.0,0,7948.25,38.1608099,24.1920937
1633,-0.95,1.0,1.0,0,8156.3,38.8902404,23.5126869
1634,-0.7,1.01,1.0,0,8077.34,37.221177,24.7995585
1635,-0.52,1.0,1.0,0,8071.39,38.8409693,23.5356104
1636,-0.2,1.0,1.0,0.05,7997.65,37.0652975,25.0663184
1637,-0.14,1.0,1.0,0,7990.87,38.0786883,24.1240752
1638,-0.11,1.01,1.0,0,7963.59,37.8733023,24.4320442
1639,-0.18,1.01,1.0,0,7929.86,37.1267319,25.0761794
1640,-0.31,1.0,1.0,0.01,7981.42,38.465614,23.8628224
1641,-0.46,1.01,1.0,0,8013.65,36.5932929,25.4630537
1642,-0.51,1.01,1.0,0,8176.15,38.7893441,23.5853296
1643,-0.55,1.0,1.0,0,8290.91,38.3187515,24.0622006
1644,-0.85,1.01,1.0,0,8493.93,39.3706173,23.1487095
1645,-1.17,1.01,1.0,0,8517.96,40.0372286,22.565092
1646,-1.72,1.01,1.0,0,8537.97,39.4032434,23.0330866
1647,-2.08,0.99,1.0,0.15,8498.66,39.1191255,23.257089
1648,-2.42,0.91,1.0,1.45,8393.14,38.5944484,23.7267301
1649,-2.55,0.82,1.0,2.19,8354.88,38.8317079,23.5055769
1650,-2.37,0.73,1.0,2.84,8261.72,38.5927756,23.7291252
1651,-2.21,0.68,1.0,3.06,8186.23,38.8789814,23.4856599
1652,-1.9,0.64,1.0,3.12,7967.99,37.8354312,24.4247718
1653,-1.6,0.66,1.0,2.58,7727.77,37.5506978,24.6574803
1654,-1.21,0.74,1.0,1.37,7610.7,35.7913607,26.2148157
1655,-1.13,0.82,1.0,0.77,7742.31,35.2321562,26.6844742
1656,-1.0,0.87,1.0,0.54,7866.74,37.2601442,24.8943882
1657,-0.87,0.92,1.0,0.22,8119.0,39.6450709,22.9644363
1658,-0.76,0.98,1.0,0,8394.05,39.266407,23.2685199
1659,-0.78,0.99,1.0,0,8480.16,39.2982318,23.1464673
1660,-0.59,0.99,1.0,0.04,8394.31,39.071228,23.1994161
1661,-0.37,1.0,1.0,0,8336.85,38.4529743,23.9143984
1662,-0.11,1.0,1.0,0,8176.19,38.4676713,23.9944615
1663,0.06,1.01,1.0,0,8092.79,38.4772464,24.048987
1664,0.31,1.0,1.0,0.03,8145.72,37.0786859,25.0842717
1665,0.3,1.01,1.0,0,8031.13,37.9223185,24.4910041
1666,0.48,1.01,1.0,0,7830.39,39.1802396,23.3872743
1667,0.29,1.0,1.0,0.05,7825.33,36.8773415,25.3667776
1668,0.15,1.01,1.0,0,7819.66,35.674226,26.1871042
1669,-0.19,1.0,1.0,0.03,7662.43,37.0081194,25.0659913
1670,-0.31,1.0,1.0,0.08,7643.99,37.8437612,24.447383
1671,-0.56,0.99,1.0,0.08,7726.13,37.0062861,25.0681996
1672,-0.69,1.0,1.0,0,7736.46,36.6189917,25.3991082
1673,-0.74,0.99,1.0,0.09,7683.86,36.8310537,25.2844464
1674,-0.51,0.99,1.0,0.03,7706.28,37.1522379,25.1201795
1675,-0.47,1.0,1.0,0,7880.06,37.1124943,25.1173949
1676,-0.2,1.0,1.0,0.04,7965.17,37.3190574,24.876453
1677,-0.15,0.99,1.0,0.07,8100.7,39.0277629,23.3989841
1678,-0.01,1.0,1.0,0,8160.34,38.0149958,24.3097872
1679,-0.05,0.9,1.0,1.59,8176.4,39.0261102,23.4014209
1680,0.06,0.71,1.0,3.96,8085.46,37.9411898,24.2808982
1681,-0.07,0.51,1.0,5.6,8068.0,37.5423734,24.6976554
1682,0.01,0.31,1.0,7.17,7977.06,37.774053,24.5092737
1683,-0.07,0.11,1.0,8.73,7964.8,37.7731486,24.5104103
1684,-0.07,0.01,1.0,8.76,7998.37,37.772244,24.5115469
1685,-0.08,0.0,1.0,8.06,8069.02,37.7713395,24.5126834
1686,-0.08,0.0,1.0,8.0,8139.66,38.0078441,24.3189872
1687,-0.14,0.01,1.0,7.9,8229.09,38.7491837,23.7010631
1688,-0.11,0.01,1.0,7.95,8462.88,38.7483226,23.7022553
1689,-0.14,0.01,1.0,7.94,8679.53,39.0053497,23.4847328
1690,-0.13,0.01,1.0,7.92,8805.04,40.9716382,21.7505711
1691,-0.18,0.01,1.0,7.9,8913.4,40.9708801,21.751896
1692,-0.16,0.01,1.0,7.98,9003.0,40.4636808,22.2334562
1693,-0.23,0.01,1.0,7.95,8949.84,40.2298803,22.3767545
1694,-0.23,0.01,1.0,7.96,8896.67,40.2291031,22.3780413
1695,-0.26,0.0,1.0,7.99,8880.85,40.2500918,22.3367965
1696,-0.24,0.0,1.0,8.0,8898.28,40.2493239,22.3380882
1697,-0.22,0.0,1.0,8.02,8917.57,40.2485559,22.3393799
1698,-0.22,0.02,1.0,7.71,8935.26,40.4668586,22.1233108
1699,-0.2,0.07,1.0,7.09,8952.95,40.491261,22.0781175
1700,-0.1,0.15,1.0,6.24,8968.79,40.4905206,22.079431
1701,-0.07,0.26,1.0,4.91,8871.6,40.4897802,22.0807444
1702,-0.08,0.43,1.0,3.18,8720.31,40.463858,22.1285434
1703,0.25,0.6,1.0,1.8,8524.28,39.1410018,23.3758164
1704,0.34,0.75,1.0,0.7,8444.11,38.4221448,24.0004628
1705,0.45,0.82,1.0,0.83,8350.98,37.8031374,24.5648222
1706,0.57,0.85,1.0,1.05,8354.76,39.3970837,23.1387436
1707,0.7,0.84,1.0,1.34,8410.78,39.193621,23.3327856
1708,0.46,0.77,1.0,2.39,8480.66,39.1927799,23.3340038
1709,0.35,0.64,1.0,4.03,8347.06,39.1919387,23.3352219
1710,0.27,0.52,1.0,4.75,8178.48,38.7675734,23.7707605
1711,0.24,0.39,1.0,5.87,8028.68,37.5559988,24.7521648
1712,0.23,0.23,1.0,7.26,7894.43,36.8612988,25.3066196
1713,0.27,0.11,1.0,7.87,7775.49,37.1228701,25.1325846
1714,0.38,0.04,1.0,8.3,7744.17,37.3386444,24.942457
1715,0.36,0.01,1.0,8.22,7762.62,37.1209399,25.1347547
1716,0.36,0.0,1.0,8.03,7762.27,37.1199748,25.1358396
1717,0.36,0.0,1.0,8.01,7746.37,37.1190096,25.1369245
1718,0.36,0.0,1.0,8.0,7777.82,37.1180443,25.1380094
1719,0.35,0.0,1.0,8.0,7840.51,37.1170791,25.1390943
1720,0.35,0.0,1.0,8.0,7887.21,37.5587994,24.767888
1721,0.34,0.0,1.0,8.0,7933.91,37.9907779,24.4136958
1722,0.34,0.0,1.0,8.0,7964.38,37.7684955,24.5808046
1723,0.33,0.0,1.0,8.0,7963.04,37.7675715,24.581932
1724,0.33,0.0,1.0,8.0,7929.59,37.5412184,24.7653203
1725,0.33,0.0,1.0,8.0,7896.68,37.5402846,24.7664351
1726,0.32,0.0,1.0,8.0,7879.21,37.526917,24.7612383
1727,0.32,0.0,1.0,8.0,7894.4,37.3112857,24.952546
1728,0.32,0.0,1.0,7.99,7908.86,37.5250605,24.7634722
1729,0.32,0.0,1.0,7.99,7924.22,37.752086,24.5802126
1730,0.31,0.0,1.0,7.99,7955.01,37.7409988,24.5726643
1731,0.31,0.0,1.0,7.99,7987.35,37.7400861,24.5737963
1732,0.31,0.0,1.0,7.99,7986.89,37.7391733,24.5749283
1733,0.3,0.0,1.0,8.01,7987.16,37.9734636,24.3842685
1734,0.3,0.0,1.0,8.0,7987.44,37.7457306,24.5709725
1735,0.3,0.0,1.0,8.0,7987.71,37.7448179,24.5721047
1736,0.29,0.0,1.0,8.0,7988.59,37.7439051,24.5732368
1737,0.29,0.0,1.0,8.0,7989.68,37.7429923,24.5743689
1738,0.28,0.0,1.0,8.0,7990.76,37.9856049,24.3769624
1739,0.28,0.0,1.0,8.0,7991.84,37.760761,24.579396
1740,0.28,0.0,1.0,8.0,7975.41,37.7598418,24.5805257
1741,0.27,0.0,1.0,8.0,7941.39,37.7589226,24.5816554
1742,0.27,0.0,1.0,8.0,7923.54,37.5148272,24.780512
1743,0.27,0.0,1.0,8.0,7905.69,37.513897,24.7816278
1744,0.26,0.0,1.0,8.0,7887.83,37.5129667,24.7827436
1745,0.26,0.0,1.0,8.0,7905.74,37.5120364,24.7838593
1746,0.26,0.0,1.0,8.0,7923.64,37.5111061,24.784975
1747,0.29,0.01,1.0,7.91,7941.54,37.7633152,24.5817139
1748,0.31,0.01,1.0,7.85,7960.19,37.7623956,24.5828436
1749,0.36,0.03,1.0,7.68,8010.07,37.761476,24.5839732
1750,0.4,0.06,1.0,7.24,8042.36,37.7709645,24.609937
1751,0.43,0.11,1.0,6.77,8074.66,38.2020588,24.2213273
1752,0.44,0.15,1.0,6.51,8090.15,38.210123,24.2484575
1753,0.48,0.19,1.0,6.23,8026.15,38.2092115,24.249607
1754,0.51,0.22,1.0,5.98,7915.21,37.9761425,24.4404608
1755,0.55,0.23,1.0,6.1,7785.8,36.8798399,25.3714484
1756,0.59,0.24,1.0,6.05,7652.68,36.6588278,25.5440158
1757,0.61,0.25,1.0,5.96,7572.11,36.40778,25.7424833
1758,0.58,0.25,1.0,5.95,7553.69,36.3546816,25.752617
1759,0.57,0.3,1.0,5.3,7552.66,36.8552526,25.4161461
1760,0.5,0.36,1.0,4.77,7536.68,36.6219105,25.5977094
1761,0.41,0.44,1.0,3.87,7524.4,36.6442509,25.595928
1762,0.29,0.54,1.0,3.03,7459.29,36.1828594,25.9708351
1763,0.15,0.67,1.0,1.51,7280.43,36.1818208,25.9718524
1764,-0.02,0.72,1.0,1.71,7301.54,35.9398985,26.1764018
1765,-0.17,0.77,1.0,1.5,7342.89,34.0751009,27.6071254
1766,-0.31,0.75,1.0,2.13,7313.48,36.9397711,25.1752326
1767,-0.42,0.72,1.0,2.46,7292.03,36.7637457,25.3855761
1768,-0.51,0.68,1.0,3.01,7437.02,35.7663982,26.2311943
1769,-0.64,0.66,1.0,2.8,7392.65,35.6361376,26.3410098
1770,-0.68,0.67,1.0,2.63,7391.56,36.1456514,25.9861868
1771,-0.7,0.7,1.0,2.2,7272.77,36.3174537,25.8242617
1772,-0.74,0.72,1.0,1.96,7352.31,36.7485201,25.4794609
1773,-0.77,0.72,1.0,2.23,7596.29,34.0659086,27.6142751
1774,-0.65,0.6,1.0,4.31,7844.27,36.7570098,25.393099
1775,-0.66,0.45,1.0,5.62,8062.67,39.527964,22.9775838
1776,-0.71,0.31,1.0,6.77,8468.37,39.7492474,22.7672793
1777,-0.76,0.15,1.0,7.99,8706.43,39.7645979,22.7321298
1778,-0.74,0.04,1.0,8.47,8743.96,39.7477061,22.7698234
1779,-0.82,0.03,1.0,7.9,8744.87,40.0408422,22.5124973
1780,-0.83,0.03,1.0,7.81,8750.07,40.0400856,22.513787
1781,-0.78,0.03,1.0,7.79,8778.97,39.7615516,22.7372367
1782,-0.78,0.03,1.0,7.66,8809.41,39.8355647,22.6907892
1783,-0.84,0.02,1.0,8.01,8823.21,40.1415911,22.421228
1784,-0.89,0.02,1.0,7.84,8881.2,40.4548624,22.1422008
1785,-0.93,0.02,1.0,7.84,8958.14,40.2279279,22.364938
1786,-0.98,0.01,1.0,7.94,9037.64,40.5507607,22.076853
1787,-0.98,0.01,1.0,8.0,9123.23,40.881475,21.7781892
1788,-0.9,0.04,1.0,7.39,9252.33,41.2203074,21.4683707
1789,-0.79,0.23,1.0,4.8,9281.77,41.6139335,21.0771836
1790,-0.7,0.42,1.0,3.23,9090.97,41.975834,20.7361926
1791,-0.55,0.62,1.0,1.49,8963.54,40.9499809,21.7317034
1792,-0.43,0.82,1.0,0,8790.65,38.2739607,24.1650033
1793,-0.39,0.98,1.0,0,8612.0,39.4879302,23.0648745
1794,-0.39,1.0,1.0,0,8356.77,39.2642907,23.276218
1795,-0.33,1.0,1.0,0,8204.68,39.5524183,23.0293339
1796,-0.33,1.0,1.0,0,8045.44,37.451424,24.8340091
1797,-0.27,1.0,1.0,0,8063.33,36.1535687,25.9714465
1798,-0.25,1.0,1.0,0,7952.61,37.2918154,25.1270104
1799,-0.2,1.0,1.0,0.05,8128.55,39.5090394,23.0077127
1800,-0.24,1.0,1.0,0.02,8398.44,38.0307308,24.0984373
1801,-0.19,0.99,1.0,0.06,8501.78,39.8725168,22.6404206
1802,-0.16,0.99,1.0,0.04,8398.42,39.8893528,22.6045198
1803,-0.02,0.99,1.0,0.06,8437.58,38.7215198,23.5383371
1804,0.08,1.0,1.0,0.01,8361.67,38.0886001,24.0805503
1805,0.22,0.99,1.0,0.08,8360.28,38.5711131,23.7963453
1806,0.28,1.0,1.0,0,8300.17,38.8336495,23.5558565
1807,0.29,1.0,1.0,0.01,8268.8,39.870467,22.7447812
1808,0.17,1.0,1.0,0,8205.25,37.8921025,24.4087249
1809,0.07,1.0,1.0,0.0,8030.64,37.654032,24.6199836
1810,-0.12,1.0,1.0,0,7752.09,37.6929883,24.5824788
1811,-0.25,1.0,1.0,0,7668.93,36.408823,25.6975616
1812,-0.26,1.0,1.0,0,7599.52,36.0117276,26.0517973
1813,-0.03,1.0,1.0,0.03,7464.79,36.7341486,25.4980568
1814,0.1,1.0,1.0,0,7313.9,36.6860164,25.5015905
1815,0.29,1.0,1.0,0.0,7302.17,35.8057114,26.1060534
1816,-0.15,1.0,1.0,0,7162.66,34.2602679,27.4402221
1817,-0.64,0.96,1.0,0.63,7132.29,35.8458254,26.3426706
1818,-1.57,0.89,1.0,1.43,7027.1,34.7576628,27.2337558
1819,-2.72,0.85,1.0,1.6,7105.33,36.2593656,26.0951445
1820,-3.77,0.76,0.6,0,7129.8,34.3026753,27.5183012
1821,-4.43,0.67,0.6,0.18,7165.27,35.3813957,26.6345713
1822,-5.25,0.63,0.6,0.12,7097.9,36.1913599,26.0470261
1823,-5.74,0.62,0.6,0,7335.84,35.2647244,26.7644558
1824,-6.0,0.58,0.6,0.44,7307.99,35.3054113,26.7485832
1825,-6.1,0.6,0.6,0,7279.54,37.6656489,24.9902314
1826,-5.79,0.6,0.6,0,7324.18,34.9840448,26.9934772
1827,-5.32,0.6,0.6,0,7350.82,35.7895915,26.4320779
1828,-4.62,0.6,0.6,0,7203.63,35.8982847,26.2938501
1829,-3.81,0.61,0.6,0,7176.08,35.683874,26.5095159
1830,-3.22,0.61,0.6,0,7084.14,35.6013077,26.5411365
1831,-2.82,0.61,1.0,6.29,7053.68,34.5890435,27.2756735
1832,-2.58,0.61,1.0,3.17,7038.29,34.4771824,27.326733
1833,-2.73,0.6,1.0,3.24,6935.18,35.4665328,26.5933954
1834,-2.97,0.6,1.0,3.21,6923.08,35.4654392,26.594362
1835,-3.28,0.61,0.6,0,6954.18,34.1242447,27.5681914
1836,-3.43,0.61,0.6,0.01,6891.63,34.414902,27.3564935
1837,-3.55,0.61,0.6,0,6934.62,34.9235906,26.9489485
1838,-3.38,0.61,0.6,0,7002.97,34.5724688,27.1848446
1839,-3.02,0.61,0.6,0,6945.01,36.0741886,26.0563486
1840,-2.49,0.6,1.0,6.72,6798.29,35.1064902,26.8258935
1841,-1.97,0.65,1.0,2.39,6669.8,33.5747164,27.9032118
1842,-1.26,0.73,1.0,1.5,6508.77,32.792155,28.446233
1843,-0.61,0.81,1.0,0.83,6518.64,32.6998993,28.4920234
1844,0.03,0.89,1.0,0.14,6469.96,33.7689245,27.7480225
1845,0.56,0.97,1.0,0,6442.44,35.2472869,26.6605685
1846,0.85,1.0,1.0,0,6455.09,32.8608137,28.3630455
1847,1.04,1.0,1.0,0.07,6425.24,32.3844453,28.6480348
1848,1.14,1.0,1.0,0,5819.76,32.8865985,28.3018988
1849,1.16,1.0,1.0,0.03,5515.86,33.3334578,27.9693842
1850,1.13,1.0,1.0,0,5836.31,25.9088209,33.2411803
1851,1.19,1.0,1.0,0.0,5966.0,28.1838825,31.9914561
1852,1.11,1.0,1.0,0.0,5973.05,36.989881,25.2311475
1853,1.02,1.0,1.0,0.02,6388.68,34.7712878,26.9141514
1854,0.85,1.0,1.0,0,6639.36,33.4366047,27.8528472
1855,0.73,1.0,1.0,0.02,6305.24,32.4893899,28.4935935
1856,0.57,1.0,1.0,0.03,6299.94,32.0708502,28.8035013
1857,0.63,1.0,1.0,0,6279.74,32.1809206,28.7502382
1858,0.66,1.0,1.0,0,6304.69,34.6951454,26.9461575
1859,0.84,1.0,1.0,0.02,6471.42,33.1407757,28.0622793
1860,1.06,1.0,1.0,0,6479.25,32.858491,28.2600256
1861,1.27,1.0,1.0,0.02,6404.84,34.5136559,26.9579708
1862,1.44,1.0,1.0,0,6355.07,32.2976318,28.6947143
1863,1.19,1.0,1.0,0,6434.63,33.6189322,27.7491182
1864,0.84,1.0,1.0,0.06,6400.47,32.4058454,28.6423211
1865,0.23,1.0,1.0,0.04,6523.4,34.0213555,27.4861305
1866,-0.07,1.0,1.0,0.03,6491.45,34.0202735,27.487059
1867,-0.45,0.99,1.0,0.06,6705.76,34.1011836,27.452185
1868,-0.29,0.99,1.0,0.03,6695.73,33.1516666,28.076607
1869,-0.13,1.0,1.0,0,6953.72,35.5152642,26.222226
1870,0.22,1.0,1.0,0,7183.11,33.8759614,27.5217991
1871,0.24,0.94,1.0,0.85,7480.5,37.6727593,24.6870984
1872,0.36,0.74,1.0,3.82,7714.02,37.3530067,24.904373
1873,0.38,0.54,1.0,5.37,8141.88,37.3925902,24.9263128
1874,0.39,0.34,1.0,6.97,8323.0,38.7740728,23.6618984
1875,0.42,0.14,1.0,8.56,8548.85,39.8713255,22.7244766
1876,0.5,0.01,1.0,9.04,9345.04,40.1601724,22.4721033
1877,0.58,0.01,1.0,7.96,10041.29,40.4554169,22.2114301
1878,0.62,0.01,1.0,7.91,10660.08,48.1611967,14.1041716
1879,0.61,0.01,1.0,7.9,11245.34,48.1608849,14.1060146
1880,0.61,0.01,1.0,7.9,11830.65,48.1972554,14.0541264
1881,0.6,0.01,1.0,8.01,11842.75,48.0313622,14.2975734
1882,0.56,0.08,1.0,6.82,11867.46,48.3244771,13.8697535
1883,0.57,0.26,1.0,4.54,11931.78,48.324187,13.8716126
1884,0.62,0.49,1.0,2.42,11842.21,48.4938688,13.6213432
1885,0.65,0.68,1.0,1.26,11766.24,49.0650063,12.7569611
1886,0.69,0.86,1.0,0,11591.48,46.8278534,15.9931122
1887,0.71,0.99,1.0,0,11456.46,47.3026417,15.3413669
1888,0.66,1.02,1.0,0,11212.21,45.9771801,17.1243999
1889,0.65,1.04,1.0,0,11201.02,46.6787097,16.1978537
1890,0.57,1.09,1.0,0,11209.39,45.7816641,17.3786481
1891,0.49,1.15,1.0,0,11285.86,46.6776998,16.2012466
1892,0.41,1.18,1.0,0,11300.33,47.4151793,15.1901254
1893,0.33,1.2,1.0,0,11441.35,47.0025993,15.7624048
1894,0.13,1.23,1.0,0,11515.49,46.8727334,15.940607
1895,0.04,1.25,1.0,0,11532.25,47.6736874,14.8293756
1896,0.01,1.25,1.0,0,11600.16,47.6733106,14.8311707
1897,0.08,1.22,1.0,0,11647.46,47.6404228,14.8790553
1898,0.24,1.15,1.0,0,11616.8,47.9150391,14.48841
1899,0.42,1.07,1.0,0.15,11596.02,47.5078085,15.0686341
1900,0.58,1.04,1.0,0,11598.3,47.2617481,15.413297
1901,0.58,1.04,1.0,0,11613.46,47.3940728,15.2303688
1902,0.53,1.08,1.0,0,11711.26,47.6710484,14.8419403
1903,0.49,1.15,1.0,0,11846.01,48.1190545,14.2001829
1904,0.31,1.13,1.0,0,11947.66,48.8249783,-5.3763631
1905,0.29,1.04,1.0,0.36,12025.03,49.0766597,-6.4853393
1906,0.15,0.96,1.0,0.97,12068.82,48.7626035,-4.5357536
1907,-0.13,0.91,1.0,1.11,12076.2,48.7130985,-3.3545942
1908,-0.48,0.84,1.0,1.83,12067.84,48.7093798,-3.782975
1909,-0.71,0.68,1.0,3.97,12087.58,48.9246044,-4.0442118
1910,-0.91,0.65,1.0,3.09,12108.35,48.9637408,-6.3140529
1911,-1.05,0.63,1.0,3.07,12134.58,49.0291346,-3.9942238
1912,-0.91,0.57,1.0,3.98,12178.32,48.9935966,-5.4155336
1913,-0.73,0.52,1.0,4.17,12202.38,49.0636558,-5.8508602
1914,-0.36,0.66,1.0,1.64,12206.0,49.5162834,-8.253113
1915,-0.04,0.66,1.0,2.66,12195.92,49.2890629,-7.9804573
1916,0.49,0.65,1.0,2.94,12164.44,49.0780271,-5.3824947
1917,0.94,0.65,1.0,2.75,12116.12,48.8574899,-4.1064115
1918,1.37,0.65,1.0,2.74,12098.24,48.6384499,-2.9229025
1919,1.68,0.66,1.0,2.74,12096.89,48.8627705,-3.6321647
1920,1.81,0.7,1.0,2.09,12090.24,49.0473328,-5.2741421
1921,1.82,0.75,1.0,1.51,12106.78,49.0597062,-4.8282032
1922,1.71,0.88,1.0,0,12133.07,48.7677145,-5.1321752
1923,1.5,1.02,1.0,0,12119.25,48.8617501,-4.1081247
1924,1.18,1.14,1.0,0,12114.75,49.2181177,-6.8526148
1925,0.83,1.24,1.0,0,12132.7,48.8605639,-4.1054205
1926,0.47,1.28,1.0,0,12132.99,48.9989192,-4.9331827
1927,0.13,1.25,1.0,0,12083.72,49.0101556,-4.4575566
1928,-0.11,1.22,1.0,0,12055.12,48.8656408,-3.6129623
1929,-0.25,1.19,1.0,0,12016.22,48.5527499,-2.9003407
1930,-0.32,1.14,1.0,0,11976.44,48.4745638,-2.493602
1931,-0.33,1.12,1.0,0,11964.04,48.4739082,-2.4922645
1932,-0.31,1.14,1.0,0,11958.21,48.4732527,-2.490927
1933,-0.33,1.17,1.0,0,11952.38,48.6983163,-3.7456443
1934,-0.41,1.19,1.0,0,11946.55,48.4741251,-2.9807744
1935,-0.45,1.24,1.0,0,11952.15,48.3959319,-1.6657854
1936,-0.6,1.28,1.0,0,11935.28,48.3952719,-1.664441
1937,-0.75,1.29,1.0,0,11946.49,48.5487926,-2.4331996
1938,-0.85,1.28,1.0,0,11963.24,48.4708193,-2.0418444
1939,-0.87,1.28,1.0,0,11980.2,48.6252477,-2.9234463
1940,-0.9,1.26,1.0,0,11974.63,48.6217865,-2.0097948
1941,-0.78,1.26,1.0,0,11975.16,48.624026,-2.8610775
1942,-0.75,1.26,1.0,0,11964.54,48.4736827,-2.094877
1943,-0.7,1.27,1.0,0,11953.79,48.4779603,-3.4727649
1944,-0.71,1.24,1.0,0,11943.16,48.4820198,-3.0455007
1945,-0.67,1.18,1.0,0,11959.21,48.4768182,-2.1455047
1946,-0.68,1.12,1.0,0,11974.9,48.4806992,-3.0428443
1947,-0.6,1.02,1.0,0.74,11969.28,48.6901669,-2.4143258
1948,-0.54,0.91,1.0,1.56,11969.6,48.689559,-2.412961
1949,-0.38,0.95,1.0,0.07,11974.61,48.4061976,-3.0912712
1950,-0.4,1.0,1.0,0,11964.05,48.4811458,-2.6294493
1951,-0.33,1.05,1.0,0,11963.86,48.5483208,-2.9847894
1952,-0.32,1.14,1.0,0,11984.63,48.5476759,-2.9834523
1953,-0.33,1.23,1.0,0,11999.54,48.6869463,-3.2768275
1954,-0.44,1.26,1.0,0,12009.37,48.6863271,-3.2754798
1955,-0.47,1.3,1.0,0,12019.33,48.6822406,-3.7181511
1956,-0.68,1.34,1.0,0,12008.66,48.6809788,-4.1771269
1957,-0.86,1.37,1.0,0,11997.99,48.6820335,-2.443171
1958,-0.97,1.35,1.0,0,11987.07,48.5430382,-2.534351
1959,-1.06,1.32,1.0,0,11986.89,48.5423984,-2.533006
1960,-1.11,1.24,1.0,0,11986.84,48.5348862,-1.6226169
1961,-1.09,1.16,1.0,0,12007.57,48.6784891,-3.7101176
1962,-1.08,1.11,1.0,0,12012.35,48.6813721,-3.2646998
1963,-1.08,1.09,1.0,0,12017.65,48.8227448,-1.7901384
1964,-1.05,1.09,1.0,0,11995.82,48.6069585,-1.977054
1965,-1.02,1.14,1.0,0,11979.14,48.6063399,-1.9756903
1966,-1.03,1.19,1.0,0,11963.15,48.3841365,-1.2987079
1967,-1.03,1.2,1.0,0,11957.53,48.4563505,-1.2618041
1968,-1.07,1.22,1.0,0,11962.69,48.6069934,-2.8843969
1969,-1.16,1.14,1.0,0,11973.75,48.5310885,-3.8190784
1970,-1.21,1.12,1.0,0,11979.4,48.6759772,-2.8307636
1971,-1.22,1.1,1.0,0,11967.61,48.5332138,-2.9323277
1972,-1.18,1.02,1.0,0.52,11961.4,48.5325676,-2.9309912
1973,-1.14,0.92,1.0,1.52,11944.79,48.448052,-1.9947614
1974,-0.91,0.91,1.0,0.87,11938.73,48.4474006,-1.9934169
1975,-0.74,0.84,1.0,1.78,10041.02,48.451871,-3.4198636
1976,-0.53,0.82,1.0,1.64,7669.21,48.4514779,-2.9527668
1977,-0.24,0.81,1.0,1.53,5297.97,47.46987,19.0486597
1978,0.14,0.87,1.0,0.6,2926.7,47.4763024,19.0610941
1979,0.46,0.94,1.0,0,554.93,47.4763042,19.0611023
1980,0.68,0.98,1.0,0,77.13,47.4763089,19.0611121
1981,0.79,0.94,1.0,0.8,77.1,47.4763042,19.0611089
1982,0.76,0.95,1.0,0.35,77.89,47.4763557,19.0611089
1983,0.74,0.91,1.0,1.05,77.2,47.4763458,19.0611649
1984,0.61,0.84,1.0,1.88,97.07,47.4763876,19.0611508
1985,0.6,0.82,1.0,1.67,110.3,47.476373,19.0611801
1986,0.61,0.83,1.0,1.21,126.95,47.4740091,19.057025
1987,0.62,0.84,1.0,1.17,141.62,47.4739879,19.0571623
1988,0.53,0.92,1.0,0,157.27,47.4739711,19.0571468
1989,0.39,0.96,1.0,0.06,153.16,47.473986,19.0571352
1990,0.22,0.97,1.0,0.22,153.71,47.4739988,19.0571214
1991,0.11,0.97,1.0,0.14,153.18,47.4739891,19.0570978
1992,0.06,0.97,1.0,0.23,153.13,47.4739749,19.0570773
1993,0.0,0.93,1.0,0.95,153.49,47.4739737,19.0570654
1994,0.06,0.94,1.0,0.32,153.68,47.4739734,19.0570589
1995,0.08,0.94,1.0,0.55,153.81,47.4739829,19.0570518
1996,0.02,0.93,1.0,0.56,154.18,47.473984,19.0570521
1997,-0.09,0.93,1.0,0.59,154.31,47.4739858,19.0570485
1998,-0.19,0.92,1.0,0.67,154.09,47.4739802,19.0570448
1999,-0.37,0.92,1.0,0.72,153.62,47.4739763,19.0570394
2000,-0.41,0.9,1.0,0.95,152.65,47.4739742,19.0570351
2001,-0.31,0.88,1.0,1.09,151.65,47.4739712,19.0570302
2002,-0.27,0.82,1.0,1.89,151.14,47.4739692,19.0570246
2003,-0.18,0.72,1.0,3.09,150.69,47.4739647,19.0570256
2004,0.06,0.62,1.0,3.83,150.31,47.4739599,19.0570219
2005,0.2,0.58,1.0,3.63,150.12,47.473961,19.0570211
2006,0.28,0.56,1.0,3.75,149.91,47.4739575,19.0570202
2007,0.46,0.45,1.0,5.28,149.6,47.473964,19.0570256
2008,0.58,0.37,1.0,5.68,149.41,47.4739677,19.0570311
2009,0.58,0.28,1.0,6.55,149.24,47.4739648,19.0570316
2010,0.58,0.15,1.0,7.94,148.79,47.4739625,19.0570276
2011,0.59,0.01,1.0,8.65,148.14,47.473965,19.0570265
2012,0.55,0.0,1.0,8.04,147.43,47.4739835,19.0570411
2013,0.55,0.0,1.0,8.01,146.69,47.4739884,19.0570498
2014,0.52,0.01,1.0,7.87,145.97,47.473985,19.0570467
2015,0.38,0.03,1.0,7.65,145.58,47.4739816,19.0570423
2016,0.18,0.04,1.0,7.53,145.48,47.4739804,19.0570388
2017,-0.02,0.04,1.0,7.62,145.57,47.4739791,19.0570372
2018,-0.21,0.05,1.0,7.62,145.7,47.4739689,19.0570272
2019,-0.38,0.06,1.0,7.44,145.87,47.4739626,19.0570164
2020,-0.17,0.04,1.0,7.74,146.0,47.4739631,19.0570161
2021,0.08,0.03,1.0,7.83,146.08,47.4739677,19.05702
2022,0.33,0.03,1.0,7.77,146.01,47.4739715,19.0570247
2023,0.57,0.04,1.0,7.55,145.95,47.473972,19.0570251
2024,0.79,0.02,1.0,7.99,145.79,47.4739717,19.0570244
2025,0.75,0.02,1.0,7.9,145.67,47.4739718,19.0570229
2026,0.7,0.09,1.0,6.58,145.63,47.4739743,19.057029
2027,0.59,0.18,1.0,5.76,145.69,47.4739737,19.0570301
2028,0.37,0.3,1.0,4.58,145.69,47.473972,19.057028
2029,0.12,0.46,1.0,3.05,145.79,47.4739696,19.0570214
2030,-0.17,0.64,1.0,2.3,145.97,47.4739693,19.0570198
2031,-0.46,0.74,1.0,1.89,146.17,47.4739676,19.057015
2032,-0.71,0.79,1.0,1.48,146.32,47.4739657,19.0570093
2033,-0.82,0.75,1.0,2.11,146.51,47.473963,19.0570018
2034,-0.88,0.67,1.0,2.92,146.67,47.4739615,19.0569968
2035,-0.89,0.57,1.0,4.3,146.83,47.4739597,19.0569923
2036,-0.9,0.45,1.0,5.44,146.95,47.4739583,19.0569883
2037,-0.93,0.32,1.0,6.61,147.04,47.4739558,19.0569832
2038,-0.99,0.22,1.0,7.01,147.14,47.4739532,19.0569782
2039,-1.06,0.15,1.0,7.38,147.26,47.4739509,19.0569743
2040,-1.15,0.08,1.0,7.97,147.35,47.4739485,19.0569711
2041,-1.24,0.05,1.0,7.77,147.44,47.4739469,19.056969
2042,-1.38,0.12,1.0,6.41,147.53,47.473946,19.0569677
2043,-1.51,0.22,1.0,5.35,147.62,47.4739445,19.0569652
2044,-1.77,0.32,1.0,4.58,147.7,47.4739423,19.0569619
2045,-2.14,0.41,1.0,4.41,147.81,47.4739397,19.0569569
2046,-2.59,0.45,1.0,4.26,147.96,47.4739368,19.0569514
2047,-2.99,0.44,1.0,4.54,148.1,47.4739336,19.0569461
2048,-3.45,0.43,0.6,0.15,148.24,47.4739306,19.0569411
2049,-3.88,0.43,0.6,1.3,148.39,47.4739285,19.0569368
2050,-4.27,0.46,0.6,1.09,148.5,47.4739263,19.0569334
2051,-4.35,0.47,0.6,0.99,148.56,47.4739247,19.0569292
2052,-4.23,0.5,0.6,0.66,148.62,47.4739238,19.0569266
2053,-3.96,0.5,0.6,0.83,148.67,47.4739237,19.0569256
2054,-3.53,0.48,0.6,1.07,148.71,47.4739226,19.0569235
2055,-2.78,0.43,1.0,5.94,148.74,47.4739208,19.056921
2056,-2.21,0.38,1.0,5.17,148.82,47.4739194,19.0569182
2057,-1.78,0.31,1.0,6.14,148.91,47.4739195,19.056919
2058,-1.27,0.25,1.0,6.43,148.97,47.4739177,19.0569153
2059,-0.86,0.19,1.0,7.02,149.06,47.4739156,19.0569118
2060,-0.66,0.15,1.0,7.16,149.15,47.4739136,19.0569077
2061,-0.51,0.13,1.0,7.07,149.25,47.4739114,19.056904
2062,-0.4,0.11,1.0,7.31,149.35,47.4739098,19.0569011
2063,-0.46,0.09,1.0,7.47,149.45,47.4739088,19.0568984
2064,-0.5,0.08,1.0,7.52,149.53,47.4739081,19.0568972
2065,-0.56,0.06,1.0,7.59,149.59,47.4739076,19.0568967
2066,-0.6,0.04,1.0,7.96,149.61,47.4739065,19.0568943
2067,-0.63,0.03,1.0,7.87,149.59,47.4739058,19.0568935
2068,-0.67,0.07,1.0,7.07,149.57,47.4739061,19.056894
2069,-0.69,0.13,1.0,6.42,149.53,47.4739065,19.0568947
2070,-0.67,0.19,1.0,6.08,149.48,47.4739071,19.0568959
2071,-0.67,0.26,1.0,5.38,149.41,47.4739076,19.056895
2072,-0.7,0.33,1.0,4.82,149.38,47.4739104,19.056899
2073,-0.73,0.35,1.0,5.08,149.35,47.4739103,19.0568969
2074,-0.78,0.29,1.0,6.11,149.3,47.4739101,19.0568958
2075,-0.82,0.22,1.0,6.7,149.28,47.4739104,19.0568948
2076,-0.85,0.15,1.0,7.31,149.27,47.4739109,19.0568954
2077,-0.85,0.08,1.0,8.02,149.23,47.4739103,19.0568943
2078,-0.84,0.01,1.0,8.53,149.2,47.4739104,19.0568946
2079,-0.83,0.0,1.0,8.07,149.24,47.4739104,19.0568944
2080,-0.84,0.0,1.0,8.0,149.24,47.4739105,19.0568949
2081,-0.84,0.0,1.0,8.0,149.29,47.4739057,19.0568868
2082,-0.85,0.0,1.0,8.0,149.39,47.4739092,19.0568932
2083,-0.86,0.0,1.0,8.0,149.53,47.4739063,19.0568884
2084,-0.87,0.0,1.0,8.0,149.68,47.473899,19.0568748
2085,-0.87,0.0,1.0,8.0,149.87,47.4738934,19.056865
2086,-0.88,0.0,1.0,8.0,150.05,47.4738889,19.056857
2087,-0.89,0.0,1.0,8.0,150.2,47.4738857,19.0568514
2088,-0.9,0.0,1.0,8.0,150.31,47.4738849,19.0568498
2089,-0.9,0.0,1.0,8.0,150.4,47.4738852,19.0568502
2090,-0.91,0.0,1.0,8.0,150.46,47.4738852,19.0568499
2091,-0.91,0.0,1.0,8.0,150.51,47.4738854,19.0568502
2092,-0.92,0.0,1.0,7.99,150.56,47.4738868,19.0568526
2093,-0.95,0.1,1.0,6.5,150.6,47.4738878,19.0568544
2094,-0.92,0.23,1.0,5.25,150.64,47.4738892,19.0568567
2095,-0.93,0.38,1.0,3.86,150.69,47.4738899,19.0568567
2096,-0.86,0.5,1.0,3.01,150.76,47.4738905,19.0568547
2097,-0.84,0.51,1.0,3.78,150.83,47.4738913,19.056853
2098,-0.7,0.42,1.0,5.35,150.9,47.4738916,19.0568515
2099,-0.67,0.3,1.0,6.66,150.96,47.4738924,19.0568525
2100,-0.62,0.15,1.0,8.12,151.02,47.4738931,19.056853
2101,-0.63,0.03,1.0,8.79,151.03,47.4738927,19.0568521
2102,-0.61,0.01,1.0,8.01,151.0,47.4738922,19.0568508
2103,-0.62,0.01,1.0,7.97,151.02,47.4738939,19.0568537
2104,-0.56,0.01,1.0,7.9,151.02,47.4739,19.0568646
2105,-0.5,0.01,1.0,7.9,151.08,47.4738924,19.0568512
2106,-0.45,0.01,1.0,7.87,151.16,47.4738969,19.0568593
2107,-0.42,0.01,1.0,7.89,151.29,47.4738908,19.056849
2108,-0.47,0.01,1.0,7.95,151.39,47.4738881,19.0568449
2109,-0.52,0.01,1.0,7.96,151.48,47.4738896,19.056848
2110,-0.65,0.01,1.0,7.95,151.53,47.4738905,19.0568507
2111,-0.74,0.0,1.0,7.99,151.58,47.4738948,19.0568588
2112,-0.81,0.01,1.0,7.88,151.64,47.4738952,19.0568608
2113,-0.76,0.01,1.0,7.89,151.71,47.4738989,19.0568686
2114,-0.78,0.01,1.0,7.91,151.78,47.4739005,19.0568724
2115,-0.74,0.01,1.0,7.86,151.86,47.4738997,19.0568707
2116,-0.71,0.01,1.0,7.89,151.92,47.4739,19.0568718
2117,-0.69,0.01,1.0,7.98,151.98,47.473901,19.0568744
2118,-0.75,0.0,1.0,7.99,152.01,47.4739017,19.0568756
2119,-0.75,0.0,1.0,7.99,152.04,47.4739017,19.0568764
2120,-0.73,0.0,1.0,8.02,152.06,47.473902,19.056877
2121,-0.74,0.0,1.0,8.0,152.08,47.4739019,19.0568771
2122,-0.74,0.0,1.0,8.0,152.09,47.4739016,19.0568769
2123,-0.67,0.05,1.0,7.3,152.11,47.4739017,19.0568771
2124,-0.63,0.24,1.0,4.31,152.11,47.4739014,19.056877
2125,-0.62,0.43,1.0,2.89,152.13,47.473901,19.0568766
2126,-0.56,0.63,1.0,1.37,152.14,47.4739005,19.0568782
2127,-0.5,0.84,1.0,0,152.14,47.4739,19.0568815
2128,-0.55,0.99,1.0,0,152.13,47.4738998,19.0568848
2129,-0.84,0.99,1.0,0,152.15,47.4738988,19.0568863
2130,-1.26,0.98,1.0,0.3,152.14,47.473898,19.0568883
2131,-1.74,0.89,1.0,1.65,152.14,47.4738982,19.0568933
2132,-2.28,0.81,1.0,2.15,152.15,47.4738982,19.0568969
2133,-2.72,0.73,1.0,2.82,152.21,47.4738981,19.0568996
2134,-2.79,0.65,1.0,3.48,152.25,47.4738967,19.0569
2135,-2.66,0.59,1.0,3.75,152.34,47.4738956,19.056901
2136,-2.47,0.6,1.0,3.17,152.51,47.4738945,19.0569018
2137,-2.11,0.63,1.0,2.64,152.71,47.4738929,19.0569018
2138,-1.87,0.72,1.0,1.51,153.0,47.4738901,19.0569009
2139,-1.7,0.79,1.0,1.07,153.35,47.4738891,19.0569024
2140,-1.62,0.88,1.0,0.32,153.69,47.4738853,19.0569025
2141,-1.54,0.96,1.0,0,154.0,47.4738829,19.0569031
2142,-1.59,1.0,1.0,0,154.33,47.4738814,19.0569052
2143,-1.54,0.99,1.0,0.09,154.57,47.4738794,19.0569067
2144,-1.44,1.0,1.0,0,154.79,47.4738781,19.0569093
2145,-1.22,1.0,1.0,0.03,155.0,47.4738772,19.0569123
2146,-1.04,0.99,1.0,0.07,155.2,47.473876,19.0569146
2147,-0.94,0.99,1.0,0.11,155.38,47.4738755,19.0569171
2148,-0.9,0.99,1.0,0.05,155.55,47.4738736,19.0569181
2149,-0.96,1.0,1.0,0,155.69,47.4738723,19.0569205
2150,-1.15,1.0,1.0,0.03,155.83,47.4738718,19.0569239
2151,-1.32,1.0,1.0,0,155.95,47.4738711,19.0569269
2152,-1.45,1.0,1.0,0,156.03,47.4738706,19.0569298
2153,-1.55,1.0,1.0,0,156.1,47.4738691,19.0569314
2154,-1.63,1.0,1.0,0.06,156.14,47.473869,19.0569352
2155,-1.7,1.0,1.0,0.02,156.15,47.4738685,19.0569381
2156,-1.76,1.0,1.0,0.02,156.17,47.4738679,19.0569421
2157,-1.78,1.0,1.0,0.04,156.19,47.4738678,19.0569461
2158,-1.78,1.0,1.0,0,156.22,47.4738671,19.0569487
2159,-1.79,1.0,1.0,0.02,156.26,47.4738658,19.0569508
2160,-1.85,1.0,1.0,0.02,156.31,47.4738653,19.0569534
2161,-1.93,0.96,1.0,0.55,156.34,47.4738648,19.0569571
2162,-2.02,0.88,1.0,1.73,156.35,47.4738642,19.0569606
2163,-2.12,0.8,1.0,2.32,156.34,47.473864,19.0569636
2164,-2.27,0.61,1.0,4.69,156.35,47.473864,19.0569658
2165,-2.34,0.41,1.0,6.39,156.38,47.4738634,19.0569681
2166,-2.41,0.24,1.0,7.46,156.41,47.4738627,19.0569676
2167,-2.47,0.13,1.0,7.89,156.44,47.473862,19.0569664
2168,-2.37,0.02,1.0,8.84,156.5,47.4738617,19.056966
2169,-1.88,0.01,1.0,8.0,156.53,47.4738618,19.0569662
2170,-1.47,0.01,1.0,7.93,156.53,47.4738616,19.0569661
2171,-1.05,0.03,1.0,7.5,156.52,47.4738619,19.0569664
2172,-0.84,0.15,1.0,5.76,156.5,47.4738626,19.0569676
2173,-0.82,0.25,1.0,5.25,156.5,47.4738626,19.0569677
2174,-1.17,0.36,1.0,4.22,156.51,47.4738621,19.0569696
2175,-1.45,0.46,1.0,3.44,156.55,47.4738612,19.0569707
2176,-1.73,0.54,1.0,2.95,156.58,47.4738608,19.0569723
2177,-1.74,0.53,1.0,3.84,156.62,47.4738604,19.0569741
2178,-1.86,0.52,1.0,3.86,156.65,47.4738603,19.0569759
2179,-1.98,0.49,1.0,4.32,156.66,47.47386,19.0569777
2180,-2.06,0.47,1.0,4.47,156.7,47.4738593,19.0569795
2181,-2.12,0.44,1.0,4.76,156.77,47.4738596,19.056981
2182,-2.26,0.42,1.0,4.85,156.84,47.4738589,19.0569812
2183,-2.23,0.41,1.0,4.83,156.93,47.4738586,19.0569819
2184,-2.12,0.35,1.0,5.61,157.01,47.4738585,19.0569828
2185,-2.11,0.28,1.0,6.43,157.07,47.4738587,19.0569848
2186,-2.03,0.26,1.0,6.09,157.11,47.4738585,19.0569864
2187,-1.87,0.34,1.0,4.67,157.19,47.4738586,19.056986
2188,-1.77,0.45,1.0,3.51,157.27,47.4738581,19.0569859
2189,-1.64,0.62,1.0,1.94,157.38,47.4738574,19.0569872
2190,-1.45,0.82,1.0,0.12,157.48,47.4738569,19.05699
2191,-1.3,0.96,1.0,0,157.58,47.4738568,19.0569932
2192,-1.22,0.99,1.0,0,157.66,47.4738561,19.0569964
2193,-1.09,1.0,1.0,0.02,157.73,47.4738555,19.0569995
2194,-1.0,1.0,1.0,0,157.84,47.473855,19.0570027
2195,-0.91,1.0,1.0,0.02,157.95,47.4738543,19.0570059
2196,-0.82,1.0,1.0,0,158.07,47.4738543,19.0570082
2197,-0.65,1.0,1.0,0.02,158.18,47.4738537,19.057012
2198,-0.5,1.0,1.0,0,158.29,47.4738527,19.0570141
2199,-0.27,1.0,1.0,0,158.37,47.4738516,19.0570168
2200,-0.02,1.0,1.0,0,158.46,47.4738512,19.0570203
2201,0.23,1.0,1.0,0,158.59,47.4738507,19.0570231
2202,0.48,1.0,1.0,0,158.73,47.4738499,19.0570263
2203,0.7,1.0,1.0,0,158.86,47.4738485,19.0570272
2204,0.85,1.0,1.0,0,158.99,47.4738479,19.0570299
2205,0.88,1.0,1.0,0.01,159.13,47.4738473,19.0570328
2206,0.66,1.0,1.0,0.02,159.23,47.4738464,19.0570355
2207,0.33,1.0,1.0,0,159.33,47.4738457,19.0570383
2208,-0.1,1.01,1.0,0,159.41,47.4738447,19.0570407
2209,-0.5,1.0,1.0,0.08,159.5,47.4738446,19.0570444
2210,-0.83,1.0,1.0,0,159.59,47.4738443,19.0570475
2211,-0.94,1.0,1.0,0,159.65,47.4738432,19.0570497
2212,-0.94,1.0,1.0,0.03,159.73,47.4738425,19.0570523
2213,-0.81,0.99,1.0,0.18,159.85,47.4738415,19.0570543
2214,-0.66,1.0,1.0,0,159.98,47.4738415,19.0570573
2215,-0.51,0.99,1.0,0.07,160.12,47.4738402,19.0570589
2216,-0.38,0.99,1.0,0.06,160.29,47.4738396,19.0570614
2217,-0.29,0.99,1.0,0.06,160.45,47.4738394,19.0570639
2218,-0.22,1.0,1.0,0,160.6,47.473838,19.0570661
2219,-0.2,1.0,1.0,0.06,160.7,47.4738362,19.0570681
2220,-0.16,1.0,1.0,0,160.76,47.4738359,19.0570708
2221,-0.14,1.0,1.0,0.06,160.81,47.4738349,19.0570747
2222,-0.17,1.0,1.0,0,160.88,47.4738348,19.0570785
2223,-0.21,1.0,1.0,0,160.9,47.4738339,19.05708
2224,-0.25,1.0,1.0,0,160.97,47.473833,19.0570809
2225,-0.28,1.0,1.0,0.01,161.05,47.4738323,19.0570835
2226,-0.31,1.0,1.0,0,161.05,47.473832,19.0570858
2227,-0.32,1.0,1.0,0.01,161.02,47.473831,19.0570893
2228,-0.33,1.0,1.0,0.02,161.0,47.4738314,19.0570937
2229,-0.34,1.0,1.0,0.02,160.92,47.4738308,19.0570971
2230,-0.39,1.0,1.0,0.02,160.82,47.4738315,19.0571022
2231,-0.44,1.0,1.0,0.03,160.77,47.4738308,19.0571057
2232,-0.48,1.0,1.0,0.01,160.77,47.47383,19.0571086
2233,-0.52,1.0,1.0,0.05,160.77,47.4738286,19.0571116
2234,-0.56,0.99,1.0,0.06,160.73,47.4738279,19.057114
2235,-0.59,0.99,1.0,0.09,160.77,47.473827,19.0571176
2236,-0.62,0.99,1.0,0.06,160.72,47.4738279,19.0571228
2237,-0.65,0.99,1.0,0.06,160.64,47.473826,19.0571243
2238,-0.7,0.99,1.0,0.06,160.53,47.4738273,19.0571295
2239,-0.76,0.99,1.0,0.03,160.51,47.4738272,19.057133
2240,-0.84,1.0,1.0,0,160.46,47.4738274,19.0571376
2241,-0.93,1.0,1.0,0.0,160.48,47.4738271,19.0571405
2242,-1.05,1.0,1.0,0.05,160.46,47.4738266,19.0571429
2243,-1.17,0.99,1.0,0.06,160.47,47.4738259,19.0571454
2244,-1.23,0.99,1.0,0.03,160.45,47.4738263,19.057149
2245,-1.25,0.99,1.0,0.1,160.44,47.4738257,19.0571509
2246,-1.39,0.99,1.0,0.1,160.43,47.4738249,19.0571547
2247,-1.19,0.99,1.0,0.03,160.46,47.4738258,19.0571583
2248,-0.89,1.0,1.0,0.01,160.52,47.4738252,19.0571624
2249,-0.65,1.0,1.0,0.02,160.6,47.4738244,19.0571659
2250,-0.38,1.0,1.0,0,160.65,47.4738232,19.0571676
2251,0.01,1.0,1.0,0,160.67,47.4738221,19.0571697
2252,0.09,1.0,1.0,0,160.69,47.4738217,19.0571725
2253,0.1,1.0,1.0,0,160.73,47.4738217,19.0571757
2254,0.1,1.0,1.0,0,160.68,47.473821,19.0571783
2255,0.07,1.0,1.0,0.01,160.64,47.4738194,19.0571808
2256,0.02,1.0,1.0,0.05,160.57,47.4738198,19.057185
2257,-0.02,0.99,1.0,0.07,160.59,47.4738188,19.0571879
2258,-0.05,0.99,1.0,0.05,160.59,47.4738184,19.0571904
2259,-0.07,0.99,1.0,0.11,160.64,47.4738173,19.0571922
2260,-0.09,0.99,1.0,0.03,160.63,47.4738156,19.0571921
2261,-0.21,0.99,1.0,0.07,160.64,47.4738157,19.0571959
2262,-0.32,0.99,1.0,0.05,160.57,47.4738153,19.0571989
2263,-0.53,0.99,1.0,0.02,160.47,47.4738158,19.0572031
2264,-0.72,1.0,1.0,0,160.41,47.4738153,19.0572064
2265,-0.96,1.0,1.0,0.02,160.42,47.4738149,19.0572098
2266,-1.07,1.0,1.0,0,160.49,47.4738145,19.0572119
2267,-1.2,1.0,1.0,0,160.59,47.4738151,19.0572158
2268,-1.22,1.0,1.0,0,160.74,47.4738139,19.0572175
2269,-1.3,1.0,1.0,0,160.9,47.4738129,19.0572187
2270,-1.3,1.0,1.0,0,161.1,47.4738124,19.0572214
2271,-1.35,0.92,1.0,1.27,161.37,47.4738116,19.0572251
2272,-1.34,0.73,1.0,3.58,161.63,47.4738115,19.0572273
2273,-1.35,0.53,1.0,5.15,161.89,47.4738114,19.0572285
2274,-1.3,0.34,1.0,6.62,162.11,47.473811,19.0572286
2275,-1.22,0.14,1.0,8.1,162.27,47.4738112,19.0572279
2276,-1.12,0.03,1.0,8.65,162.3,47.4738115,19.0572278
2277,-1.05,0.02,1.0,7.87,162.28,47.4738129,19.0572282
2278,-0.95,0.03,1.0,7.76,162.19,47.4738136,19.0572295
2279,-0.92,0.02,1.0,7.93,162.09,47.473814,19.0572299
2280,-0.93,0.01,1.0,7.99,161.95,47.4738146,19.0572314
2281,-0.93,0.01,1.0,7.92,161.79,47.4738147,19.0572313
2282,-0.9,0.02,1.0,7.78,161.64,47.4738155,19.0572334
2283,-0.96,0.14,1.0,6.08,161.47,47.4738158,19.0572348
2284,-0.92,0.3,1.0,4.52,161.28,47.4738167,19.0572359
2285,-0.84,0.47,1.0,3.08,161.09,47.473817,19.0572401
2286,-0.8,0.65,1.0,1.53,160.97,47.4738178,19.0572435
2287,-0.51,0.8,1.0,0.54,160.87,47.4738184,19.0572482
2288,-0.21,0.82,1.0,1.26,160.85,47.4738189,19.0572511
2289,0.1,0.8,1.0,1.71,160.84,47.4738193,19.0572546
2290,0.28,0.79,1.0,1.77,160.84,47.4738192,19.0572569
2291,0.34,0.76,1.0,2.19,160.85,47.4738197,19.0572598
2292,-0.01,0.73,1.0,2.37,160.82,47.4738195,19.0572628
2293,-0.41,0.69,1.0,2.82,160.73,47.47382,19.0572659
2294,-0.88,0.62,1.0,3.62,160.69,47.4738197,19.0572686
2295,-1.29,0.53,1.0,4.35,160.65,47.4738185,19.0572702
2296,-1.54,0.45,1.0,5.0,160.61,47.4738185,19.0572712
2297,-1.69,0.37,1.0,5.69,160.59,47.4738183,19.0572721
2298,-1.77,0.31,1.0,5.97,160.59,47.4738178,19.057273
2299,-1.97,0.27,1.0,6.2,160.55,47.4738181,19.057274
2300,-2.11,0.2,1.0,7.05,160.51,47.4738173,19.0572748
2301,-2.22,0.16,1.0,7.03,160.51,47.4738172,19.0572756
2302,-2.33,0.23,1.0,5.55,160.62,47.4738171,19.0572751
2303,-2.39,0.29,1.0,5.3,160.68,47.4738171,19.057274
2304,-2.38,0.38,1.0,4.23,160.71,47.4738143,19.0572703
2305,-2.36,0.5,1.0,2.99,160.75,47.4738165,19.0572744
2306,-2.37,0.6,1.0,2.61,160.73,47.4738164,19.0572767
2307,-2.42,0.59,1.0,3.31,160.59,47.4738167,19.0572797
2308,-2.46,0.6,1.0,3.11,160.49,47.4738153,19.0572806
2309,-2.45,0.6,1.0,3.2,160.4,47.4738166,19.0572844
2310,-2.51,0.6,1.0,3.16,160.28,47.4738164,19.0572857
2311,-2.56,0.6,1.0,3.2,160.2,47.4738167,19.0572883
2312,-2.52,0.6,1.0,3.24,160.12,47.4738168,19.0572909
2313,-2.51,0.6,1.0,3.2,160.03,47.4738166,19.0572917
2314,-2.49,0.6,1.0,3.19,159.92,47.4738155,19.0572928
2315,-2.4,0.6,1.0,3.2,159.81,47.4738158,19.0572956
2316,-2.3,0.6,1.0,3.17,159.64,47.4738158,19.0572981
2317,-2.26,0.6,1.0,3.17,159.52,47.4738162,19.0573004
2318,-2.18,0.6,1.0,3.19,159.39,47.4738158,19.0573031
2319,-2.09,0.6,1.0,3.2,159.27,47.4738146,19.0573058
2320,-2.05,0.63,1.0,2.74,159.17,47.4738163,19.0573089
2321,-2.04,0.71,1.0,1.7,159.08,47.4738154,19.0573108
2322,-2.03,0.75,1.0,1.63,158.99,47.4738155,19.0573143
2323,-2.04,0.75,1.0,2.07,158.92,47.4738153,19.0573194
2324,-2.01,0.75,1.0,2.0,158.85,47.4738153,19.0573227
2325,-1.94,0.77,1.0,1.62,158.8,47.4738156,19.0573247
2326,-1.88,0.78,1.0,1.71,158.77,47.4738159,19.0573271
2327,-1.77,0.82,1.0,1.15,158.67,47.4738151,19.0573272
2328,-1.72,0.9,1.0,0.04,158.68,47.4738138,19.0573302
2329,-1.65,0.98,1.0,0,158.68,47.4738137,19.0573315
2330,-1.6,1.01,1.0,0,158.67,47.4738141,19.0573329
2331,-1.58,1.0,1.0,0.04,158.67,47.4738135,19.0573339
2332,-1.58,1.0,1.0,0.04,158.71,47.4738135,19.0573373
2333,-1.6,1.0,1.0,0.02,158.63,47.4738134,19.0573405
2334,-1.66,1.0,1.0,0.05,158.6,47.4738131,19.0573414
2335,-1.79,1.0,1.0,0.03,158.61,47.4738132,19.0573458
2336,-1.85,1.0,1.0,0.0,158.59,47.4738129,19.0573472
2337,-1.97,0.97,1.0,0.45,158.55,47.4738125,19.0573492
2338,-2.07,0.88,1.0,1.81,158.56,47.473812,19.057352
2339,-2.15,0.8,1.0,2.26,158.52,47.473811,19.0573552
2340,-2.18,0.72,1.0,2.9,158.46,47.4738107,19.0573563
2341,-2.19,0.64,1.0,3.57,158.48,47.4738102,19.0573576
2342,-2.14,0.49,1.0,5.37,158.52,47.4738108,19.0573611
2343,-2.05,0.38,1.0,5.89,158.56,47.4738106,19.0573622
2344,-2.0,0.26,1.0,6.92,158.64,47.4738105,19.0573638
2345,-1.88,0.15,1.0,7.8,158.73,47.4738105,19.057366
2346,-1.79,0.03,1.0,8.73,158.77,47.473811,19.0573686
2347,-1.68,0.03,1.0,7.74,158.8,47.4738114,19.0573703
2348,-1.59,0.03,1.0,7.75,158.82,47.4738118,19.0573722
2349,-1.5,0.03,1.0,7.76,158.84,47.4738123,19.0573752
2350,-1.51,0.02,1.0,7.86,158.85,47.4738123,19.0573764
2351,-1.51,0.02,1.0,7.82,158.89,47.4738121,19.0573767
2352,-1.51,0.13,1.0,6.02,158.93,47.4738122,19.0573773
2353,-1.46,0.33,1.0,3.64,158.94,47.4738122,19.0573778
2354,-1.43,0.53,1.0,2.17,158.93,47.473812,19.0573786
2355,-1.32,0.73,1.0,0.39,158.92,47.4738122,19.0573835
2356,-1.22,0.93,1.0,0,158.88,47.4738126,19.0573886
2357,-1.06,1.0,1.0,0,158.75,47.4738122,19.057392
2358,-0.92,1.0,1.0,0.04,158.62,47.4738117,19.0573964
2359,-0.69,1.0,1.0,0,158.45,47.4738119,19.0574029
2360,-0.52,1.0,1.0,0.01,158.25,47.4738124,19.0574077
2361,-0.33,1.0,1.0,0,158.06,47.473813,19.0574131
2362,-0.25,1.0,1.0,0,157.91,47.4738128,19.0574175
2363,-0.14,1.0,1.0,0.06,157.76,47.4738127,19.057421
2364,-0.16,1.0,1.0,0.02,157.64,47.4738126,19.0574264
2365,-0.16,0.99,1.0,0.07,157.53,47.4738131,19.057432
2366,-0.25,1.0,1.0,0,157.52,47.4738132,19.0574374
2367,-0.29,1.0,1.0,0.03,157.55,47.4738119,19.0574397
2368,-0.39,1.0,1.0,0,157.61,47.4738116,19.0574422
2369,-0.41,1.0,1.0,0,157.69,47.4738115,19.057446
2370,-0.48,1.0,1.0,0,157.74,47.4738113,19.0574506
2371,-0.47,1.0,1.0,0.03,157.75,47.4738117,19.0574544
2372,-0.51,1.0,1.0,0,157.81,47.4738123,19.0574592
2373,-0.51,1.0,1.0,0.04,157.87,47.473812,19.0574624
2374,-0.56,1.0,1.0,0.02,157.88,47.473811,19.0574651
2375,-0.54,1.0,1.0,0.04,157.94,47.4738117,19.0574703
2376,-0.55,1.0,1.0,0.03,157.94,47.4738116,19.0574732
2377,-0.48,1.0,1.0,0.03,157.93,47.473811,19.0574763
2378,-0.46,1.0,1.0,0,157.92,47.4738109,19.0574801
2379,-0.36,1.0,1.0,0.05,157.96,47.4738098,19.057482
2380,-0.35,0.96,1.0,0.65,157.98,47.4738101,19.0574854
2381,-0.37,0.78,1.0,3.4,158.03,47.4738094,19.0574893
2382,-0.44,0.59,1.0,4.98,158.07,47.473809,19.0574919
2383,-0.43,0.39,1.0,6.39,158.13,47.4738094,19.0574926
2384,-0.52,0.2,1.0,7.74,158.22,47.4738097,19.0574926
2385,-0.56,0.04,1.0,8.79,158.37,47.4738098,19.0574919
2386,-0.58,0.03,1.0,7.89,158.57,47.4738096,19.0574922
2387,-0.57,0.02,1.0,7.92,158.76,47.4738094,19.0574915
2388,-0.58,0.02,1.0,7.87,159.0,47.473809,19.0574905
2389,-0.52,0.01,1.0,7.92,159.23,47.4738089,19.0574908
2390,-0.48,0.01,1.0,7.92,159.44,47.4738088,19.0574894
2391,-0.43,0.01,1.0,7.94,159.63,47.4738089,19.0574892
2392,-0.39,0.01,1.0,7.87,159.85,47.4738095,19.0574894
2393,-0.32,0.17,1.0,5.59,160.01,47.4738096,19.0574892
2394,-0.3,0.37,1.0,3.73,160.18,47.4738101,19.0574893
2395,-0.21,0.56,1.0,2.13,160.32,47.4738108,19.0574911
2396,-0.06,0.76,1.0,0.27,160.41,47.4738114,19.0574947
2397,0.02,0.95,1.0,0,160.51,47.4738116,19.057498
2398,0.02,0.99,1.0,0,160.61,47.4738105,19.0574979
2399,-0.01,0.99,1.0,0.07,160.7,47.4738089,19.0574973
2400,-0.14,1.0,1.0,0,160.84,47.4738067,19.0574973
2401,-0.35,1.0,1.0,0,160.98,47.4738064,19.0575001
2402,-0.51,1.01,1.0,0,161.08,47.4738058,19.0575029
2403,-0.64,1.0,1.0,0.01,161.15,47.4738046,19.057505
2404,-0.72,1.0,1.0,0,161.23,47.4738048,19.0575073
2405,-0.76,1.0,1.0,0.01,161.27,47.4738038,19.0575108
2406,-0.74,1.0,1.0,0,161.32,47.473803,19.0575131
2407,-0.71,1.0,1.0,0.01,161.39,47.4738024,19.0575159
2408,-0.65,1.0,1.0,0,161.46,47.473802,19.0575185
2409,-0.59,1.0,1.0,0,161.53,47.473801,19.0575208
2410,-0.53,1.0,1.0,0,161.62,47.4738003,19.0575242
2411,-0.49,1.0,1.0,0.07,161.69,47.4737995,19.0575272
2412,-0.43,1.0,1.0,0,161.75,47.4737992,19.0575309
2413,-0.4,1.0,1.0,0.06,161.83,47.4737985,19.0575348
2414,-0.35,1.0,1.0,0,161.84,47.4737982,19.0575371
2415,-0.29,1.0,1.0,0.03,161.85,47.4737982,19.0575407
2416,-0.22,1.0,1.0,0,161.87,47.4737986,19.057545
2417,-0.09,1.0,1.0,0.08,161.9,47.4737975,19.0575481
2418,0.12,1.0,1.0,0.0,161.9,47.4737981,19.0575513
2419,0.49,0.99,1.0,0.09,161.97,47.4737984,19.0575536
2420,0.91,1.0,1.0,0,162.0,47.4737977,19.0575573
2421,1.21,1.02,1.0,0,162.03,47.4737979,19.0575596
2422,1.17,1.1,1.0,0,162.02,47.4737987,19.0575635
2423,1.16,1.08,1.0,0,162.03,47.4737987,19.057566
2424,0.91,1.08,1.0,0,162.03,47.4737993,19.057571
2425,0.58,1.08,1.0,0,162.11,47.4737984,19.0575734
2426,0.4,1.05,1.0,0,162.19,47.4737987,19.0575761
2427,0.42,0.98,1.0,0.67,162.27,47.4737984,19.0575777
2428,0.28,1.0,1.0,0,162.23,47.4737979,19.0575802
2429,0.19,0.99,1.0,0.09,162.23,47.4737974,19.0575832
2430,0.06,1.0,1.0,0,162.2,47.4737983,19.0575876
2431,-0.11,0.99,1.0,0.13,162.15,47.4737973,19.0575899
2432,-0.3,0.99,1.0,0.02,162.18,47.4737964,19.0575914
2433,-0.43,0.99,1.0,0.09,162.24,47.4737963,19.0575942
2434,-0.55,1.0,1.0,0,162.29,47.473795,19.0575927
2435,-0.65,0.99,1.0,0.08,162.32,47.473795,19.057598
2436,-0.75,1.0,1.0,0,162.37,47.4737945,19.0576004
2437,-0.76,1.0,1.0,0.07,162.41,47.4737931,19.0576031
2438,-0.76,1.0,1.0,0,162.47,47.4737925,19.0576056
2439,-0.73,1.0,1.0,0.07,162.52,47.4737931,19.0576094
2440,-0.69,1.0,1.0,0,162.52,47.4737923,19.0576124
2441,-0.64,1.0,1.0,0.04,162.47,47.4737922,19.0576156
2442,-0.58,1.0,1.0,0,162.37,47.4737921,19.0576197
2443,-0.45,0.99,1.0,0.1,162.24,47.4737918,19.0576226
2444,-0.35,1.0,1.0,0,162.13,47.4737917,19.057626
2445,-0.21,0.99,1.0,0.07,162.02,47.4737908,19.057629
2446,-0.05,1.0,1.0,0,161.95,47.4737903,19.0576337
2447,0.08,0.99,1.0,0.07,161.93,47.4737897,19.0576376
2448,0.13,1.0,1.0,0,161.96,47.4737895,19.0576401
2449,0.16,1.0,1.0,0.05,162.02,47.4737892,19.0576431
2450,0.14,1.0,1.0,0,162.09,47.4737872,19.0576455
2451,0.1,0.99,1.0,0.08,162.13,47.4737832,19.0576447
2452,0.06,1.0,1.0,0.01,162.18,47.473784,19.0576505
2453,0.03,0.99,1.0,0.07,162.17,47.4737838,19.0576542
2454,0.01,0.99,1.0,0.03,162.1,47.4737822,19.0576565
2455,0.0,0.99,1.0,0.07,162.06,47.4737828,19.0576617
2456,-0.02,1.0,1.0,0.01,162.04,47.4737823,19.0576653
2457,-0.06,0.99,1.0,0.06,162.03,47.47378,19.0576652
2458,-0.08,1.0,1.0,0.0,161.98,47.4737778,19.0576656
2459,-0.1,1.0,1.0,0.04,161.95,47.4737774,19.0576684
2460,-0.09,1.0,1.0,0.03,161.86,47.4737776,19.0576744
2461,0.01,0.99,1.0,0.05,161.73,47.4737756,19.0576763
2462,0.13,1.0,1.0,0,161.51,47.4737752,19.057681
2463,0.28,1.0,1.0,0.02,161.44,47.4737743,19.0576844
2464,0.42,1.0,1.0,0,161.45,47.4737742,19.0576894
2465,0.54,1.0,1.0,0,161.47,47.4737738,19.0576893
2466,0.55,1.0,1.0,0,161.52,47.473774,19.0576907
2467,0.54,1.0,1.0,0.02,161.61,47.4737731,19.0576945
2468,0.49,1.0,1.0,0,161.6,47.4737723,19.0576973
2469,0.43,1.0,1.0,0.05,161.5,47.4737721,19.0577014
2470,0.4,1.0,1.0,0.02,161.43,47.4737717,19.0577054
2471,0.4,1.0,1.0,0.05,161.38,47.4737715,19.05771
2472,0.4,1.0,1.0,0,161.3,47.473771,19.057713
2473,0.4,1.0,1.0,0.02,161.24,47.4737717,19.057717
2474,0.39,1.0,1.0,0,161.17,47.473772,19.0577208
2475,0.28,1.0,1.0,0.03,161.07,47.4737729,19.0577262
2476,0.19,1.0,1.0,0,160.97,47.4737726,19.0577298
2477,0.09,1.0,1.0,0.07,160.81,47.4737729,19.0577328
2478,0.08,1.0,1.0,0.03,160.67,47.4737731,19.0577345
2479,0.17,1.0,1.0,0.03,160.53,47.4737728,19.0577383
2480,0.28,1.0,1.0,0.0,160.43,47.4737705,19.0577396
2481,0.24,1.0,1.0,0.02,160.39,47.4737709,19.0577447
2482,0.16,1.0,1.0,0,160.4,47.4737713,19.057747
2483,-0.03,1.0,1.0,0.04,160.42,47.4737699,19.0577476
2484,-0.33,1.0,1.0,0.0,160.49,47.4737691,19.0577513
2485,-0.57,1.0,1.0,0.0,160.55,47.4737687,19.0577543
2486,-0.68,1.0,1.0,0.0,160.55,47.4737668,19.0577531
2487,-0.79,1.0,1.0,0.06,160.63,47.4737669,19.0577564
2488,-0.87,1.0,1.0,0,160.75,47.4737664,19.05776
2489,-0.97,1.0,1.0,0,160.85,47.4737666,19.0577628
2490,-1.08,1.0,1.0,0,161.03,47.4737673,19.0577672
2491,-1.19,1.0,1.0,0,161.2,47.4737683,19.0577704
2492,-1.26,1.0,1.0,0,161.29,47.4737654,19.0577701
2493,-1.33,1.0,1.0,0.03,161.35,47.4737654,19.0577732
2494,-1.4,1.0,1.0,0,161.41,47.4737664,19.0577778
2495,-1.44,1.0,1.0,0,161.35,47.4737663,19.0577818
2496,-1.51,1.0,1.0,0,161.33,47.4737654,19.057784
2497,-1.58,1.0,1.0,0.02,161.33,47.4737648,19.0577873
2498,-1.54,1.0,1.0,0,161.32,47.4737645,19.0577905
2499,-1.53,1.0,1.0,0,161.26,47.4737637,19.0577929
2500,-1.53,1.0,1.0,0.03,161.24,47.4737636,19.0577967
2501,-1.55,1.0,1.0,0.02,161.2,47.4737635,19.0578011
2502,-1.56,1.0,1.0,0,161.22,47.4737622,19.0578029
2503,-1.73,1.0,1.0,0,161.22,47.473762,19.0578069
2504,-1.86,0.98,1.0,0.42,161.26,47.4737606,19.0578089
2505,-1.97,0.88,1.0,1.66,161.31,47.4737599,19.0578083
2506,-2.02,0.81,1.0,2.23,161.34,47.4737591,19.0578109
2507,-2.04,0.73,1.0,2.87,161.33,47.4737592,19.0578127
2508,-2.0,0.68,1.0,2.97,161.33,47.4737582,19.0578144
2509,-1.99,0.71,1.0,2.11,161.34,47.4737581,19.0578156
2510,-2.02,0.77,1.0,1.56,161.34,47.473757,19.0578181
2511,-2.01,0.78,1.0,1.59,161.36,47.4737567,19.0578196
2512,-2.01,0.87,1.0,0.25,161.35,47.4737569,19.0578205
2513,-2.02,0.91,1.0,0.34,161.32,47.4737563,19.0578232
2514,-1.87,0.91,1.0,0.79,161.25,47.4737568,19.0578257
2515,-1.73,0.94,1.0,0.22,161.16,47.4737562,19.0578275
2516,-1.57,1.0,1.0,0,161.04,47.4737568,19.0578332
2517,-1.47,0.99,1.0,0.12,160.89,47.4737566,19.0578375
2518,-1.29,0.99,1.0,0.02,160.74,47.4737562,19.0578415
2519,-1.24,1.0,1.0,0.01,160.55,47.4737565,19.057847
2520,-1.12,0.99,1.0,0.05,160.37,47.4737564,19.057851
2521,-1.09,1.0,1.0,0.02,160.14,47.4737559,19.057856
2522,-1.02,1.0,1.0,0.03,159.95,47.4737555,19.0578594
2523,-1.05,0.99,1.0,0.05,159.73,47.4737542,19.0578632
2524,-1.04,1.0,1.0,0.02,159.56,47.4737536,19.0578662
2525,-1.06,1.0,1.0,0.02,159.34,47.4737528,19.0578698
2526,-1.07,1.0,1.0,0.06,159.12,47.473751,19.0578686
2527,-1.1,0.99,1.0,0.06,158.9,47.4737515,19.0578746
2528,-1.08,0.99,1.0,0.05,158.71,47.4737514,19.0578787
2529,-1.06,1.0,1.0,0.02,158.52,47.4737507,19.0578818
2530,-1.04,0.99,1.0,0.08,158.39,47.4737508,19.0578868
2531,-1.02,0.99,1.0,0.02,158.32,47.47375,19.057889
2532,-0.95,0.99,1.0,0.06,158.26,47.4737497,19.0578919
2533,-0.91,1.0,1.0,0,158.21,47.4737497,19.0578954
2534,-0.88,1.0,1.0,0.05,158.19,47.473749,19.0578983
2535,-0.9,1.0,1.0,0,158.17,47.4737491,19.0579006
2536,-0.89,1.0,1.0,0.05,158.15,47.4737481,19.0579046
2537,-0.93,1.0,1.0,0,158.14,47.4737479,19.0579067
2538,-0.95,1.0,1.0,0.03,158.14,47.4737475,19.057911
2539,-0.97,1.0,1.0,0.03,158.15,47.4737474,19.0579152
2540,-0.97,0.99,1.0,0.08,158.19,47.4737467,19.0579191
2541,-0.98,1.0,1.0,0.01,158.24,47.4737464,19.0579229
2542,-0.97,0.99,1.0,0.1,158.26,47.4737461,19.0579257
2543,-1.0,0.99,1.0,0.06,158.28,47.4737456,19.0579295
2544,-0.98,0.99,1.0,0.05,158.25,47.4737463,19.0579345
2545,-0.95,1.0,1.0,0.01,158.22,47.4737436,19.0579322
2546,-0.96,1.0,1.0,0.02,158.17,47.4737448,19.057938
2547,-0.95,1.0,1.0,0,158.08,47.473745,19.057941
2548,-0.89,1.0,1.0,0.06,157.98,47.4737435,19.0579415
2549,-0.88,1.0,1.0,0.01,157.86,47.4737442,19.0579469
2550,-0.89,0.99,1.0,0.09,157.73,47.4737426,19.0579487
2551,-0.86,0.99,1.0,0.03,157.67,47.4737417,19.057951
2552,-0.88,0.99,1.0,0.04,157.61,47.4737407,19.0579532
2553,-0.86,1.0,1.0,0,157.57,47.4737395,19.057953
2554,-0.87,1.0,1.0,0.06,157.47,47.4737396,19.0579596
2555,-0.83,1.0,1.0,0,157.35,47.47374,19.0579638
2556,-0.79,0.99,1.0,0.07,157.17,47.4737413,19.0579693
2557,-0.72,0.99,1.0,0.04,157.06,47.4737417,19.0579739
2558,-0.69,0.99,1.0,0.06,156.96,47.4737412,19.0579773
2559,-0.63,1.0,1.0,0,156.95,47.4737404,19.05798
2560,-0.63,1.0,1.0,0.01,156.93,47.4737397,19.0579826
2561,-0.65,1.0,1.0,0,156.89,47.4737392,19.0579885
2562,-0.68,1.0,1.0,0.05,156.86,47.47374,19.0579924
2563,-0.67,1.0,1.0,0,156.83,47.4737401,19.0579965
2564,-0.71,0.99,1.0,0.09,156.79,47.4737401,19.0579994
2565,-0.68,0.99,1.0,0.05,156.74,47.4737397,19.0580027
2566,-0.66,0.99,1.0,0.05,156.69,47.4737397,19.0580075
2567,-0.63,1.0,1.0,0.01,156.65,47.47374,19.0580133
2568,-0.65,0.99,1.0,0.09,156.6,47.4737401,19.0580179
2569,-0.65,1.0,1.0,0,156.52,47.4737409,19.0580232
2570,-0.67,0.99,1.0,0.07,156.44,47.47374,19.058027
2571,-0.71,0.99,1.0,0.06,156.38,47.4737401,19.058032
2572,-0.78,0.99,1.0,0.06,156.25,47.4737401,19.0580368
2573,-0.83,1.0,1.0,0.01,156.15,47.4737395,19.0580405
2574,-0.87,0.99,1.0,0.1,156.12,47.4737391,19.0580455
2575,-0.89,1.0,1.0,0,156.08,47.4737386,19.0580493
2576,-0.9,1.0,1.0,0,156.0,47.4737382,19.0580524
2577,-0.89,1.0,1.0,0.02,155.99,47.4737387,19.0580579
2578,-0.87,1.0,1.0,0.03,156.0,47.4737383,19.0580611
2579,-0.82,1.0,1.0,0,155.97,47.4737384,19.058063
2580,-0.81,0.99,1.0,0.09,155.99,47.4737369,19.0580632
2581,-0.82,0.99,1.0,0.04,156.08,47.4737388,19.0580671
2582,-0.83,1.0,1.0,0,156.15,47.4737384,19.0580705
2583,-0.85,1.0,1.0,0.02,156.18,47.4737387,19.0580742
2584,-0.9,0.99,1.0,0.08,156.22,47.4737369,19.0580754
2585,-0.92,1.0,1.0,0.03,156.25,47.4737365,19.0580788
2586,-0.97,0.99,1.0,0.05,156.26,47.4737358,19.0580817
2587,-1.0,1.0,1.0,0.03,156.3,47.4737373,19.0580885
2588,-1.1,0.99,1.0,0.09,156.33,47.4737365,19.0580911
2589,-1.14,1.0,1.0,0,156.39,47.4737368,19.0580954
2590,-1.28,1.0,1.0,0.05,156.43,47.4737349,19.0580969
2591,-1.31,1.0,1.0,0.03,156.45,47.4737334,19.0580992
2592,-1.36,0.99,1.0,0.13,156.43,47.4737334,19.0581053
2593,-1.23,0.99,1.0,0.01,156.4,47.4737327,19.0581085
2594,-1.21,0.99,1.0,0.05,156.32,47.473733,19.0581136
2595,-1.17,1.0,1.0,0.01,156.3,47.4737315,19.0581154
2596,-1.19,1.0,1.0,0.05,156.28,47.4737304,19.0581172
2597,-1.24,1.0,1.0,0,156.21,47.4737291,19.0581193
2598,-1.4,1.0,1.0,0.02,156.15,47.4737283,19.0581225
2599,-1.47,1.0,1.0,0.01,156.1,47.4737275,19.0581265
2600,-1.51,1.0,1.0,0,156.03,47.4737273,19.0581292
2601,-1.49,1.0,1.0,0,155.94,47.4737264,19.0581317
2602,-1.49,1.0,1.0,0.01,155.87,47.4737256,19.0581338
2603,-1.47,1.0,1.0,0,155.82,47.4737254,19.0581382
2604,-1.47,1.0,1.0,0.02,155.75,47.4737261,19.0581401
2605,-1.4,1.0,1.0,0.03,155.62,47.473726,19.0581435
2606,-1.35,1.0,1.0,0.02,155.52,47.473726,19.0581471
2607,-1.26,1.0,1.0,0.03,155.43,47.4737263,19.0581504
2608,-1.24,0.99,1.0,0.09,155.31,47.4737267,19.058154
2609,-1.23,0.99,1.0,0.07,155.16,47.4737268,19.0581574
2610,-1.31,0.99,1.0,0.06,155.06,47.4737266,19.0581606
2611,-1.37,0.99,1.0,0.01,154.92,47.4737262,19.0581638
2612,-1.47,0.99,1.0,0.06,154.8,47.4737258,19.0581671
2613,-1.48,1.0,1.0,0,154.68,47.4737258,19.0581722
2614,-1.5,1.0,1.0,0.01,154.56,47.4737258,19.0581767
2615,-1.47,1.0,1.0,0.01,154.39,47.4737255,19.0581805
2616,-1.58,1.0,1.0,0.04,154.23,47.4737254,19.0581841
2617,-1.66,1.0,1.0,0,154.06,47.4737254,19.0581861
2618,-1.78,0.99,1.0,0.07,153.9,47.4737245,19.058191
2619,-1.88,0.96,1.0,0.55,153.75,47.4737245,19.0581944
2620,-2.05,0.77,1.0,3.49,153.68,47.473724,19.0581985
2621,-2.08,0.57,1.0,5.16,153.63,47.473724,19.0582021
2622,-2.12,0.37,1.0,6.67,153.62,47.4737243,19.0582039
2623,-2.18,0.17,1.0,8.09,153.64,47.473725,19.0582045
2624,-2.12,0.01,1.0,8.91,153.75,47.4737256,19.0582052
2625,-1.85,0.0,1.0,8.0,153.82,47.4737261,19.0582057
2626,-1.59,0.01,1.0,7.87,153.91,47.4737264,19.0582053
2627,-1.4,0.16,1.0,5.73,153.97,47.4737277,19.0582059
2628,-1.16,0.33,1.0,3.92,154.04,47.4737282,19.0582068
2629,-1.02,0.55,1.0,1.98,154.03,47.4737291,19.0582094
2630,-1.04,0.6,1.0,2.85,154.03,47.4737305,19.0582138
2631,-1.17,0.6,1.0,3.21,154.02,47.4737318,19.058218
2632,-1.31,0.44,1.0,5.47,154.04,47.4737323,19.0582206
2633,-1.45,0.28,1.0,7.02,154.04,47.4737323,19.0582215
2634,-1.64,0.07,1.0,9.33,154.05,47.4737319,19.0582219
2635,-1.78,0.02,1.0,8.28,154.05,47.4737318,19.0582222
2636,-1.85,0.01,1.0,8.02,154.04,47.473732,19.0582228
2637,-1.85,0.01,1.0,7.95,154.01,47.4737322,19.0582233
2638,-1.85,0.0,1.0,8.03,153.98,47.4737326,19.058224
2639,-1.82,0.16,1.0,5.32,153.94,47.4737326,19.0582247
2640,-1.84,0.36,1.0,3.48,153.84,47.4737328,19.0582253
2641,-1.87,0.56,1.0,1.84,153.77,47.4737331,19.0582277
2642,-1.9,0.76,1.0,0.24,153.71,47.4737339,19.0582312
2643,-2.02,0.93,1.0,0,153.63,47.4737339,19.0582347
2644,-2.11,0.88,1.0,1.43,153.55,47.4737342,19.058239
2645,-2.16,0.8,1.0,2.24,153.51,47.4737342,19.0582423
2646,-2.2,0.72,1.0,2.92,153.45,47.4737349,19.0582459
2647,-2.3,0.64,1.0,3.55,153.39,47.4737352,19.0582488
2648,-2.35,0.59,1.0,3.69,153.35,47.4737355,19.0582517
2649,-2.43,0.6,1.0,3.12,153.34,47.4737359,19.0582547
2650,-2.53,0.6,1.0,3.21,153.38,47.4737363,19.058258
2651,-2.6,0.6,1.0,3.27,153.42,47.4737367,19.0582608
2652,-2.61,0.6,1.0,3.2,153.34,47.4737367,19.0582622
2653,-2.6,0.6,1.0,3.24,153.24,47.4737368,19.0582653
2654,-2.61,0.6,1.0,3.17,153.06,47.4737376,19.0582695
2655,-2.61,0.6,1.0,3.2,152.75,47.473738,19.0582737
2656,-2.64,0.6,1.0,3.21,152.44,47.4737385,19.0582779
2657,-2.71,0.6,1.0,3.22,152.22,47.4737391,19.0582821
2658,-2.76,0.6,1.0,3.21,152.03,47.4737392,19.0582846
2659,-2.78,0.6,1.0,3.26,151.91,47.4737392,19.0582876
2660,-2.77,0.6,1.0,3.2,151.92,47.4737397,19.0582908
2661,-2.76,0.6,1.0,3.17,151.93,47.4737399,19.0582935
2662,-2.7,0.6,1.0,3.23,151.93,47.4737398,19.0582964
2663,-2.6,0.6,1.0,3.16,151.96,47.4737399,19.0582989
2664,-2.53,0.6,1.0,3.16,152.01,47.4737396,19.058302
2665,-2.54,0.6,1.0,3.21,152.06,47.473739,19.0583036
2666,-2.52,0.6,1.0,3.21,152.13,47.4737384,19.0583055
2667,-2.51,0.6,1.0,3.18,152.26,47.4737382,19.0583079
2668,-2.56,0.6,1.0,3.23,152.41,47.4737379,19.0583107
2669,-2.59,0.6,1.0,3.24,152.56,47.4737373,19.0583127
2670,-2.53,0.6,1.0,3.17,152.75,47.4737366,19.0583144
2671,-2.52,0.6,1.0,3.17,152.89,47.473736,19.0583166
2672,-2.47,0.6,1.0,3.18,153.02,47.4737355,19.0583183
2673,-2.37,0.6,1.0,3.22,153.11,47.4737348,19.0583206
2674,-2.29,0.6,1.0,3.15,153.16,47.4737341,19.0583219
2675,-2.28,0.6,1.0,3.23,153.19,47.4737333,19.0583236
2676,-2.22,0.6,1.0,3.23,153.23,47.473733,19.0583256
2677,-2.19,0.6,1.0,3.23,153.25,47.4737327,19.0583276
2678,-2.22,0.6,1.0,3.16,153.24,47.4737326,19.0583305
2679,-2.24,0.6,1.0,3.23,153.25,47.4737327,19.0583333
2680,-2.18,0.6,1.0,3.24,153.22,47.4737329,19.0583361
2681,-2.13,0.6,1.0,3.21,153.21,47.4737331,19.0583386
2682,-2.06,0.63,1.0,2.64,153.21,47.4737331,19.0583416
2683,-1.94,0.71,1.0,1.65,153.24,47.4737328,19.0583435
2684,-1.88,0.79,1.0,1.0,153.25,47.4737332,19.0583454
2685,-1.85,0.87,1.0,0.33,153.25,47.4737336,19.0583491
2686,-1.88,0.95,1.0,0,153.25,47.4737327,19.0583535
2687,-1.93,0.98,1.0,0,153.25,47.4737324,19.0583584
2688,-1.99,0.92,1.0,1.18,153.24,47.4737321,19.0583632
2689,-2.0,0.92,1.0,0.57,153.22,47.4737325,19.0583663
2690,-2.12,0.9,1.0,1.04,153.29,47.4737323,19.0583689
2691,-2.17,0.81,1.0,2.26,153.39,47.4737318,19.0583729
2692,-2.2,0.74,1.0,2.49,153.5,47.4737321,19.0583725
2693,-2.22,0.72,1.0,2.38,153.62,47.473732,19.0583739
2694,-2.27,0.64,1.0,3.52,153.77,47.4737316,19.058375
2695,-2.2,0.59,1.0,3.76,153.84,47.4737312,19.0583767
2696,-2.15,0.6,1.0,3.14,153.9,47.4737308,19.0583786
2697,-2.18,0.6,1.0,3.21,153.97,47.4737305,19.0583808
2698,-2.2,0.6,1.0,3.23,154.07,47.4737303,19.0583829
2699,-2.13,0.6,1.0,3.22,154.21,47.4737302,19.0583843
2700,-2.07,0.62,1.0,2.83,154.37,47.4737298,19.0583845
2701,-1.95,0.71,1.0,1.7,154.55,47.4737297,19.0583865
2702,-1.71,0.78,1.0,1.05,154.69,47.4737294,19.0583893
2703,-1.41,0.86,1.0,0.42,154.83,47.4737285,19.0583918
2704,-1.11,0.94,1.0,0,154.97,47.4737286,19.058395
2705,-0.85,1.0,1.0,0,155.14,47.4737286,19.0583968
2706,-0.66,0.99,1.0,0.09,155.3,47.4737281,19.0584
2707,-0.64,0.99,1.0,0.04,155.52,47.4737281,19.0584033
2708,-0.75,1.0,1.0,0,155.72,47.4737272,19.0584051
2709,-0.89,1.0,1.0,0.06,155.91,47.4737253,19.0584061
2710,-0.98,1.0,1.0,0,156.02,47.4737251,19.0584085
2711,-0.94,1.0,1.0,0.06,156.14,47.4737246,19.0584112
2712,-0.82,0.99,1.0,0.05,156.26,47.4737241,19.0584155
2713,-0.69,0.99,1.0,0.1,156.4,47.4737238,19.0584188
2714,-0.65,0.99,1.0,0.04,156.5,47.4737241,19.0584208
2715,-0.64,0.99,1.0,0.09,156.61,47.473723,19.058422
2716,-0.85,0.99,1.0,0.04,156.71,47.4737229,19.0584256
2717,-1.07,0.99,1.0,0.04,156.73,47.473722,19.0584285
2718,-1.24,1.0,1.0,0.01,156.75,47.4737209,19.0584314
2719,-1.25,0.99,1.0,0.1,156.77,47.4737219,19.0584354
2720,-1.28,0.99,1.0,0.06,156.86,47.4737222,19.0584391
2721,-1.19,0.99,1.0,0.1,156.92,47.4737217,19.0584417
2722,-1.08,0.99,1.0,0.05,157.0,47.4737211,19.0584431
2723,-1.04,0.99,1.0,0.1,157.05,47.4737203,19.0584474
2724,-0.99,1.0,1.0,0,157.04,47.4737195,19.0584498
2725,-1.0,1.0,1.0,0,156.94,47.4737198,19.0584537
2726,-0.99,1.0,1.0,0,156.82,47.4737207,19.0584588
2727,-0.94,1.0,1.0,0.04,156.71,47.4737214,19.0584628
2728,-0.81,1.0,1.0,0,156.59,47.4737212,19.0584657
2729,-0.86,1.0,1.0,0.04,156.54,47.473721,19.0584691
2730,-0.81,1.0,1.0,0.02,156.5,47.4737215,19.0584735
2731,-1.01,1.0,1.0,0.03,156.52,47.4737223,19.058478
2732,-1.18,1.0,1.0,0,156.52,47.473722,19.0584818
2733,-1.49,1.0,1.0,0.04,156.53,47.4737225,19.0584854
2734,-1.8,0.96,1.0,0.62,156.54,47.4737227,19.058489
2735,-2.14,0.87,1.0,1.77,156.58,47.4737237,19.0584928
2736,-2.22,0.79,1.0,2.32,156.58,47.4737238,19.0584966
2737,-2.25,0.61,1.0,4.64,156.55,47.4737234,19.058498
2738,-2.17,0.41,1.0,6.35,156.5,47.4737233,19.0585006
2739,-1.99,0.26,1.0,7.04,156.44,47.4737231,19.0585021
2740,-1.91,0.16,1.0,7.45,156.36,47.4737222,19.0585011
2741,-1.96,0.1,1.0,7.69,156.23,47.4737211,19.0585004
2742,-1.96,0.19,1.0,5.78,156.12,47.4737204,19.0584999
2743,-2.01,0.27,1.0,5.2,156.03,47.4737202,19.0585007
2744,-2.1,0.34,1.0,4.67,155.95,47.47372,19.0585024
2745,-2.0,0.42,1.0,3.99,155.81,47.4737196,19.0585036
2746,-1.79,0.48,1.0,3.67,155.67,47.4737188,19.0585047
2747,-1.76,0.6,1.0,2.09,155.52,47.4737201,19.0585068
2748,-1.75,0.72,1.0,1.16,155.32,47.4737199,19.0585094
2749,-1.73,0.69,1.0,2.77,155.14,47.4737188,19.0585123
2750,-1.71,0.61,1.0,3.73,155.05,47.4737174,19.058516
2751,-1.72,0.5,1.0,5.0,154.99,47.4737168,19.0585168
2752,-1.59,0.27,1.0,7.69,154.96,47.4737172,19.0585169
2753,-1.32,0.08,1.0,9.08,154.99,47.4737174,19.0585177
2754,-1.08,0.03,1.0,8.15,155.01,47.4737167,19.058517
2755,-1.04,0.03,1.0,7.73,155.05,47.4737165,19.0585157
2756,-1.08,0.04,1.0,7.67,155.1,47.4737161,19.0585157
2757,-1.18,0.04,1.0,7.73,155.17,47.4737155,19.0585153
2758,-1.4,0.02,1.0,7.97,155.24,47.4737155,19.0585163
2759,-1.55,0.02,1.0,7.9,155.34,47.4737148,19.0585159
2760,-1.56,0.15,1.0,5.64,155.41,47.4737143,19.058516
2761,-1.59,0.34,1.0,3.71,155.5,47.473714,19.0585156
2762,-1.49,0.43,1.0,3.81,155.59,47.4737132,19.0585165
2763,-1.48,0.5,1.0,3.33,155.65,47.4737109,19.0585162
2764,-1.41,0.54,1.0,3.31,155.7,47.4737099,19.0585165
2765,-1.38,0.42,1.0,5.69,155.77,47.4737093,19.0585183
2766,-1.31,0.25,1.0,7.53,155.82,47.4737089,19.0585182
2767,-1.38,0.15,1.0,7.53,155.87,47.4737088,19.058519
2768,-1.34,0.08,1.0,8.0,155.92,47.4737085,19.0585191
2769,-1.37,0.04,1.0,8.07,155.96,47.4737082,19.0585187
2770,-1.38,0.03,1.0,7.88,155.98,47.4737079,19.058518
2771,-1.32,0.16,1.0,5.61,156.01,47.4737073,19.0585173
2772,-1.37,0.36,1.0,3.44,156.02,47.4737068,19.058517
2773,-1.36,0.55,1.0,1.94,156.04,47.4737059,19.058518
2774,-1.39,0.75,1.0,0.31,156.04,47.4737053,19.0585215
2775,-1.41,0.94,1.0,0,156.02,47.473704,19.0585232
2776,-1.48,0.99,1.0,0,156.03,47.4737025,19.0585255
2777,-1.39,1.0,1.0,0.02,156.07,47.4737022,19.0585292
2778,-1.35,1.0,1.0,0,156.12,47.4737018,19.0585302
2779,-1.25,1.0,1.0,0,156.17,47.4737019,19.0585331
2780,-1.17,1.0,1.0,0,156.23,47.4737019,19.0585367
2781,-1.13,1.0,1.0,0.05,156.27,47.4737012,19.05854
2782,-1.1,1.0,1.0,0.01,156.29,47.4737006,19.0585435
2783,-1.06,1.0,1.0,0.02,156.3,47.4737001,19.0585469
2784,-1.07,1.0,1.0,0,156.32,47.4737,19.0585511
2785,-1.05,1.0,1.0,0.04,156.35,47.4736995,19.0585536
2786,-1.02,1.0,1.0,0,156.36,47.4736997,19.0585579
2787,-1.0,1.0,1.0,0.04,156.41,47.4736996,19.0585617
2788,-1.0,1.0,1.0,0.05,156.44,47.4736979,19.0585648
2789,-1.0,1.0,1.0,0.02,156.43,47.4736982,19.058569
2790,-1.04,1.0,1.0,0.04,156.39,47.4736973,19.0585719
2791,-1.07,0.99,1.0,0.05,156.35,47.473698,19.0585774
2792,-1.14,1.0,1.0,0,156.27,47.4736986,19.058582
2793,-1.22,1.0,1.0,0,156.19,47.4736979,19.0585848
2794,-1.25,1.0,1.0,0,156.16,47.4736977,19.0585885
2795,-1.29,1.0,1.0,0,156.14,47.4736973,19.058592
2796,-1.28,1.0,1.0,0,156.11,47.4736973,19.058596
2797,-1.22,1.0,1.0,0.05,156.05,47.4736966,19.0585992
2798,-1.08,1.0,1.0,0,156.01,47.4736966,19.0586026
2799,-0.96,1.0,1.0,0.07,155.96,47.4736967,19.0586075
2800,-0.79,1.0,1.0,0.02,155.94,47.4736974,19.0586115
2801,-0.68,1.0,1.0,0.04,155.91,47.4736972,19.0586146
2802,-0.59,1.0,1.0,0.03,155.94,47.4736976,19.0586186
2803,-0.55,0.99,1.0,0.07,155.95,47.4736974,19.0586232
2804,-0.52,1.0,1.0,0.02,155.94,47.4736969,19.0586257
2805,-0.53,1.0,1.0,0.03,155.91,47.4736983,19.0586307
2806,-0.51,0.99,1.0,0.06,155.86,47.4736986,19.0586343
2807,-0.56,1.0,1.0,0,155.77,47.4736991,19.0586393
2808,-0.62,1.0,1.0,0,155.69,47.4736992,19.0586435
2809,-0.75,1.0,1.0,0,155.59,47.473699,19.0586475
2810,-0.9,1.0,1.0,0,155.53,47.4736991,19.0586491
2811,-1.11,1.0,1.0,0.0,155.5,47.4736989,19.0586529
2812,-1.29,1.0,1.0,0.04,155.5,47.4736974,19.0586538
2813,-1.52,1.0,1.0,0.05,155.54,47.4736975,19.0586561
2814,-1.67,1.0,1.0,0.03,155.59,47.473697,19.0586598
2815,-1.81,0.99,1.0,0.06,155.59,47.4736984,19.0586644
2816,-1.88,1.0,1.0,0,155.56,47.4736988,19.0586682
2817,-1.91,1.0,1.0,0.01,155.51,47.4736988,19.058671
2818,-1.9,1.0,1.0,0.02,155.45,47.4736996,19.0586763
2819,-1.9,1.0,1.0,0.0,155.4,47.4736988,19.0586775
2820,-1.9,1.0,1.0,0.04,155.32,47.4736982,19.0586793
2821,-1.94,0.99,1.0,0.07,155.26,47.4736981,19.05868
2822,-1.86,0.94,1.0,1.0,155.2,47.473698,19.0586788
2823,-1.75,0.87,1.0,1.63,155.14,47.4736977,19.0586785
2824,-1.66,0.88,1.0,0.88,155.07,47.4736978,19.0586775
2825,-1.59,0.87,1.0,1.07,155.0,47.4736975,19.058678
2826,-1.47,0.88,1.0,0.98,154.92,47.4736976,19.0586803
2827,-1.53,0.93,1.0,0.11,154.82,47.4736972,19.0586833
2828,-1.56,1.0,1.0,0,154.69,47.4736969,19.0586856
2829,-1.7,0.99,1.0,0.17,154.51,47.4736967,19.058688
2830,-1.76,0.94,1.0,0.88,154.32,47.4736966,19.0586923
2831,-1.85,0.87,1.0,1.63,154.14,47.4736976,19.0586966
2832,-1.96,0.88,1.0,0.91,153.98,47.4736973,19.0587012
2833,-2.1,0.85,1.0,1.46,153.8,47.4736979,19.0587027
2834,-2.13,0.76,1.0,2.68,153.66,47.4736972,19.0587069
2835,-2.19,0.73,1.0,2.32,153.54,47.4736974,19.0587107
2836,-2.15,0.73,1.0,2.27,153.45,47.4736978,19.0587134
2837,-2.06,0.66,1.0,3.22,153.36,47.4736982,19.0587171
2838,-2.05,0.7,1.0,2.07,153.25,47.4736982,19.0587192
2839,-2.03,0.78,1.0,1.2,153.17,47.4736978,19.0587209
2840,-2.01,0.76,1.0,2.08,153.15,47.4736971,19.0587215
2841,-2.09,0.76,1.0,1.87,153.15,47.4736966,19.0587251
2842,-2.11,0.74,1.0,2.33,153.08,47.4736959,19.0587277
2843,-2.02,0.67,1.0,3.13,153.17,47.4736957,19.0587302
2844,-1.84,0.7,1.0,2.17,153.23,47.4736961,19.058734
2845,-1.67,0.79,1.0,1.12,153.22,47.4736955,19.0587367
2846,-1.19,0.86,1.0,0.52,153.17,47.4736952,19.058741
2847,-0.69,0.95,1.0,0,153.17,47.4736951,19.0587447
2848,-0.15,1.01,1.0,0,153.12,47.4736954,19.0587498
2849,0.05,1.0,1.0,0.13,153.07,47.4736946,19.0587532
2850,0.23,1.0,1.0,0,153.1,47.4736942,19.0587572
2851,0.13,1.0,1.0,0.03,153.2,47.473694,19.0587609
2852,0.25,1.0,1.0,0.01,153.34,47.4736932,19.0587645
2853,0.44,0.99,1.0,0.07,153.49,47.4736924,19.0587679
2854,0.95,0.99,1.0,0.06,153.64,47.4736918,19.0587707
2855,1.53,1.02,1.0,0,153.76,47.4736916,19.058774
2856,1.91,1.1,1.0,0,153.85,47.4736911,19.0587769
2857,1.74,1.18,1.0,0,154.02,47.4736908,19.0587803
2858,1.46,1.16,1.0,0,154.19,47.4736903,19.0587847
2859,1.1,1.17,1.0,0,154.37,47.4736885,19.0587892
2860,0.68,1.14,1.0,0,154.55,47.4736882,19.0587932
2861,0.41,1.06,1.0,0.08,154.74,47.473688,19.0587977
2862,0.4,0.99,1.0,0.73,154.81,47.4736878,19.058802
2863,0.32,1.0,1.0,0,154.85,47.4736874,19.0588056
2864,0.2,1.0,1.0,0,154.85,47.4736871,19.0588095
2865,-0.05,1.0,1.0,0,154.82,47.4736872,19.0588134
2866,-0.14,1.0,1.0,0.01,154.78,47.4736868,19.0588172
2867,-0.25,1.0,1.0,0.03,154.72,47.4736868,19.0588213
2868,-0.35,0.97,1.0,0.49,154.67,47.4736866,19.0588252
2869,-0.4,0.77,1.0,3.55,154.66,47.4736863,19.0588287
2870,-0.33,0.57,1.0,5.14,154.66,47.473686,19.0588321
2871,-0.38,0.37,1.0,6.82,154.66,47.4736859,19.0588335
2872,-0.4,0.18,1.0,8.25,154.66,47.473686,19.0588339
2873,-0.43,0.01,1.0,9.4,154.67,47.4736861,19.0588339
2874,-0.43,0.0,1.0,8.01,154.68,47.473686,19.0588337
2875,-0.45,0.0,1.0,8.02,154.69,47.4736856,19.0588333
2876,-0.46,0.0,1.0,8.0,154.71,47.4736853,19.0588332
2877,-0.47,0.0,1.0,8.0,154.74,47.473685,19.0588329
2878,-0.48,0.0,1.0,8.0,154.73,47.4736846,19.0588324
2879,-0.49,0.0,1.0,8.0,154.73,47.4736843,19.0588318
2880,-0.5,0.0,1.0,8.0,154.7,47.4736841,19.0588312
2881,-0.5,0.0,1.0,8.0,154.67,47.4736837,19.0588304
2882,-0.51,0.0,1.0,8.0,154.64,47.4736836,19.05883
2883,-0.52,0.0,1.0,8.0,154.61,47.4736834,19.0588291
2884,-0.52,0.0,1.0,8.0,154.59,47.4736831,19.0588285
2885,-0.53,0.0,1.0,8.0,154.57,47.4736827,19.0588279
2886,-0.53,0.13,1.0,5.89,154.56,47.4736823,19.0588273
2887,-0.43,0.33,1.0,3.65,154.57,47.4736822,19.0588268
2888,-0.35,0.53,1.0,2.13,154.59,47.4736818,19.0588279
2889,-0.23,0.73,1.0,0.46,154.62,47.4736813,19.058831
2890,-0.09,0.93,1.0,0,154.64,47.4736805,19.0588334
2891,0.07,1.0,1.0,0,154.68,47.4736798,19.0588365
2892,0.18,1.0,1.0,0,154.71,47.4736792,19.0588396
2893,0.55,1.0,1.0,0,154.69,47.4736784,19.0588427
2894,0.72,1.0,1.0,0,154.67,47.4736777,19.0588459
2895,0.75,1.0,1.0,0.0,154.66,47.4736778,19.0588494
2896,0.48,0.96,1.0,0.6,154.64,47.4736772,19.0588529
2897,0.11,0.77,1.0,3.55,154.62,47.4736767,19.0588569
2898,-0.53,0.57,1.0,5.2,154.68,47.4736761,19.0588601
2899,-1.0,0.37,1.0,6.81,154.77,47.4736757,19.0588607
2900,-1.36,0.17,1.0,8.37,154.87,47.4736751,19.0588605
2901,-1.44,0.01,1.0,9.28,154.99,47.4736747,19.0588607
2902,-1.47,0.0,1.0,8.05,155.11,47.4736742,19.0588609
2903,-1.48,0.0,1.0,8.0,155.21,47.4736738,19.058861
2904,-1.49,0.0,1.0,8.0,155.3,47.4736734,19.0588612
2905,-1.49,0.0,1.0,8.0,155.38,47.4736731,19.0588612
2906,-1.5,0.0,1.0,8.0,155.45,47.4736728,19.0588612
2907,-1.5,0.0,1.0,8.0,155.51,47.4736724,19.0588611
2908,-1.5,0.0,1.0,8.0,155.58,47.4736719,19.058861
2909,-1.51,0.0,1.0,8.0,155.63,47.4736716,19.058861
2910,-1.51,0.0,1.0,8.0,155.68,47.4736713,19.0588614
2911,-1.58,0.01,1.0,7.78,155.74,47.473671,19.0588614
2912,-1.2,0.06,1.0,7.14,155.78,47.4736706,19.0588611
2913,-0.91,0.06,1.0,7.51,155.83,47.4736701,19.0588607
2914,-0.76,0.15,1.0,6.0,155.89,47.47367,19.0588591
2915,-0.54,0.2,1.0,6.04,155.92,47.4736693,19.0588592
2916,-0.14,0.26,1.0,5.39,155.95,47.4736691,19.0588584
2917,-0.28,0.26,1.0,5.84,155.98,47.4736693,19.0588572
2918,-0.38,0.29,1.0,5.47,156.0,47.473669,19.0588554
2919,-0.22,0.26,1.0,6.14,156.01,47.4736688,19.0588545
2920,0.02,0.25,1.0,6.1,156.04,47.473669,19.0588542
2921,0.17,0.17,1.0,7.24,156.05,47.4736689,19.0588535
2922,0.46,0.22,1.0,5.87,156.05,47.473669,19.0588529
2923,0.83,0.2,1.0,6.65,156.07,47.4736688,19.0588529
2924,1.15,0.13,1.0,7.47,156.09,47.4736689,19.0588531
2925,1.29,0.1,1.0,7.49,156.13,47.4736687,19.0588508
2926,1.41,0.1,1.0,7.22,156.18,47.4736685,19.0588508
2927,1.49,0.0,1.0,8.83,156.26,47.4736679,19.0588502
2928,1.53,0.0,1.0,8.01,156.32,47.4736675,19.0588494
2929,1.52,0.0,1.0,8.0,156.37,47.4736668,19.0588488
2930,1.51,0.0,1.0,8.0,156.43,47.4736664,19.0588486
2931,1.51,0.0,1.0,8.0,156.5,47.4736659,19.058848
2932,1.51,0.0,1.0,8.0,156.58,47.4736655,19.0588471
2933,1.51,0.0,1.0,8.0,156.65,47.4736649,19.0588457
2934,1.51,0.0,1.0,8.0,156.73,47.4736645,19.0588451
2935,1.51,0.0,1.0,8.0,156.79,47.4736643,19.0588447
2936,1.51,0.0,1.0,8.0,156.83,47.4736639,19.058844
2937,1.5,0.0,1.0,8.0,156.85,47.4736634,19.0588434
2938,1.5,0.0,1.0,8.0,156.91,47.4736631,19.0588431
2939,1.5,0.0,1.0,8.0,156.97,47.4736627,19.0588424
2940,1.49,0.0,1.0,8.0,157.04,47.4736621,19.0588414
2941,1.49,0.0,1.0,8.0,157.12,47.4736616,19.0588408
2942,1.49,0.0,1.0,8.0,157.22,47.4736611,19.0588401
2943,1.48,0.0,1.0,8.0,157.31,47.4736606,19.0588395
2944,1.48,0.0,1.0,8.0,157.39,47.4736602,19.0588387
2945,1.48,0.0,1.0,8.0,157.48,47.4736597,19.058838
2946,1.48,0.0,1.0,8.0,157.58,47.4736594,19.0588375
2947,1.47,0.0,1.0,8.0,157.68,47.4736589,19.0588366
2948,1.47,0.0,1.0,8.0,157.78,47.4736583,19.0588361
2949,1.47,0.0,1.0,8.0,157.89,47.4736577,19.0588355
2950,1.46,0.0,1.0,8.0,158.0,47.4736572,19.0588347
2951,1.46,0.0,1.0,8.0,158.11,47.473657,19.0588345
2952,1.46,0.0,1.0,8.0,158.22,47.473657,19.0588343
2953,1.46,0.0,1.0,8.0,158.33,47.4736565,19.058834
2954,1.46,0.0,1.0,8.0,158.43,47.4736561,19.0588334
2955,1.46,0.0,1.0,8.0,158.53,47.4736555,19.0588327
2956,1.46,0.0,1.0,8.0,158.62,47.4736552,19.058832
2957,1.46,0.0,1.0,8.0,158.69,47.4736549,19.0588314
2958,1.46,0.0,1.0,8.0,158.76,47.4736545,19.0588308
2959,1.46,0.0,1.0,8.0,158.83,47.4736544,19.0588304
2960,1.46,0.0,1.0,8.0,158.91,47.4736541,19.0588302
2961,1.46,0.0,1.0,8.0,158.98,47.4736538,19.05883
2962,1.46,0.0,1.0,8.0,159.06,47.4736535,19.0588299
2963,1.46,0.0,1.0,8.0,159.13,47.4736533,19.0588297
2964,1.46,0.0,1.0,8.0,159.19,47.4736533,19.0588298
2965,1.46,0.0,1.0,8.0,159.26,47.473653,19.0588295
2966,1.46,0.0,1.0,8.0,159.34,47.4736528,19.0588294
2967,1.46,0.0,1.0,8.0,159.42,47.4736524,19.0588291
2968,1.46,0.0,1.0,8.0,159.49,47.4736521,19.058829
2969,1.46,0.0,1.0,8.0,159.58,47.4736517,19.0588287
2970,1.46,0.0,1.0,8.0,159.66,47.4736516,19.0588285
2971,1.46,0.0,1.0,8.0,159.75,47.4736512,19.0588283
2972,1.45,0.0,1.0,8.0,159.84,47.4736509,19.058828
2973,1.45,0.0,1.0,8.0,159.94,47.4736504,19.0588278
2974,1.45,0.0,1.0,8.0,160.03,47.4736502,19.0588276
2975,1.44,0.0,1.0,8.0,160.12,47.4736499,19.0588274
2976,1.44,0.0,1.0,8.0,160.2,47.4736497,19.0588273
2977,1.43,0.0,1.0,8.0,160.28,47.4736494,19.0588272
2978,1.43,0.0,1.0,8.0,160.36,47.4736493,19.058827
2979,1.43,0.0,1.0,8.0,160.44,47.473649,19.0588268
2980,1.42,0.0,1.0,8.0,160.51,47.4736488,19.0588266
2981,1.42,0.0,1.0,8.0,160.59,47.4736486,19.0588265
2982,1.42,0.0,1.0,8.0,160.68,47.4736484,19.0588263
2983,1.42,0.0,1.0,8.0,160.78,47.473648,19.058826
2984,1.42,0.0,1.0,8.0,160.9,47.4736478,19.0588259
2985,1.41,0.0,1.0,8.0,161.01,47.4736474,19.0588255
2986,1.41,0.0,1.0,8.0,161.12,47.4736471,19.0588253
2987,1.41,0.0,1.0,8.0,161.22,47.4736468,19.0588251
2988,1.4,0.0,1.0,8.0,161.3,47.4736467,19.0588249
2989,1.4,0.0,1.0,8.0,161.37,47.4736466,19.0588247
2990,1.4,0.0,1.0,8.0,161.44,47.4736464,19.0588246
2991,1.4,0.0,1.0,8.0,161.5,47.4736463,19.0588244
2992,1.4,0.0,1.0,8.0,161.56,47.4736461,19.0588244
2993,1.4,0.0,1.0,8.0,161.62,47.4736461,19.0588242
2994,1.4,0.0,1.0,8.0,161.67,47.4736459,19.0588241
2995,1.4,0.0,1.0,8.0,161.72,47.4736458,19.0588241
2996,1.4,0.0,1.0,8.0,161.78,47.4736457,19.0588242
2997,1.41,0.0,1.0,8.0,161.83,47.4736455,19.0588241
2998,1.41,0.0,1.0,8.0,161.87,47.4736454,19.0588241
2999,1.41,0.0,1.0,8.0,161.89,47.4736452,19.0588239
3000,1.42,0.0,1.0,8.0,161.91,47.4736453,19.058824
3001,1.42,0.0,1.0,8.0,161.91,47.4736453,19.0588238
3002,1.43,0.0,1.0,8.0,161.91,47.4736454,19.0588238
3003,1.44,0.0,1.0,8.0,161.93,47.4736455,19.058824
3004,1.44,0.0,1.0,8.0,161.96,47.4736454,19.0588237
3005,1.44,0.0,1.0,8.0,161.98,47.4736453,19.0588237
3006,1.45,0.0,1.0,8.0,162.03,47.4736452,19.0588236
3007,1.45,0.0,1.0,8.0,162.06,47.4736452,19.0588237
3008,1.45,0.0,1.0,8.0,162.09,47.473645,19.0588234
3009,1.45,0.0,1.0,8.0,162.12,47.4736449,19.0588234
3010,1.45,0.0,1.0,8.0,162.16,47.4736448,19.0588233
3011,1.46,0.0,1.0,8.0,162.19,47.4736447,19.0588231
3012,1.46,0.0,1.0,8.0,162.21,47.4736446,19.058823
3013,1.46,0.0,1.0,8.0,162.23,47.4736446,19.0588229
3014,1.47,0.0,1.0,8.0,162.25,47.4736447,19.0588228
3015,1.47,0.0,1.0,8.0,162.27,47.4736446,19.0588229
3016,1.48,0.0,1.0,8.0,162.28,47.4736445,19.0588226
3017,1.48,0.0,1.0,8.0,162.29,47.4736446,19.0588227
3018,1.48,0.0,1.0,8.0,162.3,47.4736447,19.0588226
3019,1.48,0.0,1.0,8.0,162.32,47.4736446,19.0588226
3020,1.49,0.0,1.0,8.0,162.34,47.4736448,19.0588227
3021,1.49,0.0,1.0,8.0,162.36,47.4736446,19.0588225
3022,1.49,0.0,1.0,8.0,162.39,47.4736446,19.0588225
3023,1.49,0.0,1.0,8.0,162.18,47.4736446,19.0588224
3024,1.49,0.0,1.0,8.0,161.8,47.4736445,19.0588224
3025,1.49,0.0,1.0,8.0,161.25,47.4736489,19.0588295
3026,1.49,0.0,1.0,8.0,160.57,47.4736525,19.0588352
3027,1.5,0.0,1.0,8.0,159.75,47.4736556,19.0588402
3028,1.5,0.0,1.0,8.0,159.06,47.4736586,19.058845
3029,1.5,0.0,1.0,8.0,158.44,47.4736613,19.0588494
3030,1.51,0.0,1.0,8.0,157.87,47.4736637,19.0588534
3031,1.51,0.0,1.0,8.0,157.34,47.473666,19.058857
3032,1.51,0.0,1.0,8.0,156.85,47.4736682,19.0588604
3033,1.51,0.0,1.0,8.0,156.39,47.4736703,19.0588635
3034,1.52,0.0,1.0,8.0,155.95,47.4736723,19.0588664
3035,1.52,0.0,1.0,8.0,155.54,47.4736741,19.058869
3036,1.53,0.0,1.0,8.0,155.18,47.4736758,19.0588717
3037,1.53,0.0,1.0,8.0,154.86,47.4736774,19.0588741
3038,1.53,0.0,1.0,8.0,154.6,47.4736786,19.0588759
3039,1.54,0.0,1.0,8.0,154.38,47.4736798,19.0588775
3040,1.54,0.0,1.0,8.0,154.23,47.4736806,19.0588788
3041,1.54,0.0,1.0,8.0,154.11,47.4736814,19.0588801
3042,1.54,0.0,1.0,8.0,154.05,47.4736819,19.0588807
3043,1.54,0.0,1.0,8.0,154.0,47.4736823,19.0588815
3044,1.54,0.0,1.0,8.0,153.98,47.4736827,19.0588822
3045,1.54,0.0,1.0,8.0,153.97,47.4736831,19.058883
3046,1.54,0.0,1.0,8.0,153.95,47.4736835,19.0588839
3047,1.54,0.0,1.0,8.0,153.94,47.473684,19.058885
3048,1.54,0.0,1.0,8.0,153.91,47.4736845,19.0588861
3049,1.54,0.0,1.0,8.0,153.88,47.473685,19.0588872
3050,1.54,0.0,1.0,8.0,153.85,47.4736857,19.0588883
3051,1.54,0.0,1.0,8.0,153.82,47.4736862,19.0588893
3052,1.54,0.0,1.0,8.0,153.79,47.4736866,19.0588904
3053,1.54,0.0,1.0,8.0,153.76,47.4736871,19.0588911
3054,1.54,0.0,1.0,8.0,153.74,47.4736874,19.0588919
3055,1.55,0.0,1.0,8.0,153.72,47.4736879,19.0588928
3056,1.55,0.0,1.0,8.0,153.69,47.4736882,19.0588935
3057,1.54,0.0,1.0,8.0,153.68,47.4736885,19.0588942
3058,1.54,0.0,1.0,8.0,153.65,47.4736888,19.0588951
3059,1.54,0.0,1.0,8.0,153.59,47.4736892,19.058896
3060,1.54,0.0,1.0,8.0,153.53,47.4736894,19.0588967
3061,1.54,0.0,1.0,8.0,153.45,47.4736897,19.0588976
3062,1.53,0.0,1.0,8.0,153.37,47.47369,19.0588983
3063,1.53,0.0,1.0,8.0,153.29,47.4736906,19.0588994
3064,1.53,0.0,1.0,8.0,153.23,47.4736909,19.0589001
3065,1.53,0.0,1.0,8.0,153.19,47.4736912,19.0589009
3066,1.53,0.0,1.0,8.0,153.17,47.4736913,19.0589014
3067,1.53,0.0,1.0,8.0,153.16,47.4736915,19.058902
3068,1.54,0.0,1.0,8.0,153.17,47.4736917,19.0589026
3069,1.54,0.0,1.0,8.0,153.19,47.4736921,19.0589034
3070,1.54,0.0,1.0,8.0,153.22,47.4736922,19.0589033
3071,1.54,0.0,1.0,8.0,153.24,47.4736925,19.058904
3072,1.54,0.0,1.0,8.0,153.26,47.4736929,19.058905
3073,1.54,0.0,1.0,8.0,153.25,47.4736935,19.0589063
3074,1.55,0.0,1.0,8.0,153.24,47.4736939,19.0589077
3075,1.55,0.0,1.0,8.0,153.24,47.4736943,19.0589086
3076,1.55,0.0,1.0,8.0,153.21,47.4736947,19.0589095
3077,1.55,0.0,1.0,8.0,153.18,47.473695,19.0589104
3078,1.56,0.0,1.0,8.0,153.15,47.4736954,19.0589111
3079,1.56,0.0,1.0,8.0,153.13,47.4736957,19.0589117
3080,1.56,0.0,1.0,8.0,153.09,47.473696,19.0589124
3081,1.56,0.0,1.0,8.0,153.06,47.4736958,19.0589126
3082,1.44,0.09,1.0,6.55,153.04,47.4736962,19.0589134
3083,1.24,0.11,1.0,6.96,153.0,47.4736967,19.058914
3084,1.07,0.11,1.0,7.12,152.95,47.4736969,19.0589155
3085,0.9,0.15,1.0,6.38,152.92,47.4736971,19.0589172
3086,0.77,0.3,1.0,4.36,152.89,47.4736972,19.0589171
3087,0.7,0.46,1.0,2.96,152.86,47.4736973,19.0589175
3088,0.42,0.7,1.0,0.31,152.84,47.4736973,19.0589197
3089,0.24,0.95,1.0,0,152.81,47.4736972,19.0589233
3090,0.04,1.15,1.0,0,152.79,47.4736969,19.058928
3091,-0.29,1.24,1.0,0,152.76,47.4736966,19.0589322
3092,-0.59,1.18,1.0,0,152.73,47.4736962,19.0589365
3093,-0.53,1.11,1.0,0,152.69,47.4736959,19.0589406
3094,-0.57,1.05,1.0,0.0,152.65,47.4736956,19.0589444
3095,-0.6,1.05,1.0,0,152.59,47.4736955,19.0589475
3096,-0.48,1.06,1.0,0,152.5,47.4736951,19.0589512
3097,-0.3,1.1,1.0,0,152.4,47.4736943,19.0589544
3098,-0.22,1.17,1.0,0,152.3,47.4736943,19.058959
3099,-0.28,1.2,1.0,0,152.2,47.4736942,19.0589641
3100,-0.48,1.19,1.0,0,152.1,47.4736944,19.0589682
3101,-0.66,1.27,1.0,0,152.05,47.4736947,19.0589725
3102,-0.88,1.39,1.0,0,152.0,47.4736958,19.0589766
3103,-1.08,1.48,1.0,0,151.95,47.4736974,19.0589808
3104,-1.26,1.61,1.0,0,151.87,47.4736991,19.0589858
3105,-1.34,1.73,1.0,0,151.77,47.4737008,19.0589911
3106,-1.58,1.76,1.0,0,151.62,47.4737029,19.0589968
3107,-1.79,1.78,1.0,0,151.45,47.4737044,19.0590027
3108,-1.91,1.78,1.0,0,151.31,47.473706,19.059008
3109,-1.94,1.73,1.0,0,151.18,47.4737082,19.0590141
3110,-1.86,1.63,1.0,0,151.07,47.4737109,19.0590203
3111,-1.69,1.59,1.0,0,150.99,47.4737132,19.059026
3112,-1.62,1.48,1.0,0,150.95,47.4737142,19.0590306
3113,-1.65,1.36,1.0,0,150.87,47.4737159,19.0590349
3114,-1.69,1.3,1.0,0,150.81,47.473718,19.0590406
3115,-1.44,1.24,1.0,0,150.75,47.4737195,19.0590451
3116,-1.14,1.12,1.0,0.15,150.69,47.4737212,19.0590499
3117,-0.67,1.01,1.0,0.85,150.65,47.4737224,19.0590538
3118,-0.08,0.91,1.0,1.49,150.62,47.4737237,19.0590573
3119,0.53,0.8,1.0,2.49,150.58,47.4737247,19.0590603
3120,0.61,0.75,1.0,2.46,150.58,47.4737257,19.0590631
3121,0.59,0.7,1.0,2.85,150.55,47.4737265,19.0590654
3122,0.58,0.65,1.0,3.32,150.53,47.4737265,19.0590684
3123,0.48,0.57,1.0,4.09,150.51,47.473727,19.0590711
3124,0.34,0.47,1.0,4.91,150.5,47.4737266,19.0590738
3125,0.55,0.35,1.0,6.17,150.51,47.4737267,19.0590754
3126,0.91,0.28,1.0,6.27,150.52,47.4737273,19.0590766
3127,1.15,0.31,1.0,5.32,150.55,47.473728,19.0590758
3128,1.42,0.43,1.0,3.61,150.57,47.4737288,19.0590751
3129,1.54,0.56,1.0,2.5,150.6,47.4737297,19.0590756
3130,1.64,0.68,1.0,1.65,150.58,47.4737317,19.0590774
3131,1.59,0.79,1.0,0.83,150.54,47.4737333,19.0590789
3132,1.45,0.79,1.0,1.76,150.48,47.4737346,19.0590797
3133,1.24,0.61,1.0,4.4,150.44,47.4737371,19.0590821
3134,1.2,0.45,1.0,5.6,150.38,47.4737385,19.0590839
3135,1.07,0.32,1.0,6.47,150.34,47.4737379,19.0590841
3136,0.96,0.16,1.0,7.99,150.35,47.4737377,19.0590844
3137,0.97,0.03,1.0,8.77,150.36,47.4737379,19.0590846
3138,1.03,0.01,1.0,8.05,150.39,47.4737375,19.0590845
3139,1.06,0.01,1.0,7.94,150.44,47.4737375,19.0590847
3140,1.11,0.01,1.0,7.88,150.49,47.4737374,19.0590848
3141,1.09,0.01,1.0,7.92,150.52,47.4737369,19.0590847
3142,1.14,0.1,1.0,6.64,150.54,47.4737364,19.0590845
3143,1.2,0.23,1.0,5.1,150.56,47.4737355,19.0590844
3144,1.31,0.39,1.0,3.61,150.53,47.4737351,19.0590842
3145,1.29,0.47,1.0,3.65,150.47,47.4737358,19.0590857
3146,1.31,0.46,1.0,4.32,150.4,47.4737374,19.0590877
3147,1.21,0.38,1.0,5.66,150.3,47.4737394,19.0590908
3148,1.01,0.25,1.0,6.99,150.19,47.4737399,19.0590911
3149,0.7,0.09,1.0,8.52,150.1,47.47374,19.0590917
3150,0.39,0.01,1.0,8.61,150.06,47.4737399,19.0590926
3151,0.04,0.01,1.0,7.91,150.03,47.4737396,19.0590932
3152,-0.25,0.01,1.0,7.98,149.98,47.4737393,19.0590937
3153,-0.32,0.01,1.0,7.87,149.93,47.4737396,19.0590936
3154,-0.35,0.01,1.0,7.91,149.89,47.4737404,19.0590936
3155,-0.25,0.01,1.0,7.91,149.83,47.473741,19.0590937
3156,-0.11,0.01,1.0,7.97,149.75,47.4737416,19.0590935
3157,0.02,0.01,1.0,7.94,149.72,47.4737418,19.0590932
3158,0.01,0.0,1.0,8.03,149.68,47.4737422,19.0590928
3159,0.1,0.03,1.0,7.53,149.65,47.4737424,19.0590921
3160,0.15,0.21,1.0,5.06,149.65,47.4737425,19.0590916
3161,0.14,0.4,1.0,3.42,149.65,47.4737426,19.0590912
3162,0.16,0.6,1.0,1.56,149.65,47.4737423,19.0590929
3163,0.13,0.8,1.0,0.01,149.63,47.473742,19.0590956
3164,0.02,0.97,1.0,0,149.6,47.4737418,19.0590991
3165,-0.04,0.99,1.0,0,149.53,47.4737418,19.059102
3166,0.01,0.99,1.0,0,149.47,47.4737414,19.0591047
3167,-0.03,0.99,1.0,0.09,149.41,47.4737418,19.0591087
3168,-0.01,0.99,1.0,0.01,149.36,47.4737415,19.0591123
3169,-0.05,0.99,1.0,0.04,149.3,47.4737414,19.0591155
3170,-0.05,0.99,1.0,0.07,149.23,47.4737411,19.0591191
3171,-0.13,1.0,1.0,0,149.17,47.4737408,19.0591221
3172,-0.17,0.99,1.0,0.06,149.09,47.4737406,19.0591255
3173,-0.27,0.99,1.0,0.07,149.02,47.4737406,19.0591296
3174,-0.29,1.0,1.0,0,148.96,47.4737406,19.0591328
3175,-0.41,1.0,1.0,0,148.88,47.4737403,19.0591359
3176,-0.47,1.0,1.0,0.03,148.79,47.4737402,19.0591395
3177,-0.63,1.0,1.0,0.0,148.67,47.4737404,19.0591433
3178,-0.7,1.0,1.0,0,148.56,47.4737401,19.059146
3179,-0.85,1.0,1.0,0.03,148.43,47.47374,19.0591486
3180,-0.91,1.0,1.0,0,148.32,47.4737405,19.0591531
3181,-1.07,1.0,1.0,0.02,148.16,47.47374,19.0591569
3182,-1.13,1.0,1.0,0,148.07,47.4737398,19.0591608
3183,-1.31,1.0,1.0,0.04,147.98,47.4737393,19.0591651
3184,-1.42,1.0,1.0,0.05,147.81,47.4737385,19.0591688
3185,-1.63,1.0,1.0,0.03,147.64,47.4737375,19.0591726
3186,-1.72,1.0,1.0,0.02,147.57,47.4737374,19.0591771
3187,-1.74,1.0,1.0,0.04,147.51,47.4737366,19.0591811
3188,-1.6,1.0,1.0,0.03,147.46,47.4737368,19.0591847
3189,-1.47,1.0,1.0,0.01,147.48,47.4737363,19.0591884
3190,-1.28,1.0,1.0,0.01,147.54,47.4737361,19.0591925
3191,-1.16,1.0,1.0,0.02,147.55,47.4737351,19.0591963
3192,-1.09,1.0,1.0,0.0,147.56,47.4737348,19.0592004
3193,-1.08,1.0,1.0,0,147.58,47.4737345,19.0592043
3194,-1.05,1.0,1.0,0,147.63,47.4737344,19.0592079
3195,-1.07,1.0,1.0,0.01,147.71,47.4737342,19.0592122
3196,-1.02,1.0,1.0,0.03,147.79,47.4737341,19.0592156
3197,-1.04,1.0,1.0,0,147.86,47.4737336,19.0592185
3198,-1.03,1.0,1.0,0.06,147.91,47.4737333,19.0592219
3199,-1.11,1.0,1.0,0.05,147.95,47.4737329,19.0592257
3200,-1.08,0.99,1.0,0.04,147.99,47.4737328,19.0592293
3201,-1.12,1.0,1.0,0,148.03,47.4737324,19.0592329
3202,-1.05,0.99,1.0,0.06,148.1,47.4737319,19.0592361
3203,-1.1,0.89,1.0,1.71,148.17,47.4737315,19.0592392
3204,-1.04,0.7,1.0,3.61,148.25,47.4737309,19.0592424
3205,-1.04,0.51,1.0,5.63,148.33,47.4737308,19.0592452
3206,-1.04,0.3,1.0,7.29,148.41,47.4737307,19.0592449
3207,-1.09,0.11,1.0,8.82,148.49,47.4737305,19.0592452
3208,-1.05,0.02,1.0,8.62,148.52,47.4737304,19.0592456
3209,-1.06,0.0,1.0,8.12,148.55,47.4737302,19.0592458
3210,-1.0,0.05,1.0,7.22,148.57,47.4737305,19.0592475
3211,-1.06,0.09,1.0,7.05,148.59,47.4737304,19.0592483
3212,-1.11,0.1,1.0,7.14,148.59,47.4737304,19.0592486
3213,-0.97,0.11,1.0,7.02,148.63,47.4737301,19.0592498
3214,-0.52,0.11,1.0,7.06,148.68,47.4737301,19.0592497
3215,0.09,0.07,1.0,7.86,148.73,47.4737301,19.0592497
3216,0.9,0.09,1.0,7.07,148.79,47.4737303,19.0592487
3217,1.65,0.12,1.0,6.8,148.88,47.4737304,19.0592473
3218,2.18,0.11,1.0,7.18,148.98,47.4737308,19.0592476
3219,2.41,0.11,1.0,7.16,149.08,47.4737308,19.0592479
3220,2.53,0.15,1.0,6.44,149.18,47.4737306,19.0592478
3221,2.55,0.3,1.0,4.34,149.27,47.4737304,19.0592478
3222,2.54,0.52,1.0,1.93,149.34,47.4737303,19.0592479
3223,2.49,0.78,1.0,0,149.41,47.4737314,19.0592501
3224,2.44,1.03,1.0,0,149.49,47.4737329,19.0592536
3225,2.31,1.17,1.0,0,149.56,47.4737347,19.0592568
3226,2.2,1.13,1.0,0,149.64,47.4737364,19.0592601
3227,1.94,1.1,1.0,0,149.7,47.4737378,19.0592635
3228,1.69,1.02,1.0,0.55,149.74,47.4737381,19.0592652
3229,1.41,0.78,1.0,3.79,149.63,47.4737397,19.0592688
3230,1.01,0.6,1.0,4.75,149.54,47.4737404,19.0592715
3231,0.59,0.44,1.0,5.86,149.48,47.4737391,19.059277
3232,0.37,0.2,1.0,8.19,149.42,47.4737393,19.0592764
3233,0.16,0.03,1.0,9.23,149.37,47.4737392,19.0592759
3234,-0.05,0.01,1.0,8.09,149.41,47.4737384,19.0592768
3235,-0.16,0.01,1.0,7.87,149.4,47.4737376,19.0592774
3236,-0.25,0.02,1.0,7.84,149.31,47.4737361,19.0592791
3237,-0.25,0.02,1.0,7.77,149.21,47.473735,19.05928
3238,-0.25,0.02,1.0,7.85,149.12,47.4737346,19.0592801
3239,-0.23,0.02,1.0,7.82,148.96,47.4737347,19.0592792
3240,-0.21,0.01,1.0,7.95,148.76,47.4737343,19.0592788
3241,-0.21,0.01,1.0,7.97,148.61,47.4737327,19.0592801
3242,-0.28,0.0,1.0,8.06,148.46,47.4737314,19.059281
3243,-0.28,0.0,1.0,8.0,148.33,47.4737316,19.0592796
3244,-0.29,0.0,1.0,8.01,148.31,47.4737308,19.0592795
3245,-0.25,0.06,1.0,7.08,148.37,47.4737309,19.0592788
3246,-0.27,0.14,1.0,6.25,148.41,47.4737306,19.0592783
3247,-0.33,0.28,1.0,4.61,148.49,47.4737305,19.0592771
3248,-0.37,0.42,1.0,3.45,148.59,47.4737304,19.0592753
3249,-0.37,0.58,1.0,2.03,148.65,47.4737304,19.059272
3250,-0.47,0.68,1.0,1.76,148.72,47.4737301,19.0592688
3251,-0.47,0.75,1.0,1.4,148.81,47.4737296,19.0592658
3252,-0.38,0.72,1.0,2.44,148.88,47.4737294,19.0592627
3253,-0.33,0.72,1.0,2.21,148.99,47.4737288,19.0592596
3254,-0.29,0.73,1.0,2.07,149.17,47.473729,19.0592563
3255,-0.23,0.74,1.0,1.97,149.39,47.4737286,19.059253
3256,-0.16,0.75,1.0,1.89,149.6,47.4737284,19.0592489
3257,-0.08,0.64,1.0,3.81,149.87,47.4737282,19.0592446
3258,0.01,0.5,1.0,5.19,150.16,47.473728,19.0592413
3259,0.06,0.33,1.0,6.78,150.47,47.4737277,19.0592386
3260,0.22,0.25,1.0,6.78,150.78,47.4737271,19.0592368
3261,0.23,0.28,1.0,5.43,151.23,47.4737265,19.0592358
3262,0.21,0.48,1.0,2.58,151.69,47.4737257,19.0592346
3263,0.21,0.68,1.0,0.92,151.8,47.4737248,19.0592345
3264,0.18,0.87,1.0,0,151.76,47.4737244,19.0592362
3265,0.05,0.99,1.0,0,151.61,47.4737251,19.0592461
3266,0.03,0.99,1.0,0.05,151.26,47.4737258,19.0592521
3267,-0.04,1.0,1.0,0,150.8,47.4737259,19.0592568
3268,-0.12,1.0,1.0,0.04,150.56,47.4737265,19.0592618
3269,-0.15,1.0,1.0,0,150.4,47.4737268,19.0592662
3270,-0.14,1.0,1.0,0.03,150.26,47.4737273,19.0592711
3271,-0.16,1.0,1.0,0,150.16,47.4737278,19.0592753
3272,-0.17,1.0,1.0,0.01,150.07,47.4737282,19.0592792
3273,-0.18,1.0,1.0,0,150.0,47.4737284,19.0592832
3274,-0.15,1.0,1.0,0.05,149.93,47.4737286,19.0592872
3275,-0.04,1.0,1.0,0.04,149.87,47.4737284,19.059291
3276,0.02,1.0,1.0,0,149.82,47.4737288,19.0592948
3277,0.08,1.0,1.0,0.03,149.77,47.4737287,19.0592984
3278,0.07,1.0,1.0,0.05,149.72,47.4737285,19.0593021
3279,-0.03,0.99,1.0,0.05,149.69,47.4737287,19.059306
3280,-0.2,1.0,1.0,0,149.65,47.4737288,19.05931
3281,-0.37,1.0,1.0,0.07,149.62,47.4737288,19.0593138
3282,-0.5,1.0,1.0,0.02,149.6,47.473729,19.0593179
3283,-0.58,0.99,1.0,0.09,149.6,47.4737291,19.0593218
3284,-0.61,1.0,1.0,0,149.59,47.4737293,19.0593257
3285,-0.6,0.99,1.0,0.1,149.6,47.4737292,19.0593292
3286,-0.31,0.99,1.0,0.04,149.6,47.4737293,19.059333
3287,-0.1,0.99,1.0,0.06,149.61,47.4737293,19.0593365
3288,0.26,0.99,1.0,0.06,149.61,47.4737298,19.05934
3289,0.51,0.99,1.0,0.06,149.61,47.4737299,19.0593427
3290,0.53,1.0,1.0,0,149.6,47.4737298,19.0593464
3291,0.29,1.0,1.0,0,149.59,47.4737304,19.0593504
3292,0.1,1.0,1.0,0,149.57,47.4737303,19.0593541
3293,-0.21,1.01,1.0,0,149.56,47.4737305,19.0593575
3294,-0.43,1.01,1.0,0,149.56,47.4737304,19.0593612
3295,-0.46,1.0,1.0,0.01,149.58,47.4737307,19.0593647
3296,-0.46,1.0,1.0,0,149.6,47.4737308,19.0593682
3297,-0.49,1.01,1.0,0,149.61,47.4737308,19.0593718
3298,-0.5,1.0,1.0,0,149.62,47.473731,19.0593753
3299,-0.52,1.0,1.0,0.01,149.63,47.4737315,19.059379
3300,-0.53,1.0,1.0,0,149.63,47.4737314,19.0593825
3301,-0.56,1.0,1.0,0.03,149.63,47.4737317,19.0593862
3302,-0.53,1.0,1.0,0,149.64,47.4737321,19.0593899
3303,-0.5,1.0,1.0,0.03,149.63,47.4737319,19.0593933
3304,-0.45,1.0,1.0,0,149.63,47.4737326,19.0593968
3305,-0.4,1.0,1.0,0.08,149.63,47.4737328,19.0594004
3306,-0.33,1.0,1.0,0,149.63,47.4737327,19.0594037
3307,-0.27,0.99,1.0,0.08,149.65,47.4737326,19.0594072
3308,-0.25,1.0,1.0,0,149.67,47.4737324,19.0594107
3309,-0.23,1.0,1.0,0.07,149.7,47.473733,19.0594144
3310,-0.22,1.0,1.0,0,149.74,47.4737335,19.059418
3311,-0.22,1.0,1.0,0.05,149.78,47.4737338,19.0594216
3312,-0.21,1.0,1.0,0,149.82,47.4737339,19.0594253
3313,-0.21,1.0,1.0,0.07,149.84,47.4737336,19.0594287
3314,-0.18,1.0,1.0,0,149.85,47.4737343,19.0594324
3315,-0.18,1.0,1.0,0.07,149.86,47.4737348,19.0594361
3316,-0.2,1.0,1.0,0,149.88,47.473735,19.0594396
3317,-0.2,1.0,1.0,0.07,149.89,47.4737352,19.0594432
3318,-0.15,1.0,1.0,0,149.91,47.4737352,19.0594467
3319,-0.12,1.0,1.0,0.04,149.95,47.4737355,19.0594501
3320,-0.02,1.0,1.0,0,149.98,47.4737357,19.0594537
3321,0.06,1.0,1.0,0.02,150.02,47.473736,19.0594571
3322,0.15,1.0,1.0,0,150.06,47.4737359,19.0594607
3323,0.17,1.0,1.0,0.0,150.1,47.4737356,19.059464
3324,0.21,1.0,1.0,0,150.13,47.4737355,19.0594674
3325,0.15,1.0,1.0,0,150.15,47.4737355,19.0594707
3326,0.14,1.0,1.0,0,150.15,47.473736,19.0594743
3327,0.11,1.0,1.0,0,150.14,47.4737363,19.0594776
3328,0.09,1.0,1.0,0,150.12,47.4737362,19.0594811
3329,0.01,1.0,1.0,0,150.1,47.4737364,19.0594842
3330,-0.13,1.0,1.0,0,150.07,47.4737362,19.0594875
3331,-0.26,1.0,1.0,0.0,150.04,47.4737366,19.0594908
3332,-0.47,1.0,1.0,0,150.03,47.4737363,19.0594939
3333,-0.6,1.0,1.0,0.03,150.0,47.4737361,19.0594974
3334,-0.71,1.0,1.0,0,150.0,47.4737363,19.0595009
3335,-0.66,1.0,1.0,0.04,150.0,47.4737368,19.0595041
3336,-0.66,1.0,1.0,0.03,150.02,47.4737367,19.0595076
3337,-0.62,0.99,1.0,0.09,150.04,47.4737371,19.0595111
3338,-0.63,1.0,1.0,0,150.07,47.473737,19.0595144
3339,-0.62,0.99,1.0,0.1,150.1,47.4737366,19.0595177
3340,-0.63,1.0,1.0,0.0,150.13,47.4737365,19.0595211
3341,-0.65,0.99,1.0,0.05,150.14,47.473736,19.0595241
3342,-0.63,1.0,1.0,0,150.15,47.4737361,19.0595272
3343,-0.62,1.0,1.0,0.04,150.16,47.4737363,19.0595305
3344,-0.66,1.0,1.0,0,150.17,47.4737365,19.0595339
3345,-0.73,1.0,1.0,0.02,150.18,47.4737359,19.0595372
3346,-0.75,1.01,1.0,0,150.19,47.4737356,19.0595405
3347,-0.8,1.0,1.0,0.01,150.2,47.4737358,19.0595441
3348,-0.84,1.0,1.0,0,150.22,47.4737361,19.0595473
3349,-0.86,1.0,1.0,0.03,150.24,47.4737357,19.0595507
3350,-0.84,1.0,1.0,0,150.27,47.4737332,19.0595542
3351,-0.85,1.0,1.0,0.07,150.31,47.4737322,19.0595575
3352,-0.84,0.99,1.0,0.06,150.34,47.4737319,19.059561
3353,-0.9,0.99,1.0,0.04,150.36,47.473732,19.0595645
3354,-0.95,1.0,1.0,0.01,150.36,47.473732,19.0595681
3355,-1.08,1.0,1.0,0.01,150.36,47.4737319,19.0595715
3356,-1.16,1.0,1.0,0,150.36,47.4737321,19.059575
3357,-1.24,1.0,1.0,0,150.39,47.473732,19.0595785
3358,-1.21,1.0,1.0,0,150.44,47.4737321,19.0595822
3359,-1.18,1.0,1.0,0.03,150.5,47.4737315,19.0595856
3360,-1.09,1.0,1.0,0.05,150.57,47.4737311,19.0595887
3361,-1.02,0.99,1.0,0.07,150.65,47.4737314,19.0595925
3362,-1.05,0.99,1.0,0.05,150.71,47.4737313,19.059596
3363,-1.17,0.99,1.0,0.05,150.72,47.4737307,19.0595994
3364,-1.32,1.0,1.0,0.01,150.72,47.4737309,19.0596027
3365,-1.45,1.0,1.0,0.01,150.7,47.4737315,19.0596058
3366,-1.54,1.0,1.0,0,150.65,47.4737318,19.0596091
3367,-1.62,1.0,1.0,0.01,150.61,47.4737318,19.0596121
3368,-1.61,1.0,1.0,0.02,150.6,47.4737326,19.0596159
3369,-1.62,1.0,1.0,0.05,150.58,47.4737326,19.0596194
3370,-1.61,0.99,1.0,0.05,150.56,47.4737327,19.0596228
3371,-1.63,0.99,1.0,0.06,150.54,47.4737332,19.059626
3372,-1.56,0.99,1.0,0.08,150.51,47.4737334,19.0596293
3373,-1.58,0.99,1.0,0.03,150.48,47.473734,19.059633
3374,-1.57,1.0,1.0,0.01,150.45,47.4737335,19.0596358
3375,-1.72,0.99,1.0,0.05,150.42,47.473734,19.0596394
3376,-1.84,0.98,1.0,0.36,150.39,47.473734,19.0596427
3377,-2.02,0.79,1.0,3.25,150.38,47.4737338,19.0596458
3378,-2.1,0.59,1.0,5.08,150.36,47.4737341,19.0596492
3379,-2.17,0.4,1.0,6.54,150.35,47.4737344,19.0596505
3380,-2.1,0.21,1.0,7.89,150.35,47.4737345,19.0596505
3381,-2.07,0.04,1.0,9.18,150.36,47.4737348,19.0596504
3382,-1.95,0.04,1.0,7.65,150.36,47.4737348,19.0596507
3383,-1.88,0.05,1.0,7.5,150.37,47.4737349,19.0596507
3384,-1.81,0.04,1.0,7.7,150.38,47.4737354,19.0596505
3385,-1.76,0.04,1.0,7.74,150.4,47.4737357,19.0596498
3386,-1.71,0.03,1.0,7.88,150.42,47.4737355,19.0596501
3387,-1.71,0.01,1.0,8.03,150.44,47.4737354,19.0596502
3388,-1.66,0.06,1.0,7.03,150.47,47.4737353,19.0596502
3389,-1.68,0.26,1.0,4.26,150.49,47.4737353,19.0596504
3390,-1.64,0.45,1.0,2.74,150.49,47.4737354,19.0596505
3391,-1.68,0.65,1.0,1.09,150.49,47.4737353,19.0596537
3392,-1.7,0.85,1.0,0,150.48,47.4737354,19.0596569
3393,-1.77,0.99,1.0,0,150.46,47.4737353,19.0596604
3394,-1.7,0.99,1.0,0.05,150.45,47.473735,19.0596637
3395,-1.66,1.0,1.0,0,150.45,47.4737351,19.0596673
3396,-1.56,1.0,1.0,0.04,150.46,47.473735,19.0596707
3397,-1.53,1.0,1.0,0,150.45,47.4737351,19.0596743
3398,-1.49,1.0,1.0,0.04,150.46,47.473735,19.0596778
3399,-1.5,0.99,1.0,0.06,150.46,47.4737353,19.0596815
3400,-1.51,0.99,1.0,0.06,150.46,47.4737359,19.0596851
3401,-1.5,1.0,1.0,0.02,150.47,47.4737357,19.0596887
3402,-1.42,1.0,1.0,0.03,150.48,47.4737362,19.0596925
3403,-1.37,1.0,1.0,0,150.48,47.4737359,19.0596961
3404,-1.31,1.0,1.0,0,150.49,47.4737358,19.0596997
3405,-1.26,1.0,1.0,0.02,150.49,47.4737357,19.0597029
3406,-1.16,1.0,1.0,0.03,150.49,47.4737353,19.0597063
3407,-1.11,0.99,1.0,0.08,150.5,47.4737349,19.0597097
3408,-1.03,0.99,1.0,0.08,150.5,47.4737347,19.0597133
3409,-1.02,0.99,1.0,0.05,150.51,47.4737345,19.0597167
3410,-1.03,0.99,1.0,0.07,150.5,47.473734,19.05972
3411,-1.14,0.99,1.0,0.03,150.49,47.4737337,19.0597233
3412,-1.27,0.99,1.0,0.05,150.47,47.4737336,19.0597267
3413,-1.39,1.0,1.0,0,150.46,47.4737326,19.0597294
3414,-1.46,0.99,1.0,0.06,150.45,47.4737323,19.0597327
3415,-1.57,1.0,1.0,0.02,150.46,47.4737326,19.0597363
3416,-1.64,0.99,1.0,0.08,150.47,47.4737325,19.0597397
3417,-1.69,1.0,1.0,0.01,150.5,47.4737329,19.0597437
3418,-1.73,0.99,1.0,0.07,150.52,47.4737328,19.0597472
3419,-1.73,1.0,1.0,0,150.56,47.473732,19.0597506
3420,-1.68,0.99,1.0,0.06,150.58,47.473732,19.0597542
3421,-1.6,1.0,1.0,0,150.61,47.4737317,19.0597576
3422,-1.55,1.0,1.0,0.02,150.63,47.473732,19.0597611
3423,-1.57,1.0,1.0,0.03,150.65,47.4737321,19.0597647
3424,-1.66,0.99,1.0,0.06,150.67,47.4737321,19.0597682
3425,-1.78,1.0,1.0,0,150.69,47.473732,19.0597717
3426,-1.88,0.93,1.0,1.11,150.71,47.4737324,19.0597755
3427,-1.93,0.9,1.0,1.05,150.73,47.4737317,19.0597786
3428,-1.94,0.91,1.0,0.67,150.75,47.4737314,19.0597821
3429,-1.88,0.91,1.0,0.74,150.76,47.4737313,19.059784
3430,-1.84,0.91,1.0,0.77,150.78,47.4737315,19.0597879
3431,-1.83,0.97,1.0,0,150.78,47.4737312,19.0597911
3432,-1.87,1.0,1.0,0,150.78,47.4737312,19.0597947
3433,-1.89,0.97,1.0,0.5,150.79,47.4737305,19.0597978
3434,-1.94,0.89,1.0,1.42,150.8,47.4737301,19.0598011
3435,-1.92,0.86,1.0,1.45,150.8,47.4737305,19.059805
3436,-1.89,0.86,1.0,1.09,150.8,47.4737305,19.059807
3437,-1.85,0.86,1.0,1.1,150.8,47.4737304,19.0598096
3438,-1.79,0.89,1.0,0.7,150.8,47.47373,19.0598131
3439,-1.7,0.97,1.0,0,150.79,47.4737296,19.0598163
3440,-1.63,1.0,1.0,0,150.77,47.47373,19.05982
3441,-1.57,1.0,1.0,0.07,150.76,47.4737299,19.0598233
3442,-1.49,1.0,1.0,0,150.74,47.4737298,19.0598267
3443,-1.42,1.0,1.0,0.01,150.74,47.4737298,19.0598304
3444,-1.39,1.0,1.0,0.02,150.75,47.47373,19.0598339
3445,-1.43,1.0,1.0,0.07,150.76,47.4737297,19.0598373
3446,-1.42,1.0,1.0,0,150.78,47.4737302,19.0598414
3447,-1.39,1.0,1.0,0.05,150.81,47.47373,19.059845
3448,-1.32,1.0,1.0,0.02,150.84,47.4737304,19.0598487
3449,-1.29,1.0,1.0,0.04,150.86,47.4737305,19.0598526
3450,-1.16,1.0,1.0,0.02,150.88,47.4737307,19.0598561
3451,-1.06,1.0,1.0,0.04,150.89,47.4737301,19.0598594
3452,-0.97,1.0,1.0,0,150.89,47.4737303,19.0598631
3453,-0.88,1.0,1.0,0.02,150.9,47.4737303,19.0598666
3454,-0.78,1.0,1.0,0,150.9,47.4737303,19.05987
3455,-0.68,1.0,1.0,0,150.88,47.4737302,19.0598735
3456,-0.62,1.0,1.0,0,150.87,47.47373,19.0598768
3457,-0.6,1.0,1.0,0.04,150.86,47.4737302,19.0598797
3458,-0.6,1.0,1.0,0.01,150.87,47.4737301,19.0598834
3459,-0.59,1.0,1.0,0.04,150.86,47.4737302,19.0598868
3460,-0.59,1.0,1.0,0.01,150.89,47.4737303,19.0598905
3461,-0.61,0.99,1.0,0.07,150.92,47.4737305,19.0598939
3462,-0.61,1.0,1.0,0.01,150.92,47.47373,19.0598973
3463,-0.64,1.0,1.0,0.02,150.9,47.4737291,19.0599
3464,-0.63,1.0,1.0,0.04,150.87,47.4737299,19.0599035
3465,-0.63,1.0,1.0,0.03,150.83,47.4737305,19.0599062
3466,-0.57,1.0,1.0,0,150.78,47.4737302,19.0599092
3467,-0.48,1.0,1.0,0.02,150.72,47.4737308,19.0599125
3468,-0.35,1.0,1.0,0,150.68,47.4737307,19.0599152
3469,-0.23,1.0,1.0,0.03,150.66,47.4737315,19.0599189
3470,-0.12,1.0,1.0,0.07,150.61,47.4737316,19.0599223
3471,-0.07,0.99,1.0,0.07,150.57,47.4737317,19.0599256
3472,-0.06,1.0,1.0,0,150.54,47.4737315,19.0599286
3473,-0.08,0.99,1.0,0.06,150.49,47.4737314,19.0599317
3474,-0.11,1.0,1.0,0,150.42,47.4737313,19.0599348
3475,-0.17,1.0,1.0,0.0,150.36,47.473731,19.0599378
3476,-0.16,1.0,1.0,0,150.26,47.4737311,19.0599409
3477,-0.18,0.99,1.0,0.1,150.15,47.4737314,19.0599435
3478,-0.17,0.99,1.0,0.03,150.03,47.4737324,19.0599461
3479,-0.22,0.99,1.0,0.07,149.91,47.4737328,19.0599498
3480,-0.26,0.99,1.0,0.06,149.79,47.4737328,19.0599529
3481,-0.36,0.99,1.0,0.09,149.7,47.4737333,19.059956
3482,-0.45,0.99,1.0,0.01,149.61,47.4737336,19.0599589
3483,-0.57,0.99,1.0,0.09,149.52,47.4737334,19.0599615
3484,-0.67,0.99,1.0,0.05,149.44,47.4737335,19.0599648
3485,-0.74,0.99,1.0,0.06,149.38,47.4737337,19.0599677
3486,-0.7,0.99,1.0,0.04,149.33,47.4737333,19.0599708
3487,-0.62,0.99,1.0,0.08,149.27,47.4737329,19.059974
3488,-0.46,1.0,1.0,0.01,149.23,47.4737327,19.0599766
3489,-0.27,0.99,1.0,0.06,149.2,47.4737324,19.0599794
3490,-0.08,1.0,1.0,0.01,149.16,47.4737324,19.0599827
3491,0.0,1.0,1.0,0.03,149.14,47.4737323,19.0599861
3492,0.05,1.0,1.0,0,149.13,47.4737323,19.0599894
3493,0.0,1.0,1.0,0.01,149.13,47.4737324,19.059993
3494,-0.07,1.0,1.0,0,149.14,47.4737329,19.0599961
3495,-0.19,1.0,1.0,0.01,149.13,47.4737329,19.06
3496,-0.26,1.0,1.0,0,149.16,47.4737331,19.0600033
3497,-0.32,1.0,1.0,0.05,149.18,47.4737333,19.0600067
3498,-0.27,1.0,1.0,0.02,149.17,47.4737343,19.060011
3499,-0.2,1.0,1.0,0.04,149.14,47.4737346,19.060014
3500,-0.11,0.99,1.0,0.05,149.09,47.4737345,19.060017
3501,-0.04,1.0,1.0,0.02,149.01,47.4737347,19.06002
3502,0.04,1.0,1.0,0.05,148.9,47.4737348,19.0600227
3503,0.06,0.99,1.0,0.09,148.78,47.4737357,19.0600262
3504,0.11,0.99,1.0,0.1,148.7,47.4737359,19.0600283
3505,0.14,0.99,1.0,0.08,148.66,47.473736,19.0600313
3506,0.18,0.99,1.0,0.11,148.61,47.4737356,19.0600344
3507,0.22,0.99,1.0,0.06,148.58,47.4737354,19.060038
3508,0.22,0.99,1.0,0.05,148.59,47.4737358,19.0600412
3509,0.24,0.99,1.0,0.03,148.59,47.4737353,19.0600437
3510,0.21,0.99,1.0,0.08,148.53,47.4737348,19.0600469
3511,0.21,0.99,1.0,0.03,148.49,47.4737336,19.0600498
3512,0.14,0.99,1.0,0.06,148.45,47.4737342,19.060052
3513,0.07,0.99,1.0,0.07,148.4,47.4737337,19.060055
3514,-0.05,0.99,1.0,0.06,148.33,47.4737326,19.0600573
3515,-0.12,1.0,1.0,0.01,148.36,47.4737321,19.0600604
3516,-0.14,0.99,1.0,0.07,148.39,47.4737324,19.0600635
3517,-0.13,0.99,1.0,0.07,148.43,47.4737311,19.0600677
3518,-0.1,0.99,1.0,0.06,148.47,47.4737316,19.060071
3519,-0.09,0.99,1.0,0.08,148.52,47.4737314,19.0600742
3520,-0.14,0.99,1.0,0.11,148.51,47.4737314,19.0600772
3521,-0.26,0.99,1.0,0.05,148.5,47.4737321,19.0600805
3522,-0.34,0.99,1.0,0.07,148.5,47.4737323,19.0600834
3523,-0.35,0.99,1.0,0.01,148.45,47.4737325,19.0600866
3524,-0.37,0.99,1.0,0.06,148.39,47.4737327,19.06009
3525,-0.34,1.0,1.0,0,148.34,47.473734,19.060092
3526,-0.31,1.0,1.0,0.01,148.27,47.4737337,19.0600952
3527,-0.31,1.0,1.0,0,148.2,47.473733,19.060098
3528,-0.37,0.92,1.0,1.28,148.19,47.4737333,19.060101
3529,-0.38,0.74,1.0,3.67,148.18,47.4737324,19.060104
3530,-0.4,0.53,1.0,5.43,148.22,47.4737303,19.0601069
3531,-0.37,0.34,1.0,7.0,148.31,47.4737308,19.0601068
3532,-0.39,0.14,1.0,8.56,148.46,47.4737303,19.0601077
3533,-0.46,0.02,1.0,8.95,148.55,47.4737297,19.0601084
3534,-0.54,0.02,1.0,7.9,148.66,47.4737287,19.0601096
3535,-0.6,0.14,1.0,5.91,148.71,47.4737293,19.0601099
3536,-0.62,0.3,1.0,4.17,148.65,47.4737288,19.060109
3537,-0.6,0.46,1.0,2.89,148.5,47.4737287,19.0601092
3538,-0.47,0.46,1.0,4.27,148.35,47.4737301,19.0601107
3539,-0.29,0.47,1.0,4.24,148.23,47.47373,19.0601127
3540,-0.13,0.35,1.0,6.13,148.11,47.4737302,19.0601129
3541,-0.04,0.19,1.0,7.82,148.07,47.4737311,19.0601137
3542,0.02,0.05,1.0,8.85,148.06,47.4737327,19.0601135
3543,-0.07,0.12,1.0,6.32,148.06,47.4737325,19.0601138
3544,-0.16,0.2,1.0,5.79,148.03,47.4737322,19.0601136
3545,-0.2,0.2,1.0,6.43,148.03,47.4737319,19.060113
3546,-0.27,0.32,1.0,4.36,148.01,47.4737315,19.0601137
3547,-0.35,0.33,1.0,5.25,147.98,47.4737325,19.0601141
3548,-0.31,0.26,1.0,6.61,147.92,47.4737337,19.0601156
3549,-0.22,0.18,1.0,7.28,147.91,47.4737336,19.0601158
3550,-0.21,0.17,1.0,6.67,147.85,47.4737346,19.0601156
3551,-0.16,0.04,1.0,8.77,147.8,47.4737357,19.0601172
3552,-0.05,0.02,1.0,7.97,147.75,47.4737368,19.0601167
3553,0.01,0.02,1.0,7.9,147.71,47.4737377,19.0601166
3554,-0.03,0.01,1.0,7.94,147.63,47.4737382,19.0601157
3555,-0.04,0.01,1.0,7.9,147.58,47.4737385,19.0601152
3556,-0.05,0.01,1.0,8.0,147.52,47.4737388,19.0601146
3557,-0.07,0.0,1.0,8.06,147.48,47.4737391,19.0601141
3558,-0.07,0.0,1.0,8.0,147.44,47.4737394,19.0601142
3559,-0.05,0.1,1.0,6.37,147.42,47.4737398,19.0601139
3560,-0.0,0.3,1.0,3.81,147.38,47.47374,19.0601136
3561,0.05,0.49,1.0,2.46,147.32,47.4737406,19.0601137
3562,0.12,0.7,1.0,0.67,147.26,47.4737399,19.0601159
3563,0.16,0.89,1.0,0,147.2,47.4737393,19.0601183
3564,0.15,0.99,1.0,0,147.02,47.4737381,19.0601206
3565,0.03,0.99,1.0,0.09,146.73,47.4737388,19.0601243
3566,-0.1,1.0,1.0,0,146.36,47.4737393,19.0601241
3567,-0.29,1.0,1.0,0.01,145.95,47.4737407,19.060125
3568,-0.41,1.0,1.0,0,145.51,47.4737407,19.0601257
3569,-0.51,1.0,1.0,0,145.18,47.4737398,19.0601271
3570,-0.49,1.0,1.0,0.01,144.95,47.4737401,19.0601301
3571,-0.49,1.0,1.0,0,144.8,47.4737417,19.0601334
3572,-0.47,1.0,1.0,0.01,144.69,47.473742,19.0601369
3573,-0.54,1.0,1.0,0,144.62,47.4737427,19.0601402
3574,-0.65,1.0,1.0,0,144.58,47.4737421,19.0601431
3575,-0.81,1.0,1.0,0,144.57,47.473742,19.0601469
3576,-0.96,1.0,1.0,0,144.55,47.4737417,19.0601505
3577,-1.09,1.0,1.0,0,144.59,47.4737409,19.0601535
3578,-1.15,1.0,1.0,0,144.64,47.4737408,19.0601562
3579,-1.19,1.0,1.0,0,144.67,47.4737407,19.0601607
3580,-1.17,1.0,1.0,0,144.7,47.4737407,19.0601651
3581,-1.17,1.0,1.0,0.03,144.72,47.4737418,19.0601679
3582,-1.13,1.0,1.0,0.01,144.68,47.4737413,19.0601704
3583,-1.15,0.99,1.0,0.09,144.62,47.4737411,19.060173
3584,-1.12,0.99,1.0,0.05,144.58,47.473741,19.0601762
3585,-1.12,0.99,1.0,0.03,144.59,47.4737406,19.0601792
3586,-1.06,1.0,1.0,0,144.65,47.4737401,19.0601826
3587,-1.03,1.0,1.0,0.02,144.78,47.4737393,19.0601869
3588,-0.91,1.0,1.0,0,144.98,47.4737395,19.0601913
3589,-0.82,1.0,1.0,0,145.22,47.4737385,19.0601956
3590,-0.74,1.0,1.0,0.03,145.51,47.4737371,19.0602004
3591,-0.76,1.0,1.0,0.04,145.79,47.4737372,19.0602053
3592,-0.79,1.0,1.0,0.06,146.07,47.4737366,19.0602109
3593,-0.94,1.0,1.0,0.02,146.31,47.4737356,19.0602146
3594,-1.07,1.0,1.0,0.05,146.52,47.4737339,19.0602184
3595,-1.26,1.0,1.0,0.02,146.62,47.4737324,19.0602225
3596,-1.35,1.0,1.0,0.02,146.74,47.4737316,19.0602261
3597,-1.48,1.0,1.0,0,146.84,47.4737326,19.0602292
3598,-1.52,1.0,1.0,0.02,146.9,47.4737326,19.0602335
3599,-1.59,1.0,1.0,0,147.02,47.473732,19.0602375
3600,-1.61,1.0,1.0,0.02,147.17,47.4737314,19.0602413
3601,-1.69,1.0,1.0,0.01,147.28,47.4737309,19.0602463
3602,-1.75,1.0,1.0,0.04,147.4,47.4737314,19.060251
3603,-1.79,1.0,1.0,0.01,147.52,47.4737315,19.0602561
3604,-1.79,1.0,1.0,0.02,147.57,47.4737315,19.0602605
3605,-1.79,1.0,1.0,0.02,147.59,47.4737315,19.0602639
3606,-1.7,1.0,1.0,0.05,147.58,47.4737312,19.0602673
3607,-1.61,1.0,1.0,0.05,147.53,47.4737315,19.0602702
3608,-1.49,0.99,1.0,0.06,147.5,47.4737312,19.0602734
3609,-1.43,0.99,1.0,0.07,147.46,47.4737307,19.0602766
3610,-1.32,0.99,1.0,0.06,147.42,47.4737298,19.0602798
3611,-1.24,0.99,1.0,0.02,147.4,47.4737297,19.0602828
3612,-1.07,1.0,1.0,0.01,147.41,47.4737295,19.0602851
3613,-0.94,1.0,1.0,0.01,147.38,47.4737289,19.0602885
3614,-0.73,1.0,1.0,0.03,147.36,47.4737276,19.0602918
3615,-0.62,1.0,1.0,0.04,147.37,47.4737267,19.0602939
3616,-0.58,1.0,1.0,0.03,147.33,47.4737265,19.0602975
3617,-0.58,1.0,1.0,0.03,147.28,47.4737262,19.0603006
3618,-0.59,1.0,1.0,0.03,147.27,47.4737266,19.060303
3619,-0.6,1.0,1.0,0.02,147.28,47.4737259,19.0603071
3620,-0.46,1.0,1.0,0,147.3,47.4737249,19.0603103
3621,-0.18,1.0,1.0,0.01,147.35,47.4737246,19.0603148
3622,0.18,1.0,1.0,0.01,147.38,47.4737231,19.0603184
3623,0.53,1.0,1.0,0.04,147.39,47.4737219,19.0603218
3624,0.88,1.0,1.0,0.02,147.37,47.4737208,19.0603251
3625,1.05,0.99,1.0,0.06,147.31,47.4737201,19.0603286
3626,1.1,1.0,1.0,0.01,147.27,47.4737198,19.060332
3627,1.03,1.0,1.0,0.03,147.24,47.4737193,19.0603351
3628,0.91,1.0,1.0,0.01,147.2,47.4737189,19.060339
3629,0.74,1.0,1.0,0.0,147.14,47.4737187,19.0603421
3630,0.57,1.0,1.0,0,147.09,47.4737182,19.0603454
3631,0.42,1.0,1.0,0.04,147.06,47.4737177,19.0603484
3632,0.2,1.0,1.0,0.03,147.03,47.4737173,19.0603523
3633,-0.0,1.0,1.0,0,147.03,47.4737166,19.0603564
3634,-0.21,1.0,1.0,0.04,147.05,47.4737159,19.0603607
3635,-0.35,0.99,1.0,0.07,147.05,47.4737153,19.0603645
3636,-0.47,0.99,1.0,0.06,147.03,47.4737146,19.0603683
3637,-0.52,1.0,1.0,0,147.0,47.4737141,19.0603716
3638,-0.53,0.99,1.0,0.07,146.93,47.4737139,19.0603754
3639,-0.52,1.0,1.0,0.01,146.86,47.4737135,19.0603784
3640,-0.47,1.0,1.0,0,146.78,47.4737131,19.0603815
3641,-0.42,1.0,1.0,0,146.66,47.4737126,19.0603847
3642,-0.34,1.0,1.0,0.02,146.58,47.4737119,19.0603872
3643,-0.36,1.0,1.0,0.01,146.55,47.4737113,19.0603904
3644,-0.32,1.0,1.0,0.02,146.54,47.4737114,19.060394
3645,-0.31,1.0,1.0,0.07,146.61,47.4737115,19.0603983
3646,-0.28,1.0,1.0,0.02,146.71,47.4737108,19.0604025
3647,-0.26,1.0,1.0,0.02,146.84,47.4737105,19.0604075
3648,-0.17,1.0,1.0,0,146.93,47.47371,19.0604113
3649,-0.16,1.0,1.0,0.01,147.03,47.4737095,19.060416
3650,-0.17,1.0,1.0,0,147.08,47.4737092,19.0604197
3651,-0.23,1.0,1.0,0,147.11,47.4737092,19.0604231
3652,-0.3,1.0,1.0,0.0,147.11,47.4737093,19.0604264
3653,-0.42,1.0,1.0,0,147.11,47.4737089,19.0604297
3654,-0.46,1.0,1.0,0.01,147.11,47.4737086,19.0604331
3655,-0.5,1.0,1.0,0.03,147.11,47.4737082,19.0604367
3656,-0.45,1.0,1.0,0,147.13,47.4737081,19.0604404
3657,-0.43,1.0,1.0,0.04,147.15,47.4737074,19.0604441
3658,-0.33,1.0,1.0,0.04,147.18,47.4737072,19.0604477
3659,-0.32,1.0,1.0,0,147.22,47.4737068,19.0604515
3660,-0.26,1.0,1.0,0.03,147.24,47.4737063,19.0604553
3661,-0.32,1.0,1.0,0.02,147.26,47.4737059,19.0604592
3662,-0.3,1.0,1.0,0,147.27,47.4737052,19.0604623
3663,-0.33,1.0,1.0,0,147.24,47.473705,19.0604652
3664,-0.24,1.0,1.0,0,147.21,47.4737048,19.0604683
3665,-0.25,1.0,1.0,0,147.16,47.4737043,19.0604715
3666,-0.2,1.0,1.0,0,147.12,47.4737042,19.0604746
3667,-0.25,1.0,1.0,0,147.08,47.4737036,19.0604782
3668,-0.21,1.0,1.0,0,147.04,47.4737031,19.0604818
3669,-0.27,1.0,1.0,0,146.99,47.4737028,19.0604848
3670,-0.2,1.0,1.0,0,146.94,47.4737019,19.0604879
3671,-0.21,1.0,1.0,0,146.83,47.473701,19.0604909
3672,-0.13,1.0,1.0,0,146.69,47.4736999,19.0604931
3673,-0.24,1.0,1.0,0,146.52,47.4736989,19.0604941
3674,-0.3,1.0,1.0,0,146.38,47.473698,19.0604952
3675,-0.53,1.0,1.0,0.02,146.23,47.4736969,19.0604978
3676,-0.71,1.0,1.0,0,146.16,47.4736957,19.0605012
3677,-1.02,1.0,1.0,0.07,146.13,47.4736947,19.0605042
3678,-1.23,1.0,1.0,0.03,146.12,47.4736939,19.0605073
3679,-1.4,0.99,1.0,0.07,146.09,47.4736931,19.0605106
3680,-1.47,1.0,1.0,0.02,146.06,47.4736924,19.0605137
3681,-1.39,1.0,1.0,0.03,145.95,47.4736919,19.060517
3682,-1.18,1.0,1.0,0,145.83,47.4736915,19.0605198
3683,-0.91,1.0,1.0,0,145.69,47.4736908,19.0605207
3684,-0.68,1.0,1.0,0,145.54,47.47369,19.0605242
3685,-0.47,1.0,1.0,0.03,145.4,47.4736887,19.060527
3686,-0.36,1.0,1.0,0.02,145.33,47.4736877,19.0605299
3687,-0.3,1.0,1.0,0.05,145.25,47.4736866,19.0605329
3688,-0.26,1.0,1.0,0.03,145.26,47.4736856,19.0605364
3689,-0.18,1.0,1.0,0.01,145.34,47.4736846,19.0605395
3690,-0.2,1.0,1.0,0.02,145.43,47.4736838,19.0605446
3691,-0.34,1.0,1.0,0.04,145.53,47.4736831,19.0605495
3692,-0.47,1.0,1.0,0,145.64,47.4736823,19.0605532
3693,-0.48,1.0,1.0,0.04,145.7,47.4736814,19.0605573
3694,-0.53,1.0,1.0,0,145.73,47.4736807,19.060561
3695,-0.32,1.0,1.0,0,145.76,47.47368,19.0605649
3696,0.01,1.0,1.0,0,145.81,47.4736792,19.0605688
3697,0.41,1.0,1.0,0,145.85,47.4736783,19.0605723
3698,0.64,1.01,1.0,0,145.9,47.4736778,19.0605761
3699,0.85,1.01,1.0,0,145.93,47.4736768,19.0605796
3700,0.85,1.0,1.0,0,145.95,47.4736763,19.0605836
3701,0.8,1.01,1.0,0,145.95,47.4736753,19.0605866
3702,0.53,1.0,1.0,0.04,145.97,47.4736743,19.0605899
3703,0.35,1.0,1.0,0,145.97,47.4736737,19.0605937
3704,0.12,1.0,1.0,0.03,146.0,47.473673,19.0605973
3705,0.09,1.0,1.0,0,146.08,47.4736724,19.060601
3706,0.05,1.0,1.0,0.03,146.18,47.4736719,19.0606044
3707,0.23,1.0,1.0,0,146.28,47.4736718,19.0606084
3708,0.27,1.0,1.0,0.04,146.38,47.4736712,19.0606124
3709,0.44,1.0,1.0,0.01,146.49,47.4736705,19.0606161
3710,0.46,1.0,1.0,0.05,146.54,47.4736698,19.0606196
3711,0.56,1.0,1.0,0.03,146.58,47.4736692,19.0606232
3712,0.66,1.0,1.0,0.0,146.6,47.4736684,19.060626
3713,0.82,1.0,1.0,0.02,146.61,47.4736677,19.0606289
3714,0.85,1.0,1.0,0.0,146.63,47.4736668,19.060632
3715,0.95,1.0,1.0,0,146.65,47.4736662,19.0606354
3716,0.89,1.0,1.0,0,146.66,47.4736656,19.0606379
3717,0.81,1.0,1.0,0,146.68,47.4736649,19.0606413
3718,0.71,1.0,1.0,0,146.7,47.4736644,19.0606444
3719,0.75,1.0,1.0,0,146.71,47.4736638,19.0606475
3720,0.73,1.0,1.0,0.02,146.72,47.4736632,19.0606511
3721,0.79,1.0,1.0,0,146.73,47.4736624,19.0606542
3722,0.81,1.0,1.0,0.06,146.75,47.4736618,19.0606577
3723,0.84,1.0,1.0,0.04,146.75,47.473661,19.0606614
3724,0.77,1.0,1.0,0.0,146.75,47.4736603,19.0606648
3725,0.76,1.0,1.0,0,146.75,47.4736596,19.0606681
3726,0.71,1.0,1.0,0.03,146.77,47.4736586,19.0606718
3727,0.67,1.0,1.0,0,146.8,47.4736579,19.0606754
3728,0.6,1.0,1.0,0.0,146.85,47.4736572,19.060679
3729,0.59,1.0,1.0,0.08,146.89,47.4736566,19.0606829
3730,0.53,0.99,1.0,0.06,146.92,47.4736559,19.0606866
3731,0.51,0.99,1.0,0.05,146.94,47.4736552,19.0606903
3732,0.47,0.99,1.0,0.08,146.96,47.4736545,19.0606938
3733,0.49,0.99,1.0,0.05,146.98,47.4736537,19.0606974
3734,0.46,1.0,1.0,0.01,147.01,47.4736528,19.0607009
3735,0.46,1.0,1.0,0,147.05,47.4736521,19.060704
3736,0.46,1.0,1.0,0,147.08,47.4736512,19.0607076
3737,0.49,1.0,1.0,0.02,147.11,47.4736503,19.0607111
3738,0.52,1.0,1.0,0.02,147.12,47.4736494,19.0607146
3739,0.63,1.0,1.0,0.01,147.12,47.4736489,19.0607181
3740,0.69,1.0,1.0,0,147.11,47.4736481,19.0607213
3741,0.71,1.0,1.0,0.05,147.11,47.4736473,19.0607243
3742,0.58,1.0,1.0,0,147.1,47.4736464,19.0607274
3743,0.65,1.0,1.0,0.04,147.09,47.4736454,19.0607304
3744,0.51,1.0,1.0,0.06,147.08,47.4736448,19.0607331
3745,0.67,1.0,1.0,0.01,147.07,47.4736442,19.060736
3746,0.88,0.99,1.0,0.11,147.05,47.4736436,19.0607387
3747,1.04,0.99,1.0,0.11,147.03,47.473643,19.0607414
3748,1.03,0.99,1.0,0,147.01,47.4736421,19.0607438
3749,1.12,1.0,1.0,0,146.97,47.4736415,19.0607468
3750,0.7,0.99,1.0,0.18,146.93,47.4736406,19.0607494
3751,0.42,0.99,1.0,0.04,146.9,47.4736398,19.0607523
3752,0.03,1.0,1.0,0.02,146.86,47.473639,19.0607552
3753,-0.33,0.99,1.0,0.12,146.83,47.4736382,19.0607585
3754,-0.57,0.99,1.0,0.1,146.82,47.4736376,19.0607619
3755,-0.57,0.99,1.0,0,146.83,47.4736372,19.0607651
3756,-0.78,1.0,1.0,0,146.83,47.4736366,19.0607686
3757,-0.76,0.99,1.0,0.07,146.82,47.473636,19.0607717
3758,-0.91,1.0,1.0,0.01,146.82,47.4736353,19.060775
3759,-1.01,1.0,1.0,0.04,146.82,47.4736343,19.0607783
3760,-1.1,0.99,1.0,0.08,146.82,47.4736336,19.0607812
3761,-1.14,0.99,1.0,0.1,146.8,47.4736323,19.0607842
3762,-1.14,0.99,1.0,0.06,146.8,47.4736316,19.0607878
3763,-0.96,0.99,1.0,0.13,146.77,47.4736309,19.0607905
3764,-0.97,0.99,1.0,0.13,146.73,47.4736302,19.0607941
3765,-1.08,0.99,1.0,0.1,146.68,47.4736297,19.0607974
3766,-1.25,0.99,1.0,0.06,146.63,47.4736287,19.0608006
3767,-1.4,0.99,1.0,0.05,146.59,47.4736288,19.0608038
3768,-1.73,0.97,1.0,0.32,146.54,47.4736285,19.0608069
3769,-1.88,0.89,1.0,1.41,146.51,47.4736281,19.06081
3770,-2.03,0.84,1.0,1.62,146.49,47.4736271,19.0608132
3771,-2.11,0.83,1.0,1.4,146.47,47.4736267,19.0608149
3772,-2.22,0.74,1.0,2.67,146.46,47.4736261,19.0608167
3773,-2.27,0.68,1.0,2.97,146.45,47.4736249,19.0608198
3774,-2.58,0.69,1.0,2.39,146.43,47.4736242,19.0608215
3775,-2.74,0.67,1.0,2.89,146.42,47.4736239,19.0608232
3776,-2.96,0.59,1.0,3.93,146.43,47.4736234,19.0608251
3777,-3.14,0.6,0.6,0,146.45,47.4736228,19.0608273
3778,-3.26,0.6,0.6,0.01,146.47,47.4736221,19.0608295
3779,-3.2,0.6,0.6,0,146.51,47.4736212,19.0608317
3780,-3.15,0.6,0.6,0,146.54,47.4736206,19.0608337
3781,-2.97,0.6,1.0,5.84,146.56,47.4736199,19.0608357
3782,-2.64,0.6,1.0,3.23,146.59,47.4736193,19.0608382
3783,-2.44,0.62,1.0,2.84,146.59,47.4736186,19.0608403
3784,-2.11,0.7,1.0,1.74,146.59,47.4736178,19.0608425
3785,-1.9,0.78,1.0,1.11,146.56,47.4736175,19.0608444
3786,-1.77,0.88,1.0,0.17,146.53,47.4736164,19.0608473
3787,-1.56,0.93,1.0,0.16,146.49,47.4736156,19.0608496
3788,-1.73,0.91,1.0,0.84,146.46,47.4736147,19.0608529
3789,-1.79,0.89,1.0,1.13,146.45,47.4736139,19.0608556
3790,-1.58,0.84,1.0,1.64,146.45,47.4736135,19.0608574
3791,-1.48,0.84,1.0,1.37,146.44,47.4736128,19.0608607
3792,-1.39,0.86,1.0,0.87,146.45,47.4736123,19.0608625
3793,-1.03,0.94,1.0,0,146.45,47.4736113,19.0608658
3794,-0.68,0.95,1.0,0.26,146.42,47.4736106,19.0608694
3795,-0.67,1.0,1.0,0,146.4,47.4736098,19.0608727
3796,-0.33,1.0,1.0,0.03,146.39,47.4736091,19.0608758
3797,-0.38,1.0,1.0,0,146.38,47.4736081,19.0608793
3798,-0.23,1.0,1.0,0.08,146.36,47.4736074,19.060883
3799,-0.3,1.01,1.0,0,146.35,47.4736067,19.0608861
3800,-0.28,1.0,1.0,0.02,146.33,47.473606,19.0608895
3801,-0.37,1.01,1.0,0,146.3,47.4736052,19.060893
3802,-0.28,1.01,1.0,0,146.27,47.4736045,19.0608961
3803,-0.36,1.01,1.0,0,146.24,47.4736038,19.0608993
3804,-0.38,1.0,1.0,0,146.2,47.4736031,19.0609024
3805,-0.48,1.0,1.0,0.02,146.17,47.4736023,19.060906
3806,-0.62,1.01,1.0,0,146.14,47.4736017,19.0609095
3807,-0.63,1.0,1.0,0,146.1,47.473601,19.0609128
3808,-0.31,0.99,1.0,0.14,146.08,47.4736002,19.0609167
3809,-0.27,0.99,1.0,0.08,146.05,47.4735995,19.0609198
3810,0.17,1.0,1.0,0,146.03,47.4735986,19.0609232
3811,0.69,1.0,1.0,0.05,146.02,47.4735979,19.0609263
3812,0.9,1.0,1.0,0.0,146.02,47.4735972,19.0609297
3813,1.24,1.01,1.0,0,146.02,47.4735965,19.0609334
3814,1.59,1.05,1.0,0,146.03,47.4735958,19.0609366
3815,1.44,1.1,1.0,0,146.04,47.4735952,19.06094
3816,1.3,1.08,1.0,0,146.04,47.4735944,19.0609434
3817,1.34,1.08,1.0,0,146.06,47.4735934,19.0609481
3818,1.3,1.08,1.0,0,146.07,47.4735928,19.0609508
3819,1.47,1.08,1.0,0,146.1,47.4735921,19.0609541
3820,1.46,1.1,1.0,0,146.13,47.4735912,19.0609576
3821,1.44,1.17,1.0,0,146.16,47.4735905,19.0609608
3822,1.46,1.16,1.0,0,146.16,47.4735895,19.0609655
3823,1.53,1.16,1.0,0,146.16,47.4735885,19.06097
3824,1.37,1.16,1.0,0,146.16,47.4735878,19.0609726
3825,1.71,1.12,1.0,0,146.17,47.4735874,19.0609758
3826,2.35,1.12,1.0,0,146.19,47.4735866,19.0609793
3827,2.9,1.21,1.0,0,146.27,47.4735856,19.0609846
3828,3.01,1.29,1.4,3.63,146.36,47.4735848,19.0609883
3829,3.28,1.33,1.4,0.13,146.5,47.4735836,19.0609939
3830,3.33,1.37,1.4,0,146.66,47.4735827,19.0609989
3831,2.77,1.39,1.0,0,146.85,47.4735813,19.0610051
3832,1.99,1.37,1.0,0,147.02,47.4735799,19.061011
3833,1.16,1.28,1.0,0,147.2,47.4735788,19.0610165
3834,0.5,1.21,1.0,0,147.35,47.4735777,19.0610218
3835,-0.07,1.13,1.0,0,147.45,47.473577,19.0610258
3836,-0.44,1.05,1.0,0.34,147.51,47.473576,19.06103
3837,-0.48,0.99,1.0,0.56,147.56,47.4735753,19.0610332
3838,-0.32,1.0,1.0,0,147.61,47.4735748,19.061036
3839,-0.08,1.0,1.0,0.05,147.66,47.473574,19.0610396
3840,0.11,1.0,1.0,0.06,147.72,47.4735733,19.0610432
3841,0.24,1.0,1.0,0,147.78,47.4735725,19.0610472
3842,0.56,1.0,1.0,0.01,147.85,47.4735718,19.0610506
3843,0.85,1.0,1.0,0.03,147.92,47.4735713,19.0610542
3844,1.17,0.99,1.0,0.11,147.98,47.4735707,19.0610576
3845,1.61,1.03,1.0,0,148.05,47.4735699,19.0610611
3846,1.92,1.12,1.0,0,148.13,47.4735693,19.0610648
3847,1.64,1.16,1.0,0,148.22,47.4735686,19.0610686
3848,1.87,1.16,1.0,0,148.3,47.4735676,19.0610736
3849,1.41,1.22,1.0,0,148.37,47.4735667,19.0610777
3850,0.81,1.25,1.0,0,148.44,47.4735659,19.0610815
3851,0.44,1.16,1.0,0,148.49,47.473565,19.0610855
3852,0.36,1.12,1.0,0,148.54,47.4735639,19.0610908
3853,-0.08,1.11,1.0,0,148.58,47.4735632,19.0610942
3854,-0.14,1.06,1.0,0,148.61,47.4735625,19.061098
3855,-0.46,0.99,1.0,0.73,148.61,47.4735617,19.0611013
3856,-0.77,0.98,1.0,0.28,148.61,47.4735609,19.0611049
3857,-0.9,0.93,1.0,0.97,148.6,47.4735603,19.0611082
3858,-1.34,0.94,1.0,0.43,148.58,47.4735596,19.0611116
3859,-1.61,0.93,1.0,0.58,148.55,47.473559,19.0611138
3860,-1.58,0.94,1.0,0.4,148.53,47.4735583,19.0611172
3861,-1.73,0.96,1.0,0.2,148.51,47.4735576,19.0611204
3862,-1.91,0.98,1.0,0,148.49,47.4735569,19.0611239
3863,-1.98,0.89,1.0,1.68,148.46,47.4735563,19.0611274
3864,-2.22,0.81,1.0,2.2,148.45,47.4735556,19.0611307
3865,-2.12,0.73,1.0,2.92,148.44,47.4735552,19.0611327
3866,-2.19,0.69,1.0,2.75,148.43,47.4735546,19.0611348
3867,-1.92,0.68,1.0,2.62,148.42,47.4735542,19.0611368
3868,-1.66,0.71,1.0,2.07,148.42,47.4735536,19.0611386
3869,-1.22,0.79,1.0,0.94,148.42,47.4735528,19.061142
3870,-1.23,0.87,1.0,0.4,148.42,47.4735525,19.061144
3871,-0.77,0.91,1.0,0.39,148.42,47.4735517,19.0611476
3872,-0.74,0.94,1.0,0.16,148.41,47.473551,19.061151
3873,-0.76,1.0,1.0,0,148.41,47.4735504,19.0611545
3874,-0.7,0.99,1.0,0.11,148.41,47.4735497,19.061158
3875,-0.48,1.0,1.0,0,148.42,47.4735492,19.0611616
3876,-0.51,1.0,1.0,0.03,148.43,47.4735486,19.0611653
3877,-0.54,1.0,1.0,0,148.43,47.473548,19.0611689
3878,-0.51,1.0,1.0,0,148.44,47.4735474,19.0611727
3879,-0.36,1.0,1.0,0,148.44,47.4735468,19.0611762
3880,-0.13,1.0,1.0,0.06,148.43,47.4735462,19.0611794
3881,0.0,1.0,1.0,0.01,148.43,47.4735455,19.0611829
3882,0.27,1.0,1.0,0.04,148.43,47.4735449,19.0611863
3883,0.5,1.0,1.0,0.01,148.43,47.4735443,19.0611898
3884,0.48,1.0,1.0,0.05,148.45,47.4735438,19.0611933
3885,0.33,1.0,1.0,0.03,148.45,47.4735431,19.0611969
3886,0.38,1.0,1.0,0.02,148.47,47.4735424,19.0612001
3887,0.29,1.0,1.0,0.01,148.48,47.4735418,19.0612035
3888,0.3,1.0,1.0,0.02,148.5,47.4735412,19.0612069
3889,0.26,1.0,1.0,0,148.51,47.4735405,19.0612103
3890,0.37,1.0,1.0,0.04,148.53,47.47354,19.0612138
3891,0.29,1.0,1.0,0,148.54,47.4735393,19.0612171
3892,0.35,1.0,1.0,0,148.55,47.4735387,19.0612204
3893,0.41,1.0,1.0,0.03,148.56,47.4735379,19.0612239
3894,0.51,0.99,1.0,0.07,148.56,47.4735373,19.0612272
3895,0.55,1.0,1.0,0,148.57,47.4735366,19.0612306
3896,0.71,1.0,1.0,0.05,148.58,47.473536,19.0612339
3897,0.66,0.99,1.0,0.07,148.59,47.4735353,19.0612372
3898,0.57,0.99,1.0,0.05,148.59,47.4735347,19.0612406
3899,0.51,1.0,1.0,0.01,148.6,47.4735339,19.0612439
3900,0.45,0.99,1.0,0.07,148.6,47.4735332,19.0612471
3901,0.29,1.0,1.0,0.0,148.6,47.4735325,19.0612504
3902,0.26,1.0,1.0,0.03,148.6,47.4735318,19.0612536
3903,0.24,1.0,1.0,0,148.6,47.473531,19.0612569
3904,0.11,1.0,1.0,0,148.59,47.4735303,19.0612602
3905,-0.17,1.0,1.0,0,148.59,47.4735295,19.0612635
3906,-0.32,1.0,1.0,0,148.59,47.4735288,19.0612668
3907,-0.48,1.0,1.0,0.01,148.6,47.4735281,19.06127
3908,-0.62,1.0,1.0,0.01,148.6,47.4735274,19.0612733
3909,-0.61,1.0,1.0,0.05,148.61,47.4735268,19.0612767
3910,-0.44,0.99,1.0,0.06,148.61,47.4735262,19.06128
3911,-0.21,0.99,1.0,0.09,148.61,47.4735254,19.0612834
3912,0.1,1.0,1.0,0,148.61,47.4735247,19.0612867
3913,0.39,1.0,1.0,0.03,148.6,47.473524,19.0612902
3914,0.69,1.0,1.0,0.02,148.59,47.4735234,19.0612935
3915,0.88,1.0,1.0,0.02,148.59,47.4735227,19.0612968
3916,0.92,0.99,1.0,0.09,148.58,47.4735222,19.0613003
3917,0.86,0.99,1.0,0.13,148.59,47.4735215,19.0613037
3918,0.58,0.99,1.0,0.01,148.59,47.473521,19.0613068
3919,0.35,0.99,1.0,0.07,148.61,47.4735204,19.0613099
3920,0.2,1.0,1.0,0.01,148.63,47.4735198,19.0613133
3921,0.2,1.0,1.0,0,148.65,47.4735193,19.0613166
3922,0.12,1.01,1.0,0,148.67,47.4735186,19.06132
3923,0.22,1.0,1.0,0.04,148.69,47.4735181,19.0613233
3924,0.16,1.0,1.0,0,148.7,47.4735174,19.0613265
3925,-0.05,1.0,1.0,0,148.72,47.4735168,19.0613299
3926,-0.09,1.0,1.0,0,148.73,47.4735161,19.0613333
3927,-0.21,1.0,1.0,0.02,148.74,47.4735156,19.0613368
3928,-0.15,1.0,1.0,0,148.75,47.4735151,19.06134
3929,-0.22,1.0,1.0,0.02,148.76,47.4735144,19.0613435
3930,-0.22,1.0,1.0,0,148.77,47.4735139,19.0613465
3931,-0.53,1.0,1.0,0.0,148.78,47.4735134,19.0613499
3932,-0.69,1.0,1.0,0,148.8,47.4735127,19.0613534
3933,-1.07,1.0,1.0,0,148.81,47.4735122,19.0613568
3934,-1.18,1.0,1.0,0,148.82,47.4735116,19.0613602
3935,-1.25,1.0,1.0,0.06,148.83,47.473511,19.0613637
3936,-1.15,1.0,1.0,0.01,148.84,47.4735104,19.0613671
3937,-1.22,0.99,1.0,0.09,148.85,47.4735098,19.0613704
3938,-1.22,1.0,1.0,0.0,148.85,47.4735092,19.0613737
3939,-1.29,1.0,1.0,0.03,148.85,47.4735086,19.0613771
3940,-1.37,1.0,1.0,0,148.84,47.473508,19.0613806
3941,-1.35,1.0,1.0,0,148.83,47.4735074,19.0613843
3942,-1.33,1.0,1.0,0,148.82,47.4735068,19.0613876
3943,-1.13,1.01,1.0,0,148.82,47.4735063,19.0613909
3944,-1.16,1.0,1.0,0.09,148.81,47.4735055,19.0613942
3945,-1.19,0.99,1.0,0.08,148.81,47.473505,19.0613974
3946,-1.52,1.0,1.0,0.01,148.82,47.4735044,19.0614005
3947,-1.7,0.98,1.0,0.24,148.83,47.4735037,19.061404
3948,-1.92,0.88,1.0,1.83,148.84,47.473503,19.0614071
3949,-2.0,0.85,1.0,1.54,148.84,47.4735024,19.0614105
3950,-2.18,0.85,1.0,1.11,148.84,47.4735019,19.0614125
3951,-2.4,0.82,1.0,1.7,148.83,47.4735014,19.0614147
3952,-2.67,0.74,1.0,2.82,148.82,47.4735007,19.0614184
3953,-3.03,0.76,0.6,0,148.81,47.4735001,19.0614215
3954,-3.3,0.72,0.6,0,148.8,47.4734996,19.0614234
3955,-3.37,0.63,0.6,0.57,148.79,47.4734992,19.0614254
3956,-3.24,0.59,0.6,0.47,148.78,47.4734989,19.0614273
3957,-3.06,0.6,0.6,0,148.77,47.4734985,19.0614293
3958,-2.79,0.6,1.0,6.82,148.75,47.4734981,19.0614314
3959,-2.73,0.6,1.0,3.15,148.73,47.4734977,19.0614331
3960,-2.84,0.61,1.0,3.06,148.71,47.4734972,19.0614351
3961,-2.82,0.6,1.0,3.25,148.7,47.4734967,19.0614367
3962,-3.0,0.6,0.6,0,148.68,47.4734964,19.0614388
3963,-3.39,0.6,0.6,0.0,148.66,47.4734961,19.0614405
3964,-3.42,0.6,0.6,0,148.66,47.4734955,19.0614423
3965,-3.37,0.6,0.6,0.05,148.66,47.4734951,19.0614442
3966,-3.48,0.6,0.6,0,148.68,47.4734947,19.0614462
3967,-3.3,0.6,0.6,0.01,148.7,47.4734943,19.0614482
3968,-3.2,0.6,0.6,0.05,148.72,47.473494,19.0614503
3969,-3.38,0.59,0.6,0.06,148.74,47.4734937,19.061452
3970,-3.61,0.59,0.6,0.06,148.78,47.4734933,19.0614539
3971,-3.88,0.59,0.6,0.08,148.81,47.4734929,19.0614555
3972,-4.23,0.59,0.6,0.1,148.85,47.4734924,19.0614574
3973,-4.35,0.59,0.6,0.07,148.9,47.4734919,19.0614593
3974,-4.14,0.59,0.6,0.01,148.94,47.4734914,19.0614611
3975,-3.84,0.6,0.6,0,148.97,47.4734909,19.0614632
3976,-3.41,0.6,0.6,0.01,148.99,47.4734905,19.0614653
3977,-2.87,0.6,1.0,6.5,149.01,47.47349,19.0614674
3978,-2.35,0.63,1.0,2.73,149.02,47.4734898,19.0614698
3979,-2.22,0.72,1.0,1.51,149.04,47.4734894,19.0614715
3980,-1.98,0.77,1.0,1.38,149.04,47.4734889,19.0614734
3981,-1.74,0.79,1.0,1.46,149.04,47.4734882,19.0614766
3982,-1.65,0.87,1.0,0.26,149.03,47.4734878,19.0614798
3983,-1.62,0.92,1.0,0.2,149.03,47.4734873,19.0614814
3984,-1.41,0.91,1.0,0.84,149.02,47.4734863,19.0614845
3985,-1.44,0.78,1.0,2.92,149.02,47.4734856,19.0614872
3986,-1.49,0.64,1.0,4.11,149.03,47.4734848,19.0614902
3987,-1.53,0.43,1.0,6.35,149.05,47.4734843,19.0614919
3988,-1.56,0.24,1.0,7.7,149.06,47.4734841,19.0614915
3989,-1.68,0.06,1.0,9.06,149.08,47.4734839,19.0614914
3990,-1.71,0.02,1.0,8.19,149.1,47.4734838,19.0614914
3991,-1.82,0.04,1.0,7.58,149.1,47.473483,19.0614912
3992,-1.91,0.04,1.0,7.66,149.08,47.4734815,19.0614907
3993,-1.98,0.03,1.0,7.77,149.06,47.4734804,19.0614894
3994,-2.02,0.02,1.0,7.95,149.04,47.4734799,19.0614887
3995,-2.01,0.02,1.0,7.88,149.02,47.4734794,19.0614883
3996,-1.99,0.0,1.0,8.11,149.0,47.473479,19.0614878
3997,-1.96,0.0,1.0,7.94,148.99,47.4734787,19.0614875
3998,-1.86,0.17,1.0,5.19,149.0,47.4734784,19.061487
3999,-1.79,0.34,1.0,3.87,149.0,47.4734781,19.0614868
4000,-1.75,0.51,1.0,2.42,149.0,47.4734767,19.0614868
4001,-1.63,0.69,1.0,1.02,148.99,47.4734742,19.0614867
4002,-1.58,0.85,1.0,0,148.96,47.4734718,19.0614866
4003,-1.64,0.75,1.0,2.91,148.92,47.4734697,19.0614857
4004,-1.65,0.59,1.0,4.69,148.87,47.473468,19.0614844
4005,-1.67,0.41,1.0,6.22,148.83,47.4734668,19.0614837
4006,-1.82,0.25,1.0,7.35,148.8,47.4734667,19.0614837
4007,-1.9,0.1,1.0,8.51,148.8,47.4734668,19.0614842
4008,-1.94,0.12,1.0,6.94,148.8,47.4734667,19.0614839
4009,-1.95,0.19,1.0,5.92,148.82,47.4734664,19.0614834
4010,-1.91,0.29,1.0,4.77,148.82,47.4734661,19.0614831
4011,-1.82,0.37,1.0,4.29,148.85,47.4734652,19.0614827
4012,-1.68,0.47,1.0,3.38,148.89,47.4734643,19.0614823
4013,-1.53,0.41,1.0,5.29,148.94,47.4734629,19.0614814
4014,-1.43,0.33,1.0,6.13,148.97,47.4734617,19.0614808
4015,-1.38,0.24,1.0,6.87,149.02,47.4734614,19.0614807
4016,-1.36,0.14,1.0,7.65,149.03,47.4734618,19.0614815
4017,-1.38,0.04,1.0,8.63,149.03,47.473462,19.0614818
4018,-1.45,0.02,1.0,7.97,149.0,47.4734621,19.061482
4019,-1.5,0.02,1.0,7.82,148.98,47.473462,19.0614821
4020,-1.53,0.01,1.0,8.09,148.93,47.473462,19.0614822
4021,-1.55,0.02,1.0,7.71,148.89,47.4734619,19.0614824
4022,-1.53,0.02,1.0,7.83,148.84,47.4734619,19.0614824
4023,-1.51,0.02,1.0,7.86,148.81,47.4734617,19.0614822
4024,-1.47,0.03,1.0,7.66,148.78,47.4734617,19.0614821
4025,-1.35,0.2,1.0,4.96,148.76,47.4734616,19.061482
4026,-1.26,0.38,1.0,3.41,148.74,47.4734615,19.0614818
4027,-1.19,0.57,1.0,1.66,148.73,47.4734601,19.061482
4028,-1.13,0.77,1.0,0.01,148.74,47.4734577,19.0614827
4029,-1.12,0.96,1.0,0,148.74,47.4734554,19.0614834
4030,-1.17,0.99,1.0,0,148.74,47.4734529,19.061484
4031,-1.23,1.0,1.0,0,148.75,47.4734504,19.0614847
4032,-1.28,1.0,1.0,0,148.75,47.4734479,19.0614854
4033,-1.42,1.0,1.0,0,148.74,47.4734455,19.0614862
4034,-1.51,1.0,1.0,0,148.73,47.4734429,19.0614866
4035,-1.57,1.0,1.0,0.06,148.71,47.4734403,19.0614872
4036,-1.55,1.0,1.0,0,148.68,47.4734377,19.0614878
4037,-1.53,1.0,1.0,0,148.64,47.4734352,19.0614881
4038,-1.43,1.0,1.0,0.02,148.59,47.4734327,19.0614886
4039,-1.34,1.0,1.0,0,148.53,47.4734302,19.0614892
4040,-1.27,1.0,1.0,0,148.45,47.4734277,19.0614897
4041,-1.28,1.0,1.0,0.04,148.37,47.4734254,19.0614896
4042,-1.3,1.0,1.0,0,148.3,47.4734232,19.0614897
4043,-1.28,1.0,1.0,0.01,148.23,47.4734207,19.0614902
4044,-1.25,1.0,1.0,0.05,148.18,47.4734183,19.0614908
4045,-1.21,1.0,1.0,0.02,148.14,47.4734159,19.0614913
4046,-1.17,1.0,1.0,0,148.1,47.4734134,19.0614919
4047,-1.16,1.0,1.0,0.06,148.06,47.473411,19.0614923
4048,-1.16,1.0,1.0,0.02,148.02,47.4734086,19.061493
4049,-1.19,1.0,1.0,0.04,147.98,47.4734062,19.0614934
4050,-1.15,1.0,1.0,0,147.94,47.4734038,19.061494
4051,-1.13,1.0,1.0,0.03,147.89,47.4734014,19.0614944
4052,-1.07,1.0,1.0,0,147.85,47.4733991,19.061495
4053,-1.09,1.0,1.0,0,147.81,47.4733967,19.0614953
4054,-1.09,1.0,1.0,0,147.77,47.4733943,19.0614959
4055,-1.21,1.0,1.0,0.03,147.74,47.4733919,19.0614963
4056,-1.25,1.0,1.0,0.04,147.71,47.4733895,19.0614968
4057,-1.36,1.0,1.0,0.04,147.68,47.4733871,19.0614974
4058,-1.4,1.0,1.0,0.03,147.65,47.4733848,19.0614979
4059,-1.38,1.0,1.0,0.03,147.62,47.4733825,19.0614983
4060,-1.27,1.0,1.0,0.03,147.6,47.4733802,19.0614989
4061,-1.19,1.0,1.0,0,147.58,47.4733777,19.0614994
4062,-1.05,1.0,1.0,0.06,147.57,47.4733754,19.0614999
4063,-1.11,0.89,1.0,1.84,147.58,47.473373,19.0615005
4064,-1.15,0.69,1.0,4.11,147.58,47.4733706,19.0615012
4065,-1.26,0.49,1.0,5.85,147.59,47.4733687,19.0615016
4066,-1.41,0.37,1.0,6.1,147.6,47.4733687,19.0615015
4067,-1.38,0.2,1.0,7.95,147.61,47.4733685,19.0615015
4068,-1.21,0.11,1.0,7.92,147.61,47.4733685,19.0615015
4069,-1.12,0.1,1.0,7.23,147.61,47.4733694,19.0615013
4070,-1.03,0.1,1.0,7.19,147.62,47.4733692,19.0615013
4071,-0.91,0.02,1.0,8.54,147.63,47.4733692,19.0615012
4072,-0.94,0.0,1.0,8.15,147.63,47.4733691,19.0615014
4073,-0.93,0.0,1.0,7.98,147.64,47.4733691,19.0615015
4074,-1.02,0.0,1.0,7.97,147.65,47.4733692,19.0615014
4075,-1.05,0.0,1.0,7.96,147.65,47.4733691,19.061501
4076,-0.91,0.0,1.0,7.97,147.65,47.4733688,19.0614995
4077,-0.81,0.0,1.0,7.98,147.66,47.4733692,19.0614972
4078,-0.69,0.01,1.0,7.88,147.68,47.4733701,19.0614955
4079,-0.47,0.02,1.0,7.81,147.68,47.4733715,19.0614947
4080,-0.31,0.02,1.0,7.87,147.71,47.4733726,19.0614952
4081,-0.31,0.02,1.0,7.87,147.75,47.4733731,19.0614958
4082,-0.28,0.02,1.0,7.89,147.79,47.4733731,19.061496
4083,-0.28,0.01,1.0,7.99,147.83,47.4733729,19.0614961
4084,-0.29,0.0,1.0,8.06,147.88,47.4733729,19.0614961
4085,-0.29,0.0,1.0,7.98,147.91,47.4733731,19.0614962
4086,-0.29,0.01,1.0,7.88,147.91,47.4733732,19.0614963
4087,-0.29,0.01,1.0,7.89,147.91,47.4733733,19.0614962
4088,-0.33,0.01,1.0,7.88,147.92,47.473373,19.0614957
4089,-0.41,0.01,1.0,7.87,147.91,47.4733721,19.0614955
4090,-0.49,0.02,1.0,7.77,147.92,47.4733718,19.0614951
4091,-0.54,0.02,1.0,7.92,147.94,47.4733721,19.0614956
4092,-0.59,0.02,1.0,7.81,147.96,47.473372,19.0614956
4093,-0.55,0.02,1.0,7.81,147.97,47.4733721,19.0614957
4094,-0.47,0.02,1.0,7.86,147.98,47.473372,19.0614958
4095,-0.39,0.01,1.0,7.98,148.01,47.4733718,19.0614955
4096,-0.35,0.01,1.0,7.92,148.05,47.4733714,19.0614953
4097,-0.26,0.12,1.0,6.16,148.08,47.4733713,19.0614952
4098,-0.21,0.31,1.0,3.73,148.14,47.473371,19.0614952
4099,-0.13,0.5,1.0,2.28,148.19,47.4733711,19.0614948
4100,-0.05,0.71,1.0,0.63,148.24,47.4733726,19.0614927
4101,0.08,0.9,1.0,0,148.27,47.4733739,19.061491
4102,0.26,0.99,1.0,0,148.3,47.4733759,19.0614892
4103,0.37,0.99,1.0,0.12,148.32,47.4733777,19.0614872
4104,0.31,1.0,1.0,0,148.34,47.4733794,19.0614848
4105,0.12,0.99,1.0,0.08,148.38,47.473381,19.0614826
4106,-0.25,1.0,1.0,0,148.43,47.4733827,19.0614805
4107,-0.37,1.0,1.0,0,148.47,47.4733845,19.0614784
4108,-0.26,1.01,1.0,0,148.5,47.4733864,19.061476
4109,0.38,1.01,1.0,0,148.52,47.4733883,19.061474
4110,1.82,1.03,1.0,0,148.51,47.47339,19.0614717
4111,3.5,1.11,1.4,5.08,148.5,47.4733918,19.0614695
4112,4.78,1.19,1.4,1.02,148.48,47.4733935,19.0614672
4113,5.51,1.27,1.4,0.43,148.46,47.4733961,19.0614642
4114,5.33,1.34,1.4,0,148.45,47.4733988,19.0614613
4115,4.25,1.4,1.4,0,148.44,47.4734017,19.0614585
4116,2.96,1.39,1.0,0,148.42,47.4734042,19.0614558
4117,1.75,1.3,1.0,0,148.4,47.4734069,19.0614529
4118,0.83,1.22,1.0,0,148.38,47.4734098,19.06145
4119,0.24,1.14,1.0,0,148.36,47.473412,19.0614479
4120,-0.27,1.06,1.0,0.26,148.36,47.4734139,19.061446
4121,-0.68,0.98,1.0,0.74,148.35,47.4734158,19.0614442
4122,-1.05,1.0,1.0,0,148.34,47.4734177,19.0614424
4123,-1.18,1.0,1.0,0,148.35,47.4734197,19.0614405
4124,-1.19,1.01,1.0,0,148.37,47.4734218,19.0614386
4125,-0.89,1.0,1.0,0.0,148.39,47.4734237,19.0614366
4126,-0.3,1.0,1.0,0.0,148.41,47.4734253,19.0614344
4127,0.35,1.0,1.0,0.04,148.42,47.4734272,19.0614326
4128,0.81,1.0,1.0,0,148.43,47.4734292,19.0614304
4129,1.24,1.04,1.0,0,148.42,47.4734314,19.0614285
4130,0.74,1.1,1.0,0,148.41,47.4734332,19.0614265
4131,-0.27,1.06,1.0,0,148.42,47.4734351,19.0614245
4132,-1.47,0.97,1.0,0.97,148.47,47.4734379,19.061422
4133,-2.81,0.89,1.0,1.55,148.52,47.4734395,19.0614201
4134,-4.15,0.77,0.6,0,148.58,47.4734403,19.061419
4135,-4.72,0.63,0.6,0.96,148.64,47.4734413,19.0614178
4136,-4.9,0.59,0.6,0.42,148.7,47.4734423,19.0614166
4137,-4.89,0.6,0.6,0,148.73,47.4734434,19.0614154
4138,-4.69,0.6,0.6,0,148.76,47.4734444,19.0614141
4139,-4.41,0.61,0.6,0,148.78,47.4734457,19.0614127
4140,-4.23,0.6,0.6,0.03,148.79,47.4734467,19.0614116
4141,-4.22,0.6,0.6,0.06,148.8,47.4734479,19.0614103
4142,-4.34,0.6,0.6,0,148.81,47.473449,19.0614091
4143,-4.62,0.6,0.6,0.0,148.82,47.47345,19.061408
4144,-4.95,0.6,0.6,0.05,148.85,47.4734511,19.0614069
4145,-5.13,0.6,0.6,0,148.88,47.4734521,19.0614058
4146,-5.15,0.6,0.6,0,148.92,47.4734531,19.0614047
4147,-5.03,0.6,0.6,0.07,148.94,47.4734541,19.0614037
4148,-4.76,0.6,0.6,0.04,148.96,47.473455,19.0614025
4149,-4.52,0.59,0.6,0.06,148.98,47.4734563,19.0614014
4150,-4.1,0.6,0.6,0,149.0,47.4734575,19.0614002
4151,-3.74,0.59,0.6,0.1,149.03,47.4734585,19.0613991
4152,-3.5,0.6,0.6,0,149.07,47.4734596,19.0613979
4153,-3.1,0.6,0.6,0,149.14,47.4734606,19.0613967
4154,-2.53,0.6,1.0,6.58,149.19,47.4734619,19.0613952
4155,-1.91,0.63,1.0,2.66,149.24,47.473463,19.0613939
4156,-1.35,0.72,1.0,1.49,149.28,47.4734642,19.0613927
4157,-0.55,0.8,1.0,0.9,149.3,47.4734657,19.0613914
4158,0.1,0.88,1.0,0.3,149.32,47.4734676,19.0613892
4159,0.8,0.96,1.0,0,149.32,47.4734697,19.0613873
4160,1.24,1.0,1.0,0,149.34,47.4734716,19.0613851
4161,1.61,1.04,1.0,0,149.36,47.4734736,19.0613828
4162,1.54,1.09,1.0,0,149.4,47.4734754,19.0613807
4163,1.51,1.08,1.0,0,149.44,47.473477,19.0613787
4164,1.23,1.08,1.0,0,149.51,47.4734795,19.061376
4165,0.71,1.08,1.0,0,149.57,47.4734814,19.061374
4166,0.23,1.04,1.0,0.07,149.63,47.4734831,19.0613721
4167,-0.11,0.99,1.0,0.56,149.68,47.473485,19.06137
4168,-0.43,1.0,1.0,0,149.74,47.4734869,19.0613679
4169,-0.65,1.0,1.0,0.04,149.78,47.4734889,19.061366
4170,-0.57,1.0,1.0,0.06,149.84,47.4734906,19.0613638
4171,-0.45,1.0,1.0,0,149.9,47.4734925,19.0613615
4172,-0.29,1.0,1.0,0.08,149.96,47.4734942,19.061359
4173,0.03,0.99,1.0,0.07,150.02,47.4734961,19.0613571
4174,0.06,1.0,1.0,0.03,150.08,47.473498,19.0613551
4175,-0.01,1.0,1.0,0.01,150.13,47.4734998,19.061353
4176,-0.16,1.0,1.0,0.01,150.18,47.4735016,19.0613509
4177,-0.36,1.0,1.0,0,150.23,47.4735035,19.0613488
4178,-0.54,1.0,1.0,0.01,150.29,47.4735055,19.0613469
4179,-0.31,1.0,1.0,0,150.34,47.4735073,19.0613447
4180,0.09,1.0,1.0,0,150.39,47.4735089,19.0613428
4181,0.59,1.0,1.0,0.05,150.45,47.4735109,19.0613409
4182,1.25,0.99,1.0,0.09,150.49,47.4735127,19.0613389
4183,1.63,1.03,1.0,0,150.53,47.4735144,19.061337
4184,1.87,1.11,1.0,0,150.57,47.4735163,19.0613346
4185,1.86,1.14,1.0,0,150.62,47.4735181,19.0613322
4186,1.91,1.14,1.0,0,150.68,47.4735205,19.0613292
4187,1.73,1.14,1.0,0,150.74,47.4735228,19.061326
4188,1.52,1.11,1.0,0,150.79,47.4735244,19.061324
4189,1.35,1.03,1.0,0.5,150.84,47.4735262,19.0613217
4190,1.15,0.99,1.0,0.4,150.88,47.4735279,19.0613196
4191,0.98,1.0,1.0,0,150.91,47.4735297,19.0613173
4192,0.75,0.99,1.0,0.1,150.95,47.4735316,19.061315
4193,0.91,1.0,1.0,0.0,150.99,47.4735332,19.0613128
4194,0.69,0.99,1.0,0.05,151.03,47.473535,19.0613109
4195,0.71,0.99,1.0,0.09,151.06,47.4735368,19.0613086
4196,0.42,0.99,1.0,0.06,151.08,47.4735386,19.0613067
4197,0.15,1.0,1.0,0,151.09,47.4735405,19.0613047
4198,-0.57,1.0,1.0,0.05,151.1,47.4735424,19.0613025
4199,-0.92,1.0,1.0,0,151.11,47.4735443,19.0613005
4200,-1.49,0.97,1.0,0.54,151.12,47.4735462,19.0612982
4201,-1.79,0.88,1.0,1.61,151.12,47.4735482,19.0612964
4202,-2.0,0.84,1.0,1.61,151.13,47.4735501,19.0612944
4203,-1.89,0.84,1.0,1.32,151.14,47.4735512,19.0612932
4204,-1.88,0.83,1.0,1.38,151.17,47.4735523,19.0612919
4205,-1.74,0.87,1.0,0.75,151.2,47.4735541,19.0612898
4206,-1.48,0.96,1.0,0,151.23,47.4735559,19.0612878
4207,-1.09,1.0,1.0,0,151.26,47.4735578,19.0612858
4208,-0.59,1.0,1.0,0.08,151.27,47.4735598,19.0612836
4209,0.09,1.0,1.0,0.02,151.3,47.4735618,19.0612815
4210,0.67,1.0,1.0,0.02,151.33,47.4735637,19.0612795
4211,1.09,0.99,1.0,0.06,151.36,47.4735653,19.0612772
4212,1.39,0.99,1.0,0.19,151.41,47.4735672,19.0612754
4213,1.23,0.93,1.0,0.98,151.46,47.473569,19.0612733
4214,1.03,0.75,1.0,3.19,151.5,47.4735708,19.061271
4215,0.94,0.55,1.0,5.24,151.53,47.4735726,19.0612693
4216,0.8,0.35,1.0,6.71,151.6,47.473573,19.0612689
4217,0.7,0.15,1.0,8.27,151.67,47.4735731,19.0612688
4218,0.78,0.01,1.0,9.18,151.75,47.4735726,19.0612689
4219,0.8,0.0,1.0,8.08,151.83,47.4735722,19.061269
4220,0.8,0.0,1.0,8.01,151.91,47.4735721,19.0612686
4221,0.8,0.0,1.0,8.0,151.96,47.4735718,19.0612683
4222,0.8,0.0,1.0,8.0,151.99,47.4735717,19.061268
4223,0.8,0.0,1.0,8.0,152.03,47.4735716,19.0612677
4224,0.79,0.0,1.0,8.0,152.07,47.4735715,19.0612674
4225,0.79,0.0,1.0,8.0,152.11,47.4735713,19.061267
4226,0.79,0.0,1.0,8.0,152.16,47.4735712,19.0612667
4227,0.78,0.0,1.0,8.0,152.2,47.473571,19.0612662
4228,0.78,0.0,1.0,8.0,152.24,47.4735708,19.0612659
4229,0.79,0.0,1.0,7.93,152.28,47.4735706,19.0612658
4230,0.6,0.01,1.0,7.89,152.33,47.4735705,19.0612655
4231,0.27,0.1,1.0,6.42,152.36,47.4735701,19.0612653
4232,0.09,0.32,1.0,3.54,152.38,47.4735701,19.0612655
4233,0.09,0.51,1.0,2.51,152.41,47.473571,19.0612665
4234,0.04,0.56,1.0,3.17,152.41,47.4735726,19.0612661
4235,0.34,0.56,1.0,3.49,152.41,47.4735756,19.0612655
4236,0.75,0.48,1.0,4.9,152.4,47.4735771,19.0612652
4237,0.87,0.26,1.0,7.68,152.41,47.4735768,19.0612652
4238,0.87,0.07,1.0,9.03,152.41,47.4735767,19.0612649
4239,0.92,0.03,1.0,8.17,152.41,47.4735768,19.0612646
4240,0.89,0.03,1.0,7.74,152.42,47.4735762,19.061264
4241,0.88,0.03,1.0,7.73,152.43,47.473576,19.0612638
4242,1.01,0.02,1.0,7.91,152.44,47.4735763,19.061264
4243,1.11,0.02,1.0,7.84,152.44,47.4735763,19.0612642
4244,1.14,0.16,1.0,5.57,152.44,47.4735765,19.0612645
4245,1.11,0.34,1.0,3.99,152.44,47.4735765,19.0612646
4246,1.37,0.53,1.0,2.23,152.43,47.4735771,19.0612642
4247,1.62,0.78,1.0,0,152.44,47.473579,19.0612627
4248,1.56,1.06,1.0,0,152.44,47.4735808,19.0612609
4249,1.12,1.16,1.0,0,152.44,47.473583,19.061259
4250,0.83,1.15,1.0,0,152.44,47.4735859,19.0612566
4251,-0.22,1.15,1.0,0,152.43,47.4735884,19.0612542
4252,-1.3,1.09,1.0,0,152.42,47.4735903,19.0612529
4253,-2.25,0.91,1.0,1.88,152.42,47.4735922,19.0612512
4254,-2.72,0.8,1.0,2.51,152.41,47.4735943,19.0612494
4255,-3.3,0.73,0.6,0,152.41,47.4735956,19.0612484
4256,-3.49,0.65,0.6,0.26,152.39,47.4735968,19.0612475
4257,-3.6,0.59,0.6,0.55,152.38,47.473598,19.0612466
4258,-3.37,0.6,0.6,0,152.35,47.4735991,19.0612453
4259,-3.17,0.6,0.6,0.0,152.32,47.4736003,19.0612442
4260,-3.04,0.6,0.6,0.0,152.3,47.4736015,19.0612429
4261,-2.63,0.6,1.0,6.41,152.28,47.4736028,19.0612418
4262,-2.14,0.64,1.0,2.59,152.27,47.4736041,19.0612408
4263,-1.79,0.72,1.0,1.57,152.27,47.4736052,19.0612398
4264,-1.52,0.8,1.0,0.95,152.26,47.4736063,19.0612387
4265,-1.24,0.88,1.0,0.26,152.25,47.4736083,19.061237
4266,-1.12,0.96,1.0,0,152.24,47.4736101,19.0612351
4267,-1.12,1.0,1.0,0,152.24,47.473612,19.0612335
4268,-1.03,1.0,1.0,0,152.23,47.4736139,19.0612316
4269,-0.87,1.0,1.0,0,152.23,47.4736159,19.06123
4270,-0.58,1.01,1.0,0,152.22,47.4736177,19.0612283
4271,-0.34,1.01,1.0,0,152.22,47.4736197,19.0612266
4272,-0.09,1.01,1.0,0,152.21,47.4736216,19.0612249
4273,-0.04,1.0,1.0,0.05,152.21,47.4736235,19.061223
4274,-0.18,1.0,1.0,0,152.22,47.4736255,19.0612213
4275,-0.37,1.0,1.0,0,152.23,47.4736274,19.0612196
4276,-0.44,1.0,1.0,0.04,152.24,47.4736293,19.0612176
4277,-0.61,1.0,1.0,0.01,152.24,47.4736311,19.0612162
4278,-0.71,1.0,1.0,0,152.25,47.473633,19.0612145
4279,-0.71,0.99,1.0,0.09,152.26,47.473635,19.0612127
4280,-0.84,0.99,1.0,0.15,152.27,47.4736368,19.061211
4281,-1.11,0.99,1.0,0.03,152.28,47.4736385,19.0612092
4282,-1.51,0.99,1.0,0.08,152.3,47.4736404,19.0612079
4283,-2.09,0.92,1.0,1.23,152.31,47.4736423,19.0612061
4284,-2.58,0.73,1.0,3.58,152.31,47.4736441,19.0612045
4285,-2.93,0.54,1.0,5.33,152.31,47.4736462,19.061203
4286,-3.27,0.34,0.6,0.73,152.3,47.4736466,19.0612027
4287,-3.38,0.14,0.6,5.36,152.28,47.4736468,19.0612029
4288,-3.3,0.01,0.6,5.71,152.27,47.4736467,19.0612031
4289,-3.24,0.01,0.6,4.8,152.27,47.4736465,19.0612032
4290,-3.24,0.0,0.6,4.79,152.27,47.4736466,19.0612033
4291,-3.24,0.0,0.6,4.78,152.28,47.4736465,19.0612034
4292,-3.24,0.0,0.6,4.75,152.27,47.4736465,19.0612036
4293,-3.23,0.0,0.6,4.76,152.26,47.4736466,19.0612039
4294,-3.23,0.0,0.6,4.81,152.25,47.4736467,19.0612042
4295,-3.23,0.0,0.6,4.79,152.23,47.4736468,19.0612044
4296,-3.23,0.0,0.6,4.79,152.22,47.473647,19.0612045
4297,-3.24,0.0,0.6,4.81,152.21,47.473647,19.0612048
4298,-3.24,0.0,0.6,4.8,152.2,47.4736468,19.0612049
4299,-3.24,0.0,0.6,4.8,152.19,47.4736469,19.0612051
4300,-3.25,0.0,0.6,4.8,152.18,47.473647,19.0612052
4301,-3.25,0.0,0.6,4.8,152.17,47.473647,19.0612054
4302,-3.28,0.0,0.6,4.8,152.14,47.4736469,19.0612053
4303,-3.24,0.0,0.6,4.79,152.1,47.473647,19.0612054
4304,-3.12,0.0,0.6,4.75,152.06,47.4736471,19.0612056
4305,-2.96,0.01,1.0,11.13,152.02,47.4736471,19.0612059
4306,-2.85,0.02,1.0,7.8,151.97,47.4736469,19.0612066
4307,-2.74,0.02,1.0,7.76,151.93,47.473647,19.0612073
4308,-2.63,0.03,1.0,7.74,151.88,47.4736476,19.0612071
4309,-2.59,0.03,1.0,7.71,151.82,47.4736482,19.0612073
4310,-2.55,0.03,1.0,7.75,151.76,47.4736487,19.0612072
4311,-2.62,0.03,1.0,7.76,151.71,47.4736491,19.0612072
4312,-2.68,0.03,1.0,7.79,151.65,47.4736502,19.0612075
4313,-2.75,0.03,1.0,7.79,151.6,47.4736514,19.0612067
4314,-2.56,0.02,1.0,7.87,151.55,47.4736517,19.0612065
4315,-2.4,0.02,1.0,7.92,151.49,47.4736522,19.0612065
4316,-2.06,0.01,1.0,7.97,151.42,47.4736524,19.0612067
4317,-1.73,0.0,1.0,8.01,151.37,47.4736525,19.0612066
4318,-1.45,0.0,1.0,8.03,151.32,47.4736525,19.0612066
4319,-1.42,0.0,1.0,8.01,151.29,47.4736525,19.0612066
4320,-1.43,0.0,1.0,8.0,151.28,47.4736524,19.0612068
4321,-1.43,0.0,1.0,8.0,151.28,47.4736525,19.0612073
4322,-1.44,0.0,1.0,8.0,151.27,47.4736527,19.0612076
4323,-1.44,0.0,1.0,8.0,151.26,47.4736527,19.0612077
4324,-1.45,0.0,1.0,8.0,151.24,47.4736527,19.0612079
4325,-1.45,0.0,1.0,8.0,151.22,47.473653,19.061208
4326,-1.45,0.0,1.0,8.0,151.21,47.4736529,19.0612083
4327,-1.46,0.0,1.0,8.0,151.21,47.4736532,19.0612084
4328,-1.46,0.0,1.0,8.0,151.2,47.4736537,19.0612087
4329,-1.46,0.0,1.0,8.0,151.21,47.4736536,19.0612086
4330,-1.47,0.0,1.0,8.0,151.2,47.4736537,19.0612086
4331,-1.47,0.0,1.0,8.0,151.2,47.4736536,19.0612086
4332,-1.47,0.0,1.0,8.0,151.2,47.4736538,19.0612086
4333,-1.47,0.0,1.0,8.0,151.2,47.4736536,19.0612085
4334,-1.47,0.0,1.0,8.0,151.2,47.4736538,19.0612086
4335,-1.47,0.0,1.0,8.0,151.19,47.4736538,19.0612087
4336,-1.47,0.0,1.0,8.0,151.19,47.4736538,19.0612088
4337,-1.47,0.0,1.0,8.0,151.18,47.4736538,19.0612086
4338,-1.47,0.0,1.0,8.0,151.18,47.473654,19.0612088
4339,-1.47,0.0,1.0,8.0,151.16,47.4736542,19.0612089
4340,-1.47,0.0,1.0,8.0,151.16,47.4736543,19.061209
4341,-1.47,0.0,1.0,8.0,151.16,47.4736546,19.0612089
4342,-1.47,0.0,1.0,8.0,151.17,47.4736548,19.0612094
4343,-1.47,0.0,1.0,8.0,151.18,47.4736554,19.0612095
4344,-1.47,0.0,1.0,8.0,151.2,47.4736559,19.0612096
4345,-1.47,0.0,1.0,8.0,151.22,47.473656,19.0612095
4346,-1.47,0.0,1.0,7.99,151.24,47.4736562,19.0612094
4347,-1.75,0.01,1.0,7.91,151.27,47.4736562,19.0612096
4348,-2.01,0.01,1.0,7.86,151.32,47.4736565,19.06121
4349,-2.26,0.02,1.0,7.8,151.37,47.4736565,19.0612101
4350,-2.53,0.03,1.0,7.74,151.42,47.4736564,19.0612098
4351,-2.77,0.03,1.0,7.71,151.47,47.4736564,19.0612103
4352,-2.74,0.03,1.0,7.73,151.51,47.4736563,19.0612101
4353,-2.73,0.03,1.0,7.73,151.53,47.4736566,19.0612095
4354,-2.67,0.03,1.0,7.78,151.52,47.4736571,19.0612091
4355,-2.53,0.02,1.0,7.87,151.51,47.4736574,19.0612087
4356,-2.4,0.02,1.0,7.91,151.49,47.4736579,19.0612076
4357,-2.13,0.01,1.0,7.91,151.45,47.4736587,19.0612065
4358,-1.89,0.01,1.0,7.98,151.39,47.473659,19.0612062
4359,-1.72,0.01,1.0,7.96,151.34,47.4736598,19.0612062
4360,-1.61,0.01,1.0,7.89,151.29,47.4736603,19.0612066
4361,-1.54,0.01,1.0,7.93,151.26,47.4736611,19.0612067
4362,-1.57,0.01,1.0,7.96,151.25,47.4736617,19.0612068
4363,-1.59,0.01,1.0,7.96,151.25,47.4736618,19.0612081
4364,-1.6,0.01,1.0,7.95,151.28,47.4736616,19.0612085
4365,-1.61,0.0,1.0,8.01,151.33,47.4736617,19.061209
4366,-1.62,0.0,1.0,7.98,151.35,47.4736619,19.0612095
4367,-1.63,0.0,1.0,7.95,151.38,47.4736621,19.0612099
4368,-1.64,0.0,1.0,7.96,151.41,47.4736621,19.06121
4369,-1.65,0.0,1.0,7.99,151.44,47.4736622,19.0612102
4370,-1.78,0.0,1.0,7.95,151.48,47.4736622,19.0612101
4371,-1.97,0.01,1.0,7.84,151.55,47.4736624,19.0612102
4372,-2.09,0.02,1.0,7.82,151.62,47.4736622,19.0612108
4373,-2.16,0.02,1.0,7.77,151.69,47.4736621,19.0612115
4374,-1.97,0.03,1.0,7.77,151.76,47.4736621,19.0612112
4375,-1.22,0.03,1.0,7.68,151.83,47.4736624,19.0612107
4376,-0.17,0.03,1.0,7.72,151.88,47.4736624,19.0612109
4377,0.56,0.03,1.0,7.75,151.93,47.4736625,19.061211
4378,0.95,0.03,1.0,7.73,151.99,47.473663,19.0612103
4379,0.87,0.04,1.0,7.67,152.02,47.4736634,19.0612101
4380,0.33,0.04,1.0,7.74,152.0,47.4736639,19.0612108
4381,-0.33,0.03,1.0,7.74,151.98,47.4736646,19.0612104
4382,-0.75,0.03,1.0,7.82,151.96,47.4736655,19.0612102
4383,-0.87,0.02,1.0,7.88,151.93,47.4736654,19.06121
4384,-0.77,0.02,1.0,7.94,151.95,47.4736654,19.0612105
4385,-0.67,0.01,1.0,7.99,152.0,47.4736653,19.0612109
4386,-0.65,0.0,1.0,8.05,152.05,47.4736653,19.0612113
4387,-0.65,0.0,1.0,8.01,152.09,47.4736654,19.0612118
4388,-0.65,0.0,1.0,8.0,152.14,47.4736651,19.0612118
4389,-0.67,0.0,1.0,7.99,152.18,47.473665,19.061212
4390,-0.66,0.0,1.0,7.99,152.21,47.4736649,19.0612123
4391,-0.62,0.0,1.0,7.96,152.25,47.473665,19.0612124
4392,-0.62,0.0,1.0,7.97,152.3,47.4736649,19.0612128
4393,-0.59,0.0,1.0,7.96,152.35,47.4736649,19.0612132
4394,-0.52,0.0,1.0,7.97,152.41,47.4736649,19.0612137
4395,-0.46,0.01,1.0,7.95,152.47,47.4736649,19.0612142
4396,-0.44,0.01,1.0,7.96,152.52,47.4736651,19.0612148
4397,-0.36,0.0,1.0,7.97,152.58,47.4736651,19.0612151
4398,-0.34,0.0,1.0,7.97,152.62,47.4736652,19.0612156
4399,-0.33,0.01,1.0,7.95,152.66,47.4736652,19.061216
4400,-0.36,0.0,1.0,7.97,152.7,47.473665,19.061216
4401,-0.42,0.0,1.0,7.99,152.74,47.473665,19.0612163
4402,-0.47,0.0,1.0,7.97,152.77,47.4736648,19.0612165
4403,-0.49,0.0,1.0,7.99,152.79,47.4736648,19.0612166
4404,-0.54,0.0,1.0,7.98,152.83,47.4736647,19.0612165
4405,-0.56,0.01,1.0,7.93,152.87,47.4736647,19.0612162
4406,-0.58,0.01,1.0,7.96,152.92,47.4736646,19.0612159
4407,-0.62,0.0,1.0,7.97,152.98,47.4736645,19.0612158
4408,-0.67,0.0,1.0,7.96,153.05,47.4736644,19.0612155
4409,-0.71,0.0,1.0,7.99,153.12,47.4736642,19.061215
4410,-0.75,0.0,1.0,8.02,153.18,47.4736642,19.0612149
4411,-0.76,0.0,1.0,8.0,153.26,47.4736639,19.0612147
4412,-0.76,0.0,1.0,8.0,153.32,47.4736631,19.061214
4413,-0.73,0.0,1.0,8.0,153.39,47.4736626,19.0612137
4414,-0.72,0.0,1.0,8.0,153.47,47.4736627,19.0612137
4415,-0.74,0.0,1.0,7.99,153.56,47.4736624,19.0612136
4416,-0.79,0.0,1.0,7.99,153.65,47.4736622,19.0612137
4417,-0.86,0.0,1.0,7.99,153.75,47.4736619,19.0612135
4418,-0.97,0.0,1.0,7.99,153.86,47.4736619,19.0612138
4419,-1.03,0.0,1.0,7.99,153.97,47.4736614,19.0612138
4420,-1.01,0.0,1.0,8.01,154.08,47.4736613,19.0612137
4421,-0.96,0.0,1.0,8.0,154.19,47.4736612,19.0612135
4422,-0.87,0.0,1.0,8.0,154.28,47.4736613,19.0612138
4423,-0.73,0.0,1.0,7.99,154.35,47.4736611,19.0612132
4424,-0.61,0.0,1.0,7.94,154.39,47.4736613,19.061213
4425,-0.55,0.01,1.0,7.95,154.4,47.4736625,19.0612142
4426,-0.52,0.01,1.0,7.95,154.4,47.473664,19.0612162
4427,-0.5,0.01,1.0,7.95,154.39,47.4736651,19.0612172
4428,-0.53,0.01,1.0,7.96,154.39,47.4736657,19.061218
4429,-0.56,0.0,1.0,8.02,154.41,47.4736666,19.0612187
4430,-0.6,0.0,1.0,8.0,154.45,47.4736665,19.0612186
4431,-0.6,0.0,1.0,8.01,154.51,47.4736666,19.0612186
4432,-0.61,0.0,1.0,8.0,154.59,47.4736661,19.061218
4433,-0.58,0.0,1.0,8.0,154.67,47.4736659,19.0612176
4434,-0.36,0.0,1.0,8.0,154.77,47.4736661,19.0612179
4435,-0.24,0.0,1.0,7.97,154.88,47.4736663,19.0612177
4436,-0.11,0.0,1.0,7.99,154.99,47.4736662,19.0612171
4437,0.0,0.0,1.0,7.97,155.11,47.4736659,19.061216
4438,0.1,0.0,1.0,7.98,155.24,47.4736656,19.061215
4439,0.07,0.0,1.0,7.97,155.38,47.4736649,19.0612136
4440,0.14,0.0,1.0,8.0,155.53,47.4736645,19.0612126
4441,0.08,0.0,1.0,7.99,155.68,47.4736641,19.0612119
4442,-0.04,0.0,1.0,7.95,155.83,47.4736637,19.0612113
4443,-0.17,0.0,1.0,7.97,155.99,47.4736633,19.0612108
4444,-0.37,0.0,1.0,7.98,156.14,47.4736631,19.0612105
4445,-0.52,0.0,1.0,7.98,156.27,47.4736636,19.0612108
4446,-0.49,0.0,1.0,7.98,156.41,47.4736639,19.0612111
4447,-0.4,0.0,1.0,8.03,156.55,47.4736636,19.0612103
4448,-0.3,0.0,1.0,8.0,156.7,47.4736633,19.0612096
4449,-0.2,0.0,1.0,8.0,156.85,47.4736627,19.0612085
4450,-0.14,0.0,1.0,8.0,157.0,47.4736625,19.0612079
4451,-0.13,0.0,1.0,8.0,157.13,47.4736622,19.0612072
4452,-0.12,0.0,1.0,8.0,157.23,47.4736619,19.0612067
4453,-0.18,0.0,1.0,8.0,157.32,47.473662,19.0612063
4454,-0.26,0.0,1.0,8.0,157.4,47.4736621,19.0612059
4455,-0.35,0.0,1.0,8.0,157.46,47.4736621,19.0612057
4456,-0.44,0.0,1.0,8.0,157.52,47.4736624,19.0612056
4457,-0.53,0.0,1.0,8.0,157.58,47.4736628,19.0612057
4458,-0.54,0.0,1.0,8.0,157.62,47.473663,19.0612058
4459,-0.54,0.0,1.0,8.0,157.67,47.4736635,19.061206
4460,-0.55,0.0,1.0,8.0,157.73,47.4736637,19.0612063
4461,-0.56,0.0,1.0,8.0,157.79,47.4736641,19.0612064
4462,-0.56,0.0,1.0,8.0,157.85,47.4736642,19.0612065
4463,-0.54,0.0,1.0,8.0,157.91,47.4736643,19.0612067
4464,-0.49,0.0,1.0,8.0,157.96,47.4736645,19.0612067
4465,-0.5,0.0,1.0,8.0,158.0,47.4736645,19.061207
4466,-0.54,0.0,1.0,8.0,158.03,47.4736647,19.0612072
4467,-0.57,0.0,1.0,7.97,158.05,47.4736651,19.0612076
4468,-0.6,0.0,1.0,7.97,158.06,47.4736656,19.061208
4469,-0.69,0.0,1.0,7.98,158.06,47.4736662,19.0612087
4470,-0.7,0.0,1.0,7.98,158.06,47.4736652,19.0612075
4471,-0.64,0.0,1.0,7.95,158.06,47.4736655,19.0612078
4472,-0.58,0.0,1.0,7.99,158.04,47.4736656,19.0612079
4473,-0.6,0.0,1.0,7.99,158.02,47.4736659,19.0612081
4474,-0.57,0.0,1.0,7.99,157.99,47.4736665,19.0612088
4475,-0.56,0.0,1.0,7.99,157.97,47.4736669,19.061209
4476,-0.61,0.0,1.0,8.01,157.93,47.4736667,19.0612089
4477,-0.67,0.0,1.0,8.0,157.9,47.4736667,19.0612089
4478,-0.66,0.0,1.0,8.0,157.87,47.4736669,19.0612093
4479,-0.68,0.0,1.0,8.0,157.84,47.4736673,19.0612097
4480,-0.69,0.0,1.0,8.0,157.81,47.4736676,19.0612099
4481,-0.69,0.0,1.0,8.0,157.77,47.4736681,19.0612107
4482,-0.71,0.0,1.0,8.0,157.72,47.4736684,19.0612111
4483,-0.73,0.0,1.0,8.0,157.68,47.4736684,19.0612113
4484,-0.73,0.0,1.0,8.0,157.62,47.4736682,19.0612111
4485,-0.58,0.0,1.0,8.0,157.56,47.4736682,19.0612113
4486,-0.34,0.0,1.0,8.0,157.5,47.4736687,19.0612118
4487,-0.09,0.0,1.0,8.0,157.43,47.4736685,19.0612116
4488,0.17,0.0,1.0,8.0,157.35,47.4736684,19.0612116
4489,0.43,0.0,1.0,8.0,157.26,47.4736683,19.0612112
4490,0.56,0.0,1.0,8.0,157.16,47.473668,19.0612105
4491,0.61,0.0,1.0,8.0,157.06,47.4736678,19.0612098
4492,0.63,0.0,1.0,7.97,156.95,47.4736674,19.0612091
4493,0.61,0.0,1.0,7.99,156.85,47.4736672,19.0612083
4494,0.51,0.0,1.0,7.97,156.77,47.4736669,19.0612074
4495,0.17,0.0,1.0,7.97,156.69,47.4736667,19.0612069
4496,-0.2,0.0,1.0,7.97,156.62,47.4736663,19.0612062
4497,-0.56,0.0,1.0,7.99,156.57,47.4736667,19.0612063
4498,-0.86,0.0,1.0,7.98,156.53,47.4736669,19.0612061
4499,-1.06,0.0,1.0,7.99,156.49,47.4736669,19.0612058
4500,-1.03,0.0,1.0,8.0,156.46,47.4736669,19.0612053
4501,-0.98,0.0,1.0,7.99,156.43,47.4736665,19.0612046
4502,-0.93,0.0,1.0,8.01,156.41,47.4736663,19.0612037
4503,-0.9,0.0,1.0,8.0,156.4,47.473666,19.0612034
4504,-0.9,0.0,1.0,8.0,156.4,47.4736658,19.0612026
4505,-0.9,0.0,1.0,8.0,156.4,47.4736655,19.0612024
4506,-0.9,0.0,1.0,8.0,156.41,47.4736656,19.0612026
4507,-0.9,0.0,1.0,8.0,156.42,47.4736656,19.0612027
4508,-0.88,0.0,1.0,8.0,156.44,47.4736657,19.0612025
4509,-0.86,0.0,1.0,8.0,156.5,47.4736653,19.061202
4510,-0.82,0.0,1.0,8.0,156.56,47.4736649,19.0612027
4511,-0.79,0.0,1.0,8.0,156.62,47.473664,19.0612039
4512,-0.75,0.0,1.0,8.0,156.69,47.4736641,19.0612038
4513,-0.73,0.0,1.0,8.0,156.75,47.473664,19.0612039
4514,-0.72,0.0,1.0,8.0,156.77,47.4736647,19.0612041
4515,-0.72,0.0,1.0,8.0,156.78,47.4736644,19.0612038
4516,-0.72,0.0,1.0,8.0,156.79,47.4736644,19.0612039
4517,-0.72,0.0,1.0,8.0,156.78,47.4736636,19.0612032
4518,-0.72,0.0,1.0,8.0,156.74,47.473663,19.0612032
4519,-0.72,0.0,1.0,8.0,156.71,47.4736633,19.0612034
4520,-0.72,0.0,1.0,8.0,156.67,47.4736628,19.0612027
4521,-0.72,0.0,1.0,8.0,156.64,47.4736623,19.0612025
4522,-0.72,0.0,1.0,8.0,156.6,47.4736621,19.0612023
4523,-0.72,0.0,1.0,8.0,156.58,47.4736622,19.0612023
4524,-0.73,0.0,1.0,8.0,156.57,47.473662,19.0612021
4525,-0.72,0.0,1.0,8.0,156.55,47.473662,19.0612019
4526,-0.72,0.0,1.0,8.0,156.5,47.4736618,19.0612016
4527,-0.72,0.0,1.0,8.0,156.45,47.4736619,19.0612011
4528,-0.72,0.0,1.0,8.0,156.38,47.4736618,19.0612002
4529,-0.71,0.0,1.0,8.0,156.29,47.473662,19.0611996
4530,-0.71,0.0,1.0,8.0,156.2,47.4736619,19.0611992
4531,-0.71,0.0,1.0,8.0,156.13,47.4736623,19.0611987
4532,-0.71,0.0,1.0,8.0,156.09,47.4736624,19.0611986
4533,-0.71,0.0,1.0,8.0,156.06,47.4736625,19.0611989
4534,-0.71,0.0,1.0,8.0,156.07,47.4736622,19.0611989
4535,-0.71,0.0,1.0,8.0,156.1,47.4736621,19.061199
4536,-0.71,0.0,1.0,8.0,156.14,47.4736621,19.061199
4537,-0.71,0.0,1.0,8.0,156.18,47.4736621,19.0611989
4538,-0.71,0.0,1.0,8.0,156.21,47.4736619,19.0611989
4539,-0.69,0.0,1.0,7.97,156.24,47.4736617,19.0611985
4540,-0.68,0.01,1.0,7.88,156.25,47.4736615,19.0611982
4541,-0.69,0.01,1.0,7.87,156.26,47.4736617,19.0611984
4542,-0.75,0.02,1.0,7.86,156.25,47.4736622,19.0611987
4543,-0.8,0.02,1.0,7.8,156.24,47.4736624,19.0611988
4544,-0.85,0.03,1.0,7.73,156.23,47.4736625,19.0611988
4545,-0.9,0.02,1.0,7.86,156.23,47.4736626,19.0611986
4546,-0.93,0.02,1.0,7.83,156.23,47.4736629,19.0611986
4547,-0.91,0.02,1.0,7.86,156.23,47.4736628,19.0611985
4548,-0.9,0.02,1.0,7.92,156.24,47.4736627,19.0611984
4549,-0.92,0.01,1.0,8.02,156.25,47.4736626,19.0611982
4550,-0.93,0.0,1.0,7.98,156.27,47.4736624,19.061198
4551,-0.94,0.0,1.0,8.02,156.28,47.4736623,19.0611978
4552,-0.91,0.15,1.0,5.67,156.29,47.4736621,19.0611979
4553,-0.92,0.36,1.0,3.77,156.3,47.4736617,19.0611977
4554,-0.91,0.55,1.0,2.09,156.3,47.4736619,19.0611971
4555,-0.88,0.75,1.0,0.21,156.3,47.4736634,19.0611951
4556,-0.78,0.95,1.0,0,156.27,47.4736646,19.0611928
4557,-0.82,1.0,1.0,0,156.26,47.4736662,19.0611907
4558,-0.44,1.0,1.0,0.02,156.21,47.4736681,19.0611886
4559,-0.47,1.0,1.0,0.04,156.17,47.47367,19.0611866
4560,-0.4,1.0,1.0,0,156.14,47.473672,19.0611847
4561,-0.2,1.0,1.0,0,156.11,47.473674,19.0611829
4562,-0.01,1.0,1.0,0.05,156.08,47.4736756,19.0611805
4563,-0.08,1.0,1.0,0,156.06,47.4736775,19.0611787
4564,0.27,1.01,1.0,0,156.05,47.4736796,19.061177
4565,0.55,1.0,1.0,0.08,156.02,47.4736815,19.0611749
4566,0.76,1.0,1.0,0.06,156.0,47.4736831,19.0611731
4567,0.93,1.0,1.0,0,155.99,47.4736851,19.0611711
4568,1.12,0.99,1.0,0.11,156.0,47.473687,19.061169
4569,1.15,1.0,1.0,0,156.0,47.4736886,19.0611673
4570,1.25,0.99,1.0,0.06,156.01,47.4736901,19.0611655
4571,1.15,0.99,1.0,0.08,156.02,47.4736922,19.0611635
4572,1.19,0.99,1.0,0.07,156.0,47.4736939,19.0611615
4573,1.04,1.0,1.0,0,155.97,47.4736958,19.061159
4574,0.93,0.99,1.0,0.07,155.94,47.4736978,19.0611566
4575,0.61,1.0,1.0,0,155.89,47.4736996,19.061154
4576,0.46,1.0,1.0,0,155.85,47.4737012,19.0611518
4577,0.37,1.0,1.0,0,155.8,47.473703,19.061149
4578,0.51,1.0,1.0,0,155.75,47.4737046,19.0611468
4579,0.66,1.0,1.0,0.02,155.7,47.4737065,19.0611446
4580,0.73,1.0,1.0,0,155.66,47.4737082,19.0611424
4581,0.8,1.0,1.0,0,155.59,47.47371,19.0611401
4582,0.74,1.0,1.0,0,155.52,47.4737117,19.0611377
4583,0.57,1.0,1.0,0.04,155.47,47.4737133,19.0611348
4584,0.4,1.01,1.0,0,155.41,47.4737151,19.0611318
4585,0.42,1.0,1.0,0.02,155.35,47.4737165,19.0611294
4586,0.27,1.0,1.0,0,155.29,47.4737183,19.0611272
4587,0.25,1.0,1.0,0,155.25,47.4737201,19.0611249
4588,0.22,1.0,1.0,0,155.21,47.4737221,19.0611229
4589,0.26,1.0,1.0,0.03,155.17,47.473724,19.0611205
4590,0.26,1.0,1.0,0,155.13,47.4737255,19.0611181
4591,0.31,1.0,1.0,0.03,155.11,47.4737273,19.0611155
4592,0.37,1.0,1.0,0.04,155.1,47.4737291,19.0611133
4593,0.32,1.0,1.0,0.02,155.09,47.4737308,19.0611114
4594,0.28,1.0,1.0,0,155.08,47.4737328,19.0611095
4595,0.26,1.0,1.0,0.06,155.07,47.4737348,19.0611077
4596,0.25,1.0,1.0,0,155.05,47.4737366,19.0611057
4597,0.22,1.0,1.0,0.04,155.02,47.4737384,19.0611039
4598,0.15,0.92,1.0,1.36,154.99,47.4737404,19.0611017
4599,0.06,0.73,1.0,3.83,154.97,47.4737422,19.0610999
4600,0.02,0.54,1.0,5.43,154.94,47.473744,19.061098
4601,0.02,0.34,1.0,6.91,154.91,47.4737445,19.0610981
4602,0.06,0.16,1.0,8.38,154.88,47.4737447,19.0610981
4603,0.23,0.04,1.0,8.63,154.83,47.473745,19.0610985
4604,0.37,0.03,1.0,7.87,154.77,47.4737449,19.0610987
4605,0.48,0.03,1.0,7.74,154.68,47.4737452,19.061099
4606,0.54,0.04,1.0,7.63,154.59,47.4737453,19.061099
4607,0.55,0.03,1.0,7.87,154.5,47.4737455,19.0610992
4608,0.51,0.04,1.0,7.61,154.41,47.4737455,19.0610996
4609,0.5,0.04,1.0,7.71,154.33,47.4737455,19.0610997
4610,0.48,0.04,1.0,7.73,154.27,47.4737458,19.0611
4611,0.46,0.02,1.0,7.95,154.21,47.4737457,19.0611001
4612,0.43,0.02,1.0,7.88,154.15,47.4737456,19.0611001
4613,0.41,0.0,1.0,8.11,154.09,47.4737456,19.0611002
4614,0.39,0.0,1.0,7.95,154.03,47.4737455,19.0611003
4615,0.37,0.0,1.0,7.96,153.98,47.4737455,19.0611003
4616,0.35,0.01,1.0,7.83,153.94,47.4737455,19.0611005
4617,0.31,0.02,1.0,7.8,153.9,47.4737456,19.0611005
4618,0.28,0.02,1.0,7.8,153.86,47.4737455,19.0611004
4619,0.29,0.02,1.0,7.84,153.83,47.4737462,19.0611007
4620,0.28,0.02,1.0,7.83,153.79,47.473746,19.0611006
4621,0.26,0.01,1.0,7.96,153.76,47.4737458,19.0611005
4622,0.26,0.01,1.0,8.0,153.72,47.4737459,19.0611006
4623,0.25,0.0,1.0,8.04,153.69,47.473746,19.0611005
4624,0.21,0.0,1.0,8.01,153.67,47.4737461,19.0611005
4625,0.19,0.0,1.0,8.0,153.65,47.4737462,19.0611004
4626,0.19,0.0,1.0,8.0,153.63,47.4737463,19.0611004
4627,0.2,0.0,1.0,7.96,153.62,47.4737465,19.0611003
4628,0.2,0.0,1.0,7.98,153.6,47.4737466,19.0611003
4629,0.21,0.0,1.0,7.98,153.58,47.4737468,19.0611002
4630,0.22,0.0,1.0,7.96,153.56,47.473747,19.0611003
4631,0.26,0.0,1.0,7.96,153.55,47.4737472,19.0611003
4632,0.26,0.01,1.0,7.93,153.53,47.4737474,19.0611004
4633,0.25,0.01,1.0,7.94,153.52,47.4737475,19.0611003
4634,0.27,0.01,1.0,7.93,153.5,47.4737476,19.0611003
4635,0.27,0.01,1.0,7.92,153.5,47.4737479,19.0611003
4636,0.24,0.01,1.0,7.93,153.49,47.4737481,19.0611003
4637,0.25,0.0,1.0,8.01,153.5,47.4737482,19.0611001
4638,0.26,0.0,1.0,7.98,153.5,47.4737484,19.0611
4639,0.35,0.12,1.0,6.21,153.51,47.4737486,19.0611
4640,0.42,0.32,1.0,3.75,153.52,47.4737488,19.0611
4641,0.42,0.51,1.0,2.21,153.52,47.4737492,19.0610994
4642,0.45,0.71,1.0,0.69,153.51,47.473751,19.0610973
4643,0.5,0.91,1.0,0,153.49,47.4737528,19.0610953
4644,0.47,1.0,1.0,0,153.47,47.4737547,19.061093
4645,0.38,1.0,1.0,0.04,153.42,47.4737568,19.0610909
4646,0.31,1.0,1.0,0,153.36,47.4737588,19.0610888
4647,0.02,1.0,1.0,0,153.3,47.4737609,19.0610867
4648,-0.69,1.0,1.0,0,153.24,47.4737631,19.0610848
4649,-1.59,0.95,1.0,0.94,153.19,47.4737653,19.0610827
4650,-2.45,0.86,1.0,1.87,153.15,47.4737672,19.0610805
4651,-3.38,0.78,0.6,0,153.11,47.4737689,19.0610773
4652,-4.26,0.7,0.6,0,153.11,47.47377,19.061076
4653,-4.75,0.61,0.6,0.63,153.1,47.4737713,19.0610745
4654,-4.96,0.6,0.6,0.17,153.09,47.4737726,19.0610729
4655,-5.03,0.6,0.6,0,153.08,47.4737737,19.0610714
4656,-4.93,0.6,0.6,0.07,153.08,47.4737751,19.06107
4657,-4.25,0.59,0.6,0.17,153.05,47.4737762,19.0610687
4658,-3.29,0.59,0.6,0.08,153.02,47.4737771,19.0610671
4659,-2.56,0.64,1.0,5.97,152.99,47.4737781,19.0610659
4660,-1.4,0.72,1.0,1.6,152.98,47.4737791,19.0610648
4661,-0.02,0.8,1.0,0.96,152.97,47.4737799,19.0610634
4662,0.97,0.92,1.0,0,152.97,47.4737812,19.0610615
4663,1.93,1.08,1.0,0,153.0,47.4737828,19.0610596
4664,2.93,1.18,1.0,0,153.05,47.4737844,19.0610576
4665,3.69,1.26,1.4,3.86,153.1,47.4737864,19.0610551
4666,3.93,1.34,1.4,0,153.14,47.4737885,19.0610525
4667,4.19,1.39,1.4,0,153.18,47.4737906,19.0610503
4668,4.43,1.39,1.4,0.02,153.24,47.4737933,19.0610481
4669,4.76,1.39,1.4,0.05,153.29,47.4737957,19.0610458
4670,4.45,1.4,1.4,0,153.34,47.4737976,19.0610431
4671,3.61,1.4,1.4,0,153.45,47.4738001,19.0610404
4672,0.91,1.36,1.0,0,153.55,47.4738023,19.0610376
4673,-0.16,1.22,1.0,0,153.61,47.4738041,19.0610356
4674,-1.02,1.05,1.0,1.04,153.68,47.4738063,19.0610344
4675,-1.63,0.78,1.0,4.12,153.72,47.4738083,19.0610327
4676,-1.33,0.5,1.0,6.33,153.72,47.4738093,19.0610318
4677,0.78,0.27,1.0,7.88,153.7,47.4738092,19.0610315
4678,1.03,0.13,1.0,8.26,153.7,47.4738091,19.0610314
4679,1.06,0.02,1.0,8.74,153.68,47.4738089,19.0610313
4680,1.2,0.02,1.0,7.85,153.65,47.4738088,19.0610311
4681,1.21,0.02,1.0,7.8,153.64,47.4738086,19.0610309
4682,1.21,0.02,1.0,7.8,153.63,47.4738084,19.0610308
4683,1.2,0.03,1.0,7.79,153.62,47.473808,19.0610303
4684,1.18,0.03,1.0,7.78,153.61,47.4738074,19.06103
4685,1.14,0.03,1.0,7.81,153.61,47.4738071,19.0610297
4686,1.1,0.02,1.0,7.82,153.6,47.4738067,19.0610293
4687,1.04,0.02,1.0,7.82,153.59,47.4738063,19.0610292
4688,0.98,0.02,1.0,7.85,153.59,47.473806,19.061029
4689,0.91,0.02,1.0,7.85,153.59,47.4738057,19.0610289
4690,0.84,0.02,1.0,7.82,153.6,47.4738053,19.0610285
4691,0.76,0.02,1.0,7.8,153.62,47.4738051,19.0610286
4692,0.68,0.03,1.0,7.77,153.63,47.4738046,19.0610281
4693,0.57,0.03,1.0,7.72,153.63,47.4738046,19.0610284
4694,0.48,0.03,1.0,7.74,153.64,47.4738045,19.0610284
4695,0.42,0.03,1.0,7.73,153.64,47.4738045,19.0610286
4696,0.27,0.03,1.0,7.84,153.66,47.4738044,19.0610286
4697,0.15,0.02,1.0,7.85,153.68,47.4738041,19.0610284
4698,0.08,0.02,1.0,7.88,153.69,47.473804,19.0610283
4699,0.37,0.02,1.0,7.88,153.72,47.4738038,19.0610285
4700,0.48,0.02,1.0,7.85,153.72,47.4738038,19.0610284
4701,0.66,0.02,1.0,7.75,153.72,47.473803,19.0610276
4702,0.9,0.02,1.0,7.84,153.73,47.4738028,19.0610281
4703,0.09,0.02,1.0,7.88,153.74,47.4738024,19.061028
4704,-1.38,0.02,1.0,7.82,153.74,47.473802,19.0610279
4705,-2.51,0.02,1.0,7.85,153.73,47.4738006,19.0610284
4706,-3.53,0.02,0.6,1.15,153.71,47.4738,19.0610289
4707,-4.39,0.02,0.6,4.55,153.68,47.4737997,19.0610289
4708,-3.57,0.03,0.6,4.55,153.63,47.4737994,19.0610291
4709,-2.54,0.02,1.0,11.22,153.59,47.473799,19.0610291
4710,-1.63,0.02,1.0,7.89,153.54,47.473798,19.0610288
4711,-0.82,0.01,1.0,7.92,153.47,47.4737977,19.0610288
4712,-0.22,0.01,1.0,8.01,153.41,47.4737974,19.0610289
4713,-0.26,0.01,1.0,7.98,153.34,47.4737969,19.0610289
4714,-0.22,0.01,1.0,7.96,153.25,47.4737969,19.0610291
4715,-0.2,0.0,1.0,7.97,153.18,47.4737969,19.0610292
4716,-0.19,0.0,1.0,7.99,153.13,47.473797,19.0610298
4717,-0.18,0.0,1.0,7.98,153.09,47.4737969,19.0610299
4718,-0.17,0.0,1.0,8.01,153.06,47.4737967,19.06103
4719,-0.17,0.0,1.0,8.01,153.04,47.4737962,19.0610302
4720,-0.16,0.0,1.0,7.99,153.01,47.4737958,19.06103
4721,-0.15,0.0,1.0,7.99,152.97,47.4737954,19.0610299
4722,-0.14,0.0,1.0,7.99,152.91,47.4737949,19.06103
4723,-0.13,0.0,1.0,7.99,152.85,47.4737945,19.06103
4724,-0.13,0.0,1.0,7.99,152.81,47.4737941,19.0610301
4725,-0.12,0.0,1.0,8.01,152.8,47.4737939,19.0610309
4726,-0.13,0.0,1.0,8.0,152.8,47.4737936,19.0610311
4727,-0.13,0.0,1.0,8.0,152.81,47.4737932,19.0610313
4728,-0.13,0.0,1.0,8.0,152.8,47.4737929,19.0610314
4729,-0.13,0.0,1.0,8.0,152.76,47.4737926,19.0610307
4730,-0.13,0.0,1.0,8.0,152.69,47.4737923,19.06103
4731,-0.13,0.0,1.0,8.0,152.59,47.473792,19.0610294
4732,-0.13,0.0,1.0,8.0,152.49,47.4737919,19.0610289
4733,-0.12,0.0,1.0,8.0,152.36,47.4737917,19.0610284
4734,-0.12,0.0,1.0,8.0,152.24,47.4737916,19.0610281
4735,-0.12,0.0,1.0,8.0,152.12,47.4737916,19.0610278
4736,-0.12,0.0,1.0,8.0,151.98,47.4737914,19.0610275
4737,-0.11,0.0,1.0,8.0,151.85,47.4737913,19.0610274
4738,-0.11,0.0,1.0,8.0,151.72,47.4737914,19.0610274
4739,-0.11,0.0,1.0,8.0,151.58,47.4737914,19.0610275
4740,-0.11,0.0,1.0,8.0,151.45,47.4737914,19.0610276
4741,-0.11,0.0,1.0,8.0,151.35,47.4737913,19.0610276
4742,-0.11,0.0,1.0,8.0,151.25,47.4737913,19.0610278
4743,-0.11,0.0,1.0,8.0,151.18,47.4737913,19.0610279
4744,-0.11,0.0,1.0,8.0,151.11,47.4737914,19.0610278
4745,-0.11,0.0,1.0,8.0,151.04,47.4737913,19.0610278
4746,-0.11,0.0,1.0,8.0,150.97,47.4737914,19.0610277
4747,-0.11,0.0,1.0,8.0,150.9,47.4737914,19.0610278
4748,-0.11,0.0,1.0,8.0,150.83,47.4737915,19.0610277
4749,-0.1,0.0,1.0,8.0,150.76,47.4737915,19.0610276
4750,-0.1,0.0,1.0,8.0,150.69,47.4737916,19.0610274
4751,-0.09,0.0,1.0,8.0,150.62,47.4737917,19.0610274
4752,-0.39,0.06,1.0,6.96,150.56,47.4737917,19.0610274
4753,-0.35,0.25,1.0,4.27,150.51,47.4737919,19.0610273
4754,0.36,0.45,1.0,2.67,150.46,47.4737919,19.0610271
4755,0.98,0.68,1.0,0.58,150.42,47.4737928,19.0610263
4756,2.04,0.97,1.0,0,150.4,47.473794,19.0610245
4757,3.95,1.18,1.4,3.29,150.39,47.473796,19.0610222
4758,5.88,1.27,1.4,0.35,150.39,47.4737981,19.0610193
4759,6.85,1.35,1.4,0,150.42,47.4738005,19.0610163
4760,8.21,1.4,1.4,0,150.46,47.4738026,19.0610134
4761,9.35,1.39,1.4,0.16,150.47,47.4738048,19.0610102
4762,9.94,1.39,1.4,0.05,150.5,47.4738072,19.061007
4763,10.3,1.4,1.4,0,150.52,47.4738096,19.061004
4764,11.17,1.4,1.4,0,150.54,47.4738123,19.0610006
4765,12.0,1.41,1.4,0,150.55,47.4738144,19.0609973
4766,12.5,1.41,1.4,0,150.58,47.4738169,19.0609941
4767,13.3,1.41,1.4,0,150.57,47.4738192,19.0609913
4768,13.61,1.4,1.4,0.04,150.53,47.4738214,19.0609882
4769,13.54,1.4,1.4,0.03,150.47,47.473824,19.0609856
4770,13.29,1.34,1.4,0.95,150.38,47.4738264,19.0609838
4771,13.11,1.14,1.4,3.86,150.28,47.4738289,19.060982
4772,12.78,0.86,1.4,6.73,150.22,47.4738313,19.0609808
4773,12.81,0.58,1.4,8.92,150.19,47.4738328,19.0609794
4774,13.0,0.31,1.4,11.19,150.19,47.4738333,19.0609781
4775,13.11,0.08,1.4,12.49,150.22,47.4738332,19.0609773
4776,13.25,0.0,1.4,11.83,150.29,47.4738331,19.060977
4777,13.26,0.0,1.4,11.21,150.36,47.4738331,19.0609765
4778,13.27,0.0,1.4,11.19,150.39,47.473833,19.0609759
4779,13.27,0.0,1.4,11.21,150.45,47.4738328,19.0609752
4780,13.28,0.0,1.4,11.2,150.5,47.4738325,19.0609748
4781,13.28,0.0,1.4,11.2,150.57,47.4738323,19.0609742
4782,13.29,0.0,1.4,11.2,150.64,47.4738321,19.060974
4783,13.3,0.0,1.4,11.2,150.76,47.473832,19.0609735
4784,13.3,0.0,1.4,11.17,150.87,47.4738318,19.0609731
4785,13.31,0.0,1.4,11.19,150.98,47.4738316,19.0609728
4786,13.32,0.0,1.4,11.19,151.08,47.4738313,19.0609725
4787,13.32,0.0,1.4,11.19,151.19,47.473831,19.0609722
4788,13.32,0.0,1.4,11.19,151.27,47.4738307,19.0609719
4789,13.33,0.0,1.4,11.22,151.34,47.4738305,19.0609718
4790,13.33,0.0,1.4,11.2,151.42,47.4738305,19.0609716
4791,13.33,0.0,1.4,11.2,151.48,47.4738305,19.0609714
4792,13.33,0.0,1.4,11.2,151.54,47.4738305,19.0609713
4793,13.33,0.0,1.4,11.2,151.6,47.4738304,19.0609709
4794,13.33,0.0,1.4,11.2,151.65,47.4738303,19.0609707
4795,13.33,0.0,1.4,11.2,151.7,47.4738303,19.0609705
4796,13.33,0.0,1.4,11.2,151.76,47.4738302,19.0609702
4797,13.33,0.0,1.4,11.2,151.81,47.4738302,19.0609701
4798,13.33,0.0,1.4,11.2,151.85,47.4738302,19.0609699
4799,13.33,0.0,1.4,11.2,151.89,47.4738303,19.0609698
4800,13.33,0.0,1.4,11.2,151.91,47.4738304,19.0609696
4801,13.33,0.0,1.4,11.2,151.94,47.4738304,19.0609695
4802,13.33,0.0,1.4,11.2,151.97,47.4738305,19.0609694
4803,13.33,0.0,1.4,11.2,152.0,47.4738307,19.0609692
4804,13.33,0.0,1.4,11.2,152.01,47.4738307,19.0609691
4805,13.33,0.0,1.4,11.2,152.04,47.4738308,19.0609691
4806,13.38,0.03,1.4,10.61,152.05,47.4738309,19.0609691
4807,13.13,0.2,1.4,8.17,152.05,47.4738311,19.060969
4808,12.79,0.49,1.4,4.75,152.03,47.4738311,19.0609689
4809,11.78,0.78,1.4,2.59,151.97,47.473832,19.0609676
4810,10.33,1.05,1.4,0.3,151.87,47.4738342,19.0609651
4811,8.72,1.3,1.4,0,151.73,47.4738366,19.0609621
4812,7.36,1.42,1.4,0,151.5,47.4738397,19.0609596
4813,5.53,1.41,1.4,0,151.3,47.4738426,19.0609574
4814,4.14,1.39,1.4,0.27,151.12,47.4738456,19.0609553
4815,3.92,1.38,1.4,0.3,150.89,47.4738483,19.0609516
4816,3.48,1.31,1.4,1.34,150.7,47.4738511,19.0609485
4817,2.61,1.09,1.0,0,150.53,47.4738538,19.060947
4818,2.44,0.81,1.0,3.86,150.33,47.4738563,19.060945
4819,2.56,0.55,1.0,5.89,150.13,47.4738585,19.0609445
4820,1.95,0.28,1.0,7.98,150.0,47.4738591,19.0609449
4821,1.69,0.07,1.0,9.34,149.9,47.4738596,19.0609455
4822,1.94,0.01,1.0,8.46,149.89,47.4738606,19.0609462
4823,2.04,0.01,1.0,7.95,149.93,47.473861,19.0609465
4824,2.11,0.01,1.0,7.96,150.02,47.4738605,19.0609454
4825,2.17,0.01,1.0,7.94,150.1,47.4738607,19.0609449
4826,2.23,0.01,1.0,7.94,150.21,47.4738603,19.0609446
4827,2.28,0.01,1.0,7.94,150.28,47.4738606,19.0609445
4828,2.34,0.01,1.0,7.94,150.35,47.4738604,19.0609442
4829,2.39,0.01,1.0,7.94,150.41,47.4738604,19.0609446
4830,2.45,0.01,1.0,7.89,150.47,47.4738604,19.0609442
4831,2.5,0.01,1.0,7.87,150.49,47.4738595,19.0609419
4832,2.55,0.01,1.0,7.93,150.53,47.473859,19.0609415
4833,2.59,0.01,1.0,7.91,150.6,47.4738593,19.0609405
4834,2.64,0.01,1.0,7.89,150.68,47.4738595,19.0609394
4835,2.67,0.01,1.0,7.94,150.78,47.4738596,19.0609392
4836,2.71,0.01,1.0,7.98,150.89,47.4738599,19.0609395
4837,2.82,0.01,1.0,7.94,151.02,47.4738611,19.0609401
4838,2.97,0.01,1.0,7.97,151.13,47.4738605,19.06094
4839,3.46,0.0,1.4,14.79,151.28,47.4738618,19.0609406
4840,4.09,0.0,1.4,11.21,151.46,47.4738616,19.0609405
4841,4.89,0.0,1.4,11.19,151.67,47.4738602,19.0609418
4842,5.58,0.0,1.4,11.21,151.89,47.4738603,19.0609403
4843,6.21,0.0,1.4,11.17,152.12,47.4738604,19.0609407
4844,6.53,0.0,1.4,11.19,152.3,47.4738606,19.0609409
4845,6.7,0.0,1.4,11.17,152.37,47.4738602,19.0609415
4846,6.67,0.0,1.4,11.18,152.39,47.47386,19.060942
4847,6.68,0.0,1.4,11.15,152.35,47.4738603,19.0609425
4848,6.71,0.0,1.4,11.2,152.26,47.4738611,19.0609435
4849,6.72,0.0,1.4,11.18,152.13,47.4738613,19.0609435
4850,6.74,0.0,1.4,11.19,152.04,47.4738615,19.0609439
4851,6.78,0.0,1.4,11.19,151.97,47.4738624,19.0609449
4852,6.82,0.0,1.4,11.22,151.91,47.4738628,19.0609453
4853,6.84,0.0,1.4,11.2,151.91,47.4738629,19.0609453
4854,6.87,0.0,1.4,11.2,151.94,47.4738629,19.0609453
4855,6.89,0.0,1.4,11.2,152.0,47.4738627,19.0609452
4856,6.89,0.0,1.4,11.2,152.12,47.4738631,19.0609456
4857,6.89,0.0,1.4,11.2,152.28,47.4738633,19.0609457
4858,6.88,0.0,1.4,11.2,152.4,47.4738631,19.0609455
4859,6.87,0.0,1.4,11.19,152.51,47.473863,19.0609453
4860,6.86,0.0,1.4,11.19,152.61,47.473863,19.0609454
4861,6.85,0.0,1.4,11.19,152.66,47.4738626,19.0609457
4862,6.84,0.0,1.4,11.18,152.67,47.4738634,19.060947
4863,6.84,0.0,1.4,11.17,152.7,47.4738634,19.0609471
4864,6.84,0.0,1.4,11.18,152.76,47.4738632,19.0609472
4865,6.84,0.0,1.4,11.18,152.83,47.4738627,19.0609474
4866,6.85,0.0,1.4,11.17,152.9,47.4738623,19.0609469
4867,6.87,0.0,1.4,11.17,152.95,47.4738618,19.0609467
4868,6.88,0.0,1.4,11.19,153.04,47.4738609,19.0609468
4869,6.89,0.0,1.4,11.18,153.14,47.4738599,19.060946
4870,6.91,0.0,1.4,11.18,153.27,47.4738609,19.0609466
4871,6.91,0.0,1.4,11.19,153.42,47.4738606,19.0609463
4872,6.9,0.0,1.4,11.19,153.63,47.4738606,19.0609458
4873,6.89,0.0,1.4,11.14,153.81,47.4738604,19.0609451
4874,6.88,0.0,1.4,11.18,153.97,47.4738604,19.0609448
4875,6.86,0.01,1.4,11.14,154.07,47.4738605,19.060944
4876,6.84,0.01,1.4,11.11,154.17,47.4738601,19.0609435
4877,6.82,0.01,1.4,11.12,154.22,47.4738606,19.0609428
4878,6.8,0.01,1.4,11.13,154.26,47.4738607,19.0609427
4879,6.77,0.01,1.4,11.08,154.27,47.4738612,19.0609421
4880,6.76,0.01,1.4,11.12,154.28,47.4738612,19.0609415
4881,6.74,0.01,1.4,11.14,154.25,47.4738613,19.0609413
4882,6.71,0.01,1.4,11.13,154.24,47.4738615,19.060941
4883,6.69,0.01,1.4,11.16,154.23,47.473862,19.0609413
4884,6.66,0.01,1.4,11.16,154.2,47.4738623,19.0609411
4885,6.63,0.01,1.4,11.14,154.18,47.4738624,19.0609408
4886,6.6,0.01,1.4,11.11,154.15,47.4738625,19.0609404
4887,6.59,0.01,1.4,11.16,154.07,47.4738631,19.0609403
4888,6.58,0.01,1.4,11.14,154.01,47.4738633,19.0609398
4889,6.58,0.01,1.4,11.17,153.96,47.4738639,19.0609398
4890,6.58,0.0,1.4,11.17,153.93,47.4738637,19.0609394
4891,6.58,0.0,1.4,11.21,153.9,47.4738639,19.0609393
4892,6.59,0.0,1.4,11.19,153.89,47.473864,19.060939
4893,6.59,0.0,1.4,11.2,153.9,47.473864,19.0609388
4894,6.6,0.0,1.4,11.19,153.88,47.4738636,19.0609384
4895,6.6,0.0,1.4,11.21,153.88,47.4738634,19.0609383
4896,6.6,0.0,1.4,11.2,153.89,47.4738636,19.0609382
4897,6.59,0.0,1.4,11.2,153.96,47.473863,19.0609381
4898,6.58,0.0,1.4,11.2,154.05,47.4738629,19.060938
4899,6.57,0.0,1.4,11.2,154.19,47.4738622,19.060938
4900,6.55,0.0,1.4,11.2,154.32,47.4738616,19.0609382
4901,6.54,0.0,1.4,11.2,154.46,47.4738613,19.0609384
4902,6.53,0.0,1.4,11.19,154.56,47.4738609,19.060939
4903,6.53,0.0,1.4,11.18,154.64,47.4738608,19.0609397
4904,6.53,0.0,1.4,11.19,154.73,47.4738606,19.0609407
4905,6.53,0.0,1.4,11.19,154.82,47.4738603,19.0609417
4906,6.53,0.0,1.4,11.19,154.93,47.4738593,19.0609426
4907,6.53,0.0,1.4,11.2,155.01,47.4738589,19.0609437
4908,6.53,0.0,1.4,11.21,155.13,47.4738588,19.0609455
4909,6.53,0.0,1.4,11.2,155.25,47.4738586,19.0609464
4910,6.53,0.0,1.4,11.2,155.38,47.4738583,19.0609475
4911,6.54,0.0,1.4,11.2,155.53,47.4738581,19.0609486
4912,6.54,0.0,1.4,11.2,155.7,47.4738577,19.0609493
4913,6.54,0.0,1.4,11.2,155.85,47.4738572,19.0609502
4914,6.54,0.0,1.4,11.2,155.99,47.4738565,19.0609507
4915,6.55,0.0,1.4,11.2,156.11,47.4738557,19.0609512
4916,6.55,0.0,1.4,11.2,156.23,47.4738553,19.0609519
4917,6.56,0.0,1.4,11.2,156.34,47.4738553,19.0609521
4918,6.56,0.0,1.4,11.2,156.45,47.4738548,19.0609526
4919,6.57,0.0,1.4,11.2,156.54,47.4738545,19.060953
4920,6.57,0.0,1.4,11.2,156.62,47.4738544,19.0609535
4921,6.58,0.0,1.4,11.2,156.7,47.4738548,19.0609538
4922,6.58,0.0,1.4,11.19,156.78,47.4738551,19.060954
4923,6.59,0.0,1.4,11.19,156.87,47.4738548,19.0609543
4924,6.59,0.0,1.4,11.19,156.99,47.4738545,19.0609547
4925,6.6,0.0,1.4,11.19,157.13,47.4738537,19.0609546
4926,6.63,0.0,1.4,11.18,157.27,47.4738533,19.0609546
4927,6.65,0.0,1.4,11.2,157.41,47.4738535,19.0609551
4928,6.66,0.0,1.4,11.19,157.54,47.4738539,19.0609557
4929,6.69,0.0,1.4,11.19,157.67,47.4738535,19.0609555
4930,6.74,0.0,1.4,11.18,157.8,47.4738541,19.0609564
4931,6.79,0.0,1.4,11.2,157.93,47.4738542,19.0609569
4932,6.85,0.0,1.4,11.19,158.03,47.4738544,19.0609569
4933,6.91,0.0,1.4,11.19,158.14,47.4738544,19.0609572
4934,6.98,0.0,1.4,11.19,158.24,47.4738551,19.0609568
4935,7.02,0.0,1.4,11.19,158.33,47.4738558,19.0609547
4936,7.09,0.0,1.4,11.18,158.4,47.4738565,19.0609527
4937,7.14,0.0,1.4,11.19,158.49,47.4738566,19.0609523
4938,7.2,0.0,1.4,11.19,158.55,47.4738562,19.0609524
4939,7.23,0.0,1.4,11.19,158.58,47.4738566,19.0609517
4940,7.24,0.0,1.4,11.17,158.6,47.4738568,19.0609514
4941,7.19,0.0,1.4,11.19,158.64,47.473857,19.0609507
4942,7.15,0.0,1.4,11.19,158.68,47.4738573,19.0609508
4943,7.11,0.0,1.4,11.19,158.73,47.4738566,19.060951
4944,7.09,0.0,1.4,11.19,158.82,47.473857,19.0609509
4945,7.07,0.0,1.4,11.2,158.9,47.4738567,19.0609512
4946,7.06,0.0,1.4,11.19,158.99,47.4738566,19.0609513
4947,7.06,0.0,1.4,11.18,159.07,47.4738571,19.0609506
4948,7.05,0.0,1.4,11.17,159.16,47.4738568,19.0609503
4949,7.04,0.0,1.4,11.18,159.27,47.4738569,19.0609503
4950,7.02,0.0,1.4,11.19,159.38,47.4738568,19.0609504
4951,7.01,0.0,1.4,11.19,159.49,47.473857,19.0609504
4952,7.0,0.0,1.4,11.19,159.62,47.4738571,19.0609501
4953,6.98,0.0,1.4,11.19,159.74,47.4738571,19.0609499
4954,6.97,0.0,1.4,11.19,159.84,47.4738571,19.0609496
4955,6.96,0.0,1.4,11.19,159.95,47.4738572,19.0609488
4956,6.95,0.0,1.4,11.19,160.02,47.4738574,19.0609486
4957,6.94,0.0,1.4,11.2,160.09,47.4738573,19.0609486
4958,6.93,0.0,1.4,11.21,160.11,47.4738573,19.0609482
4959,6.92,0.0,1.4,11.2,160.11,47.4738576,19.0609481
4960,6.91,0.0,1.4,11.2,160.09,47.4738579,19.0609475
4961,6.91,0.0,1.4,11.2,160.06,47.4738581,19.0609472
4962,6.9,0.0,1.4,11.2,160.0,47.4738584,19.0609465
4963,6.89,0.0,1.4,11.17,159.94,47.4738588,19.0609455
4964,6.88,0.0,1.4,11.19,159.9,47.4738591,19.0609446
4965,6.88,0.0,1.4,11.19,159.85,47.4738596,19.0609439
4966,6.87,0.0,1.4,11.19,159.81,47.4738601,19.0609432
4967,6.86,0.0,1.4,11.19,159.78,47.4738607,19.0609423
4968,6.85,0.0,1.4,11.22,159.79,47.4738612,19.0609411
4969,6.84,0.0,1.4,11.2,159.8,47.4738615,19.0609398
4970,6.83,0.0,1.4,11.2,159.83,47.4738617,19.0609392
4971,6.83,0.0,1.4,11.2,159.87,47.4738619,19.0609383
4972,6.82,0.0,1.4,11.2,159.9,47.4738621,19.0609376
4973,6.82,0.0,1.4,11.2,159.9,47.4738623,19.0609365
4974,6.81,0.0,1.4,11.2,159.9,47.4738624,19.0609359
4975,6.81,0.0,1.4,11.2,159.89,47.4738626,19.0609351
4976,6.81,0.0,1.4,11.2,159.89,47.4738627,19.0609352
4977,6.81,0.0,1.4,11.2,159.9,47.4738629,19.0609347
4978,6.81,0.0,1.4,11.2,159.91,47.4738631,19.0609345
4979,6.8,0.0,1.4,11.2,159.92,47.4738632,19.0609342
4980,6.8,0.0,1.4,11.2,159.91,47.4738634,19.0609337
4981,6.8,0.0,1.4,11.2,159.89,47.4738634,19.0609333
4982,6.8,0.0,1.4,11.2,159.84,47.4738637,19.0609326
4983,6.79,0.0,1.4,11.2,159.78,47.473864,19.0609318
4984,6.8,0.0,1.4,11.2,159.71,47.4738642,19.0609316
4985,6.8,0.0,1.4,11.2,159.64,47.4738644,19.0609311
4986,6.8,0.0,1.4,11.2,159.58,47.4738647,19.0609312
4987,6.8,0.0,1.4,11.2,159.52,47.4738649,19.0609303
4988,6.81,0.0,1.4,11.2,159.5,47.473865,19.0609301
4989,6.81,0.0,1.4,11.2,159.46,47.4738649,19.0609302
4990,6.81,0.0,1.4,11.2,159.44,47.4738651,19.0609297
4991,6.82,0.0,1.4,11.2,159.44,47.4738655,19.0609294
4992,6.82,0.0,1.4,11.2,159.46,47.4738655,19.0609286
4993,6.82,0.0,1.4,11.2,159.45,47.4738653,19.0609288
4994,6.82,0.0,1.4,11.2,159.47,47.4738654,19.0609286
4995,6.82,0.0,1.4,11.2,159.48,47.4738653,19.0609287
4996,6.82,0.0,1.4,11.2,159.49,47.4738653,19.0609283
4997,6.82,0.0,1.4,11.2,159.51,47.4738652,19.0609283
4998,6.82,0.0,1.4,11.2,159.52,47.4738651,19.0609284
4999,6.82,0.0,1.4,11.2,159.52,47.4738652,19.0609283
5000,6.82,0.0,1.4,11.2,159.52,47.4738653,19.0609277
5001,6.82,0.0,1.4,11.2,159.52,47.4738653,19.0609274
5002,6.82,0.0,1.4,11.2,159.51,47.4738653,19.0609277
5003,6.82,0.0,1.4,11.2,159.48,47.4738654,19.0609278
5004,6.82,0.0,1.4,11.2,159.46,47.4738657,19.0609274
5005,6.82,0.0,1.4,11.2,159.43,47.4738658,19.0609271
5006,6.81,0.0,1.4,11.2,159.37,47.473866,19.0609264
5007,6.81,0.0,1.4,11.19,159.31,47.4738662,19.0609259
5008,6.81,0.0,1.4,11.19,159.23,47.4738667,19.0609257
5009,6.8,0.0,1.4,11.19,159.16,47.473867,19.0609253
5010,6.8,0.0,1.4,11.19,159.07,47.4738673,19.0609245
5011,6.79,0.0,1.4,11.19,158.97,47.4738676,19.0609233
5012,6.79,0.0,1.4,11.21,158.86,47.4738681,19.0609226
5013,6.78,0.0,1.4,11.2,158.76,47.4738685,19.0609214
5014,6.77,0.0,1.4,11.2,158.66,47.4738689,19.060921
5015,6.77,0.0,1.4,11.2,158.54,47.4738689,19.06092
5016,6.77,0.0,1.4,11.2,158.43,47.4738693,19.0609195
5017,6.77,0.0,1.4,11.2,158.3,47.4738697,19.0609196
5018,6.77,0.0,1.4,11.2,158.18,47.4738699,19.0609195
5019,6.76,0.0,1.4,11.2,158.06,47.4738698,19.0609195
5020,6.75,0.0,1.4,11.2,157.98,47.4738699,19.0609189
5021,6.74,0.0,1.4,11.19,157.95,47.4738705,19.0609174
5022,6.65,0.08,1.4,9.92,157.97,47.4738703,19.0609162
5023,6.54,0.1,1.4,10.18,157.97,47.4738706,19.0609154
5024,6.49,0.12,1.4,10.07,157.97,47.4738711,19.0609147
5025,6.53,0.14,1.4,9.95,158.0,47.4738718,19.0609146
5026,6.67,0.16,1.4,9.67,158.01,47.4738709,19.0609147
5027,6.98,0.12,1.4,10.66,158.01,47.4738708,19.0609137
5028,7.25,0.13,1.4,10.09,158.0,47.4738706,19.0609135
5029,7.47,0.14,1.4,9.97,157.98,47.4738704,19.0609136
5030,7.69,0.12,1.4,10.36,157.97,47.4738709,19.0609139
5031,7.84,0.16,1.4,9.66,157.99,47.4738714,19.060914
5032,7.9,0.15,1.4,10.06,158.05,47.4738712,19.0609141
5033,8.08,0.17,1.4,9.62,158.16,47.4738707,19.060914
5034,8.17,0.19,1.4,9.45,158.33,47.4738706,19.0609126
5035,8.37,0.24,1.4,8.81,158.46,47.4738707,19.0609126
5036,8.66,0.22,1.4,9.72,158.56,47.473871,19.0609113
5037,8.95,0.23,1.4,9.2,158.56,47.473871,19.0609111
5038,9.04,0.25,1.4,9.04,158.52,47.4738709,19.0609109
5039,9.21,0.25,1.4,9.19,158.45,47.4738713,19.0609106
5040,9.31,0.27,1.4,8.94,158.39,47.4738718,19.0609098
5041,8.99,0.31,1.4,8.37,158.35,47.473872,19.0609096
5042,8.94,0.39,1.4,7.46,158.33,47.4738722,19.0609089
5043,8.86,0.39,1.4,7.98,158.4,47.4738722,19.0609079
5044,8.48,0.44,1.4,7.3,158.4,47.473873,19.0609071
5045,7.97,0.48,1.4,7.0,158.4,47.4738732,19.0609053
5046,7.33,0.5,1.4,7.06,158.38,47.4738742,19.0609035
5047,6.35,0.48,1.4,7.55,158.35,47.4738756,19.0609019
5048,5.36,0.53,1.4,6.5,158.23,47.4738765,19.0608997
5049,4.63,0.52,1.4,7.13,158.2,47.4738769,19.0608974
5050,3.67,0.5,1.4,7.41,158.16,47.473878,19.0608953
5051,3.24,0.51,1.4,7.06,158.15,47.4738784,19.0608928
5052,2.84,0.5,1.0,0.59,158.21,47.4738787,19.0608903
5053,2.39,0.46,1.0,4.72,158.24,47.4738787,19.0608885
5054,1.91,0.47,1.0,4.08,158.27,47.4738791,19.0608865
5055,1.85,0.44,1.0,4.68,158.27,47.4738798,19.0608844
5056,1.68,0.35,1.0,6.07,158.31,47.4738801,19.0608816
5057,1.57,0.26,1.0,6.72,158.37,47.4738807,19.0608797
5058,1.68,0.17,1.0,7.47,158.53,47.4738798,19.0608791
5059,1.87,0.14,1.0,7.09,158.71,47.4738787,19.0608786
5060,1.58,0.19,1.0,6.01,158.87,47.473878,19.060879
5061,1.35,0.2,1.0,6.26,158.97,47.4738773,19.0608784
5062,1.11,0.21,1.0,6.35,159.04,47.4738791,19.0608784
5063,0.88,0.21,1.0,6.36,159.0,47.4738786,19.0608786
5064,0.59,0.13,1.0,7.7,158.9,47.4738781,19.0608788
5065,0.65,0.02,1.0,8.81,158.81,47.473878,19.0608776
5066,0.64,0.0,1.0,8.14,158.7,47.4738777,19.0608769
5067,0.64,0.0,1.0,8.01,158.57,47.4738775,19.0608754
5068,0.64,0.0,1.0,8.0,158.49,47.4738765,19.0608743
5069,0.64,0.0,1.0,8.0,158.44,47.4738759,19.0608738
5070,0.64,0.0,1.0,8.0,158.42,47.4738754,19.0608747
5071,0.64,0.0,1.0,8.0,158.4,47.4738749,19.060875
5072,0.64,0.0,1.0,8.0,158.37,47.4738746,19.0608755
5073,0.64,0.0,1.0,8.0,158.31,47.4738744,19.0608759
5074,0.64,0.0,1.0,8.0,158.23,47.4738739,19.0608758
5075,0.64,0.0,1.0,8.0,158.15,47.4738736,19.060876
5076,0.63,0.0,1.0,8.0,158.05,47.4738736,19.060876
5077,0.63,0.0,1.0,8.0,157.93,47.4738734,19.0608767
5078,0.63,0.0,1.0,8.0,157.82,47.4738739,19.0608757
5079,0.62,0.0,1.0,8.0,157.73,47.4738741,19.0608754
5080,0.62,0.0,1.0,8.0,157.63,47.4738738,19.060876
5081,0.62,0.0,1.0,8.0,157.56,47.4738737,19.0608754
5082,0.62,0.0,1.0,8.0,157.52,47.4738736,19.0608746
5083,0.63,0.0,1.0,8.0,157.48,47.4738735,19.0608744
5084,0.62,0.0,1.0,8.0,157.45,47.4738733,19.0608745
5085,0.62,0.0,1.0,8.0,157.45,47.473873,19.0608747
5086,0.61,0.0,1.0,8.0,157.45,47.4738727,19.0608747
5087,0.61,0.0,1.0,8.0,157.45,47.4738724,19.0608744
5088,0.6,0.0,1.0,8.0,157.44,47.4738721,19.0608744
5089,0.6,0.0,1.0,8.0,157.43,47.4738718,19.060874
5090,0.59,0.0,1.0,8.0,157.41,47.4738716,19.0608738
5091,0.59,0.0,1.0,8.0,157.39,47.4738714,19.0608738
5092,0.59,0.0,1.0,8.0,157.36,47.4738712,19.060874
5093,0.59,0.0,1.0,8.0,157.35,47.4738708,19.0608741
5094,0.58,0.0,1.0,8.0,157.34,47.4738706,19.0608738
5095,0.59,0.0,1.0,8.0,157.34,47.4738703,19.0608736
5096,0.59,0.0,1.0,8.0,157.35,47.47387,19.0608734
5097,0.59,0.0,1.0,8.0,157.34,47.4738696,19.0608731
5098,0.59,0.0,1.0,8.0,157.33,47.4738694,19.0608729
5099,0.59,0.0,1.0,8.0,157.3,47.4738692,19.0608725
5100,0.59,0.0,1.0,8.0,157.27,47.473869,19.0608719
5101,0.59,0.0,1.0,8.0,157.23,47.4738689,19.0608712
5102,0.59,0.0,1.0,8.0,157.18,47.4738687,19.0608704
5103,0.58,0.0,1.0,8.0,157.15,47.4738687,19.0608698
5104,0.58,0.0,1.0,8.0,157.12,47.4738684,19.0608689
5105,0.58,0.0,1.0,8.0,157.09,47.4738681,19.0608682
5106,0.58,0.0,1.0,8.0,157.08,47.4738678,19.0608677
5107,0.58,0.0,1.0,8.0,157.07,47.4738678,19.0608674
5108,0.58,0.0,1.0,8.0,157.07,47.4738675,19.0608669
5109,0.58,0.0,1.0,8.0,157.07,47.4738673,19.0608667
5110,0.58,0.0,1.0,8.0,157.06,47.473867,19.0608666
5111,0.57,0.0,1.0,8.0,157.04,47.4738668,19.0608667
5112,0.57,0.0,1.0,8.0,157.02,47.4738668,19.0608664
5113,0.57,0.0,1.0,8.0,157.0,47.4738667,19.0608663
5114,0.57,0.0,1.0,8.0,157.0,47.4738666,19.0608665
5115,0.56,0.0,1.0,8.0,157.01,47.4738663,19.0608665
5116,0.56,0.0,1.0,8.0,157.03,47.4738659,19.0608662
5117,0.56,0.0,1.0,8.0,157.07,47.4738655,19.0608659
5118,0.55,0.0,1.0,8.0,157.11,47.4738652,19.0608654
5119,0.55,0.0,1.0,8.0,157.15,47.4738649,19.0608649
5120,0.54,0.0,1.0,8.0,157.2,47.4738646,19.0608648
5121,0.54,0.0,1.0,8.0,157.27,47.4738642,19.0608647
5122,0.53,0.0,1.0,8.0,157.34,47.473864,19.0608644
5123,0.53,0.0,1.0,8.0,157.41,47.4738638,19.0608634
5124,0.52,0.0,1.0,8.0,157.48,47.4738635,19.0608631
5125,0.52,0.0,1.0,8.0,157.56,47.4738632,19.0608624
5126,0.52,0.0,1.0,8.0,157.64,47.4738629,19.0608619
5127,0.51,0.0,1.0,8.0,157.71,47.4738625,19.0608615
5128,0.51,0.0,1.0,8.0,157.78,47.4738622,19.0608611
5129,0.51,0.0,1.0,8.0,157.87,47.4738618,19.0608609
5130,0.51,0.0,1.0,8.0,157.96,47.4738616,19.0608605
5131,0.51,0.0,1.0,8.0,158.05,47.473861,19.0608596
5132,0.51,0.0,1.0,8.0,158.15,47.4738607,19.0608595
5133,0.5,0.0,1.0,8.0,158.25,47.4738605,19.060859
5134,0.5,0.0,1.0,8.0,158.34,47.4738601,19.0608589
5135,0.5,0.0,1.0,8.0,158.43,47.4738597,19.0608588
5136,0.49,0.0,1.0,8.0,158.51,47.4738593,19.0608586
5137,0.49,0.0,1.0,8.0,158.59,47.473859,19.0608583
5138,0.48,0.0,1.0,8.0,158.67,47.4738587,19.0608586
5139,0.48,0.0,1.0,8.0,158.75,47.4738585,19.0608583
5140,0.47,0.0,1.0,8.0,158.83,47.4738583,19.0608579
5141,0.47,0.0,1.0,8.0,158.89,47.4738579,19.0608576
5142,0.46,0.0,1.0,8.0,158.95,47.4738577,19.0608574
5143,0.46,0.0,1.0,8.0,159.01,47.4738574,19.060857
5144,0.45,0.0,1.0,8.0,159.04,47.4738572,19.0608568
5145,0.45,0.0,1.0,8.0,159.08,47.473857,19.0608564
5146,0.44,0.0,1.0,8.0,159.11,47.4738568,19.0608563
5147,0.44,0.0,1.0,8.0,159.15,47.4738567,19.0608561
5148,0.44,0.0,1.0,8.0,159.18,47.4738563,19.0608558
5149,0.44,0.0,1.0,8.0,159.21,47.473856,19.0608554
5150,0.43,0.0,1.0,8.0,159.25,47.4738558,19.0608552
5151,0.43,0.0,1.0,8.0,159.28,47.4738557,19.0608551
5152,0.43,0.0,1.0,7.99,159.32,47.4738555,19.0608549
5153,0.42,0.0,1.0,7.99,159.37,47.4738553,19.0608548
5154,0.42,0.0,1.0,7.99,159.44,47.4738551,19.0608544
5155,0.42,0.0,1.0,7.99,159.51,47.4738549,19.0608541
5156,0.42,0.0,1.0,7.99,159.6,47.4738546,19.0608536
5157,0.42,0.0,1.0,8.01,159.7,47.4738543,19.060853
5158,0.42,0.0,1.0,8.0,159.8,47.4738541,19.0608524
5159,0.41,0.0,1.0,8.0,159.9,47.4738539,19.0608515
5160,0.41,0.0,1.0,8.0,159.99,47.4738539,19.0608504
5161,0.41,0.0,1.0,8.0,160.09,47.4738538,19.0608496
5162,0.42,0.0,1.0,8.0,160.19,47.4738538,19.0608487
5163,0.42,0.0,1.0,8.0,160.31,47.4738538,19.0608474
5164,0.42,0.0,1.0,8.0,160.44,47.4738537,19.0608462
5165,0.42,0.0,1.0,8.0,160.59,47.4738536,19.0608452
5166,0.42,0.0,1.0,8.0,160.74,47.4738537,19.0608442
5167,0.41,0.0,1.0,8.0,160.89,47.4738535,19.0608431
5168,0.41,0.0,1.0,8.0,161.04,47.4738534,19.0608423
5169,0.41,0.0,1.0,8.0,161.2,47.4738534,19.0608413
5170,0.41,0.0,1.0,8.0,161.36,47.4738533,19.0608406
5171,0.41,0.0,1.0,8.0,161.52,47.4738532,19.0608397
5172,0.41,0.0,1.0,8.0,161.69,47.473853,19.0608389
5173,0.4,0.0,1.0,8.0,161.85,47.4738527,19.0608383
5174,0.4,0.0,1.0,8.0,162.01,47.4738525,19.0608376
5175,0.4,0.0,1.0,8.0,162.16,47.4738523,19.0608372
5176,0.39,0.0,1.0,8.0,162.29,47.4738521,19.0608366
5177,0.39,0.0,1.0,8.0,162.41,47.4738519,19.0608361
5178,0.39,0.0,1.0,8.0,162.52,47.4738518,19.0608357
5179,0.38,0.0,1.0,8.0,162.63,47.4738517,19.0608351
5180,0.38,0.0,1.0,8.0,162.74,47.4738515,19.0608346
5181,0.38,0.0,1.0,8.0,162.84,47.4738513,19.0608339
5182,0.38,0.0,1.0,8.0,162.94,47.4738511,19.0608334
5183,0.38,0.0,1.0,8.0,163.03,47.4738509,19.0608329
5184,0.38,0.0,1.0,8.0,163.11,47.4738507,19.0608321
5185,0.38,0.0,1.0,8.0,163.18,47.4738507,19.0608315
5186,0.39,0.0,1.0,8.0,163.28,47.4738505,19.0608308
5187,0.39,0.0,1.0,8.0,163.41,47.4738504,19.0608302
5188,0.39,0.0,1.0,8.0,163.58,47.4738495,19.0608287
5189,0.4,0.0,1.0,8.0,163.76,47.4738482,19.0608268
5190,0.41,0.0,1.0,8.0,163.96,47.4738467,19.0608249
5191,0.41,0.0,1.0,8.0,164.13,47.4738465,19.0608243
5192,0.42,0.0,1.0,8.0,164.25,47.4738461,19.0608239
5193,0.42,0.0,1.0,8.0,164.33,47.473846,19.0608233
5194,0.42,0.0,1.0,8.0,164.4,47.473846,19.0608229
5195,0.42,0.0,1.0,8.0,164.47,47.4738459,19.0608223
5196,0.41,0.0,1.0,8.0,164.52,47.4738458,19.0608217
5197,0.41,0.0,1.0,8.0,164.6,47.4738457,19.0608208
5198,0.41,0.0,1.0,8.0,164.67,47.4738456,19.0608205
5199,0.4,0.0,1.0,8.0,164.74,47.4738454,19.0608199
5200,0.4,0.0,1.0,8.0,164.8,47.4738452,19.0608194
5201,0.39,0.0,1.0,8.0,164.86,47.4738451,19.060819
5202,0.39,0.0,1.0,8.0,164.93,47.4738451,19.0608185
5203,0.38,0.0,1.0,8.0,165.0,47.4738449,19.0608181
5204,0.38,0.0,1.0,8.0,165.07,47.4738443,19.0608181
5205,0.38,0.0,1.0,8.0,165.14,47.4738438,19.060818
5206,0.37,0.0,1.0,8.0,165.23,47.4738436,19.060818
5207,0.37,0.0,1.0,8.0,165.32,47.4738434,19.0608181
5208,0.36,0.0,1.0,8.0,165.42,47.473843,19.0608182
5209,0.36,0.0,1.0,8.0,165.52,47.4738427,19.0608183
5210,0.35,0.0,1.0,8.0,165.62,47.4738422,19.0608186
5211,0.35,0.0,1.0,8.0,165.69,47.4738418,19.0608192
5212,0.35,0.0,1.0,8.0,165.74,47.4738414,19.0608196
5213,0.34,0.0,1.0,8.0,165.76,47.473841,19.06082
5214,0.34,0.0,1.0,8.0,165.78,47.4738407,19.0608205
5215,0.36,0.0,1.0,7.99,165.79,47.4738404,19.0608208
5216,0.39,0.0,1.0,7.99,165.82,47.4738401,19.0608213
5217,0.45,0.0,1.0,7.96,165.86,47.4738398,19.0608213
5218,0.51,0.0,1.0,7.97,165.89,47.4738394,19.0608213
5219,0.45,0.0,1.0,7.96,165.93,47.4738389,19.0608215
5220,0.37,0.0,1.0,7.97,165.99,47.4738383,19.0608222
5221,0.4,0.01,1.0,7.95,166.05,47.4738381,19.0608226
5222,0.36,0.0,1.0,7.98,166.12,47.4738377,19.0608227
5223,0.32,0.0,1.0,7.98,166.21,47.4738369,19.0608226
5224,0.41,0.0,1.0,7.99,166.3,47.4738367,19.0608225
5225,0.49,0.0,1.0,7.99,166.38,47.4738363,19.0608223
5226,0.48,0.0,1.0,8.0,166.46,47.4738359,19.0608223
5227,0.48,0.0,1.0,8.01,166.52,47.4738355,19.0608222
5228,0.48,0.0,1.0,8.0,166.58,47.4738352,19.060822
5229,0.48,0.0,1.0,8.0,166.65,47.473835,19.0608219
5230,0.48,0.0,1.0,8.0,166.69,47.4738348,19.0608219
5231,0.48,0.0,1.0,8.0,166.75,47.4738344,19.0608217
5232,0.47,0.0,1.0,8.0,166.81,47.4738342,19.0608216
5233,0.47,0.0,1.0,8.0,166.87,47.4738338,19.0608216
5234,0.46,0.0,1.0,8.0,166.94,47.4738334,19.0608215
5235,0.46,0.0,1.0,8.0,167.01,47.473833,19.0608213
5236,0.46,0.0,1.0,8.0,167.07,47.4738325,19.0608212
5237,0.46,0.0,1.0,8.0,167.14,47.4738322,19.0608212
5238,0.46,0.0,1.0,8.0,167.21,47.473832,19.0608214
5239,0.46,0.0,1.0,8.0,167.26,47.4738316,19.0608213
5240,0.46,0.0,1.0,8.0,167.33,47.4738312,19.0608216
5241,0.46,0.0,1.0,8.0,167.43,47.4738308,19.0608217
5242,0.47,0.0,1.0,8.0,167.53,47.4738303,19.060822
5243,0.47,0.0,1.0,8.0,167.63,47.4738296,19.0608222
5244,0.47,0.0,1.0,8.0,167.71,47.4738291,19.0608223
5245,0.48,0.0,1.0,8.0,167.77,47.4738277,19.0608235
5246,0.48,0.0,1.0,8.0,167.82,47.4738268,19.0608242
5247,0.48,0.0,1.0,8.0,167.84,47.4738256,19.0608246
5248,0.48,0.0,1.0,8.0,167.85,47.4738249,19.0608246
5249,0.49,0.0,1.0,8.0,167.89,47.4738241,19.060825
5250,0.49,0.0,1.0,8.0,167.93,47.4738234,19.0608253
5251,0.49,0.0,1.0,8.0,167.96,47.4738228,19.0608255
5252,0.49,0.0,1.0,8.0,168.0,47.4738218,19.0608261
5253,0.49,0.0,1.0,8.0,168.06,47.4738214,19.0608262
5254,0.49,0.0,1.0,8.0,168.13,47.4738209,19.0608263
5255,0.49,0.0,1.0,8.0,168.2,47.4738204,19.0608266
5256,0.49,0.0,1.0,8.0,168.28,47.4738199,19.0608268
5257,0.49,0.0,1.0,8.0,168.34,47.4738194,19.060827
5258,0.49,0.0,1.0,8.0,168.39,47.4738189,19.0608271
5259,0.49,0.0,1.0,8.0,168.42,47.4738181,19.0608277
5260,0.49,0.0,1.0,8.0,168.44,47.4738172,19.0608283
5261,0.49,0.0,1.0,8.0,168.41,47.4738168,19.0608285
5262,0.49,0.0,1.0,8.0,168.35,47.4738162,19.0608293
5263,0.49,0.0,1.0,8.0,168.29,47.473816,19.0608303
5264,0.49,0.0,1.0,8.0,168.2,47.4738157,19.0608311
5265,0.49,0.0,1.0,8.0,168.13,47.4738155,19.0608314
5266,0.48,0.0,1.0,8.0,168.09,47.4738156,19.0608317
5267,0.48,0.0,1.0,8.0,168.08,47.4738155,19.0608318
5268,0.48,0.0,1.0,8.0,168.06,47.4738155,19.0608322
5269,0.48,0.0,1.0,8.0,168.06,47.4738155,19.0608323
5270,0.49,0.0,1.0,8.0,168.05,47.4738155,19.0608325
5271,0.49,0.0,1.0,8.0,168.04,47.4738155,19.0608327
5272,0.49,0.0,1.0,8.0,168.03,47.4738155,19.0608328
5273,0.49,0.0,1.0,8.0,168.02,47.4738156,19.0608329
5274,0.49,0.0,1.0,8.0,168.0,47.4738157,19.0608332
5275,0.49,0.0,1.0,8.0,167.99,47.4738158,19.0608333
5276,0.49,0.0,1.0,8.0,167.98,47.4738158,19.0608333
5277,0.48,0.0,1.0,8.0,167.97,47.4738158,19.0608335
5278,0.48,0.0,1.0,8.0,167.97,47.4738158,19.0608337
5279,0.47,0.0,1.0,8.0,167.96,47.4738159,19.060834
5280,0.47,0.0,1.0,8.0,167.95,47.4738159,19.0608342
5281,0.47,0.0,1.0,8.0,167.95,47.4738159,19.0608344
5282,0.47,0.0,1.0,8.0,167.95,47.4738158,19.0608345
5283,0.47,0.0,1.0,8.0,167.94,47.4738158,19.0608344
5284,0.47,0.0,1.0,8.0,167.94,47.4738158,19.0608345
5285,0.47,0.0,1.0,8.0,167.94,47.4738158,19.0608345
5286,0.47,0.0,1.0,8.0,167.93,47.4738157,19.0608345
5287,0.47,0.0,1.0,8.0,167.92,47.4738157,19.0608345
5288,0.47,0.0,1.0,8.0,167.9,47.4738157,19.0608345
5289,0.47,0.0,1.0,8.0,167.88,47.4738157,19.0608345
5290,0.47,0.0,1.0,8.0,167.82,47.4738158,19.0608346
5291,0.46,0.0,1.0,8.0,167.71,47.4738159,19.0608348
5292,0.47,0.0,1.0,8.0,167.58,47.4738158,19.0608359
5293,0.47,0.0,1.0,8.0,167.44,47.4738157,19.0608369
5294,0.47,0.0,1.0,8.0,167.29,47.4738157,19.060838
5295,0.48,0.0,1.0,8.0,167.19,47.4738156,19.0608385
5296,0.48,0.0,1.0,8.0,167.1,47.4738156,19.0608384
5297,0.48,0.0,1.0,8.0,167.04,47.4738158,19.0608386
5298,0.48,0.0,1.0,8.0,167.0,47.4738158,19.0608388
5299,0.48,0.0,1.0,8.0,166.96,47.4738169,19.0608406
5300,0.48,0.0,1.0,8.0,166.93,47.4738181,19.0608425
5301,0.48,0.0,1.0,8.0,166.91,47.4738189,19.060844
5302,0.47,0.0,1.0,8.0,166.88,47.47382,19.060846
5303,0.47,0.0,1.0,8.0,166.86,47.4738213,19.060848
5304,0.47,0.0,1.0,8.0,166.83,47.4738223,19.0608496
5305,0.47,0.0,1.0,8.0,166.81,47.4738234,19.0608514
5306,0.47,0.0,1.0,8.0,166.79,47.4738241,19.0608527
5307,0.47,0.0,1.0,8.0,166.77,47.4738243,19.060853
5308,0.48,0.0,1.0,8.0,166.74,47.4738243,19.0608531
5309,0.48,0.0,1.0,8.0,166.71,47.4738246,19.0608537
5310,0.48,0.0,1.0,8.0,166.66,47.4738251,19.0608544
5311,0.48,0.0,1.0,8.0,166.61,47.4738253,19.0608548
5312,0.49,0.0,1.0,8.0,166.58,47.4738257,19.0608557
5313,0.49,0.0,1.0,8.0,166.57,47.473826,19.0608566
5314,0.49,0.0,1.0,8.0,166.53,47.4738262,19.0608572
5315,0.5,0.0,1.0,8.0,166.5,47.4738266,19.0608578
5316,0.5,0.0,1.0,8.0,166.46,47.473827,19.0608585
5317,0.5,0.0,1.0,8.0,166.41,47.4738275,19.0608588
5318,0.5,0.0,1.0,8.0,166.36,47.4738278,19.0608594
5319,0.5,0.0,1.0,8.0,166.31,47.4738278,19.0608594
5320,0.52,0.0,1.0,7.97,166.27,47.4738277,19.0608595
5321,0.54,0.18,1.0,5.1,166.27,47.4738278,19.0608594
5322,0.49,0.37,1.0,3.36,166.3,47.4738278,19.0608593
5323,0.47,0.57,1.0,1.68,166.33,47.4738281,19.0608581
5324,0.41,0.77,1.0,0.13,166.37,47.4738293,19.0608558
5325,0.36,0.97,1.0,0,166.39,47.4738307,19.0608534
5326,0.33,1.0,1.0,0,166.38,47.4738322,19.060851
5327,0.35,1.0,1.0,0,166.34,47.4738342,19.0608495
5328,0.28,1.0,1.0,0.01,166.26,47.4738362,19.0608476
5329,0.23,1.0,1.0,0,166.14,47.4738378,19.0608453
5330,0.08,1.0,1.0,0,166.01,47.4738399,19.0608435
5331,-0.09,1.0,1.0,0.02,165.86,47.4738421,19.0608421
5332,-0.26,1.0,1.0,0.02,165.68,47.4738441,19.0608403
5333,-0.32,1.0,1.0,0.01,165.53,47.4738463,19.0608387
5334,-0.4,1.0,1.0,0.01,165.4,47.4738483,19.0608368
5335,-0.34,1.0,1.0,0.01,165.3,47.4738501,19.0608353
5336,-0.32,1.0,1.0,0.01,165.19,47.473852,19.0608334
5337,-0.27,1.0,1.0,0.02,165.11,47.4738539,19.0608316
5338,-0.27,1.0,1.0,0.02,165.04,47.4738561,19.06083
5339,-0.23,1.0,1.0,0,164.98,47.473858,19.0608281
5340,-0.28,1.0,1.0,0.01,164.9,47.4738596,19.0608259
5341,-0.31,1.0,1.0,0.05,164.83,47.4738615,19.0608238
5342,-0.39,1.0,1.0,0.04,164.72,47.4738635,19.0608217
5343,-0.57,0.99,1.0,0.15,164.58,47.4738653,19.0608205
5344,-0.69,0.99,1.0,0.14,164.44,47.473867,19.0608194
5345,-0.84,0.98,1.0,0.16,164.3,47.4738687,19.0608178
5346,-1.0,0.98,1.0,0.12,164.18,47.4738709,19.0608151
5347,-1.12,0.99,1.0,0.09,164.09,47.4738725,19.0608131
5348,-1.11,0.99,1.0,0,163.99,47.4738747,19.060811
5349,-1.18,0.99,1.0,0.05,163.93,47.4738766,19.0608092
5350,-1.15,1.0,1.0,0,163.87,47.4738787,19.0608066
5351,-1.11,1.0,1.0,0,163.83,47.4738805,19.0608039
5352,-1.04,1.0,1.0,0.0,163.77,47.4738821,19.060802
5353,-1.05,1.0,1.0,0,163.74,47.4738845,19.0607981
5354,-1.02,1.0,1.0,0,163.7,47.4738866,19.0607961
5355,-1.01,1.0,1.0,0,163.57,47.4738887,19.0607934
5356,-0.93,1.0,1.0,0.03,163.47,47.4738905,19.0607915
5357,-0.87,1.0,1.0,0,163.39,47.4738933,19.0607894
5358,-0.69,1.0,1.0,0.05,163.27,47.4738948,19.0607874
5359,-0.62,1.0,1.0,0.04,163.17,47.4738968,19.0607848
5360,-0.57,1.0,1.0,0,163.17,47.4738986,19.0607833
5361,-0.56,1.0,1.0,0,163.14,47.4739004,19.0607818
5362,-0.56,1.0,1.0,0.0,163.09,47.4739021,19.0607804
5363,-0.63,1.0,1.0,0,163.05,47.4739038,19.0607792
5364,-0.65,1.0,1.0,0.02,162.91,47.4739061,19.0607786
5365,-0.68,1.0,1.0,0.02,162.78,47.4739092,19.0607778
5366,-0.76,1.0,1.0,0,162.62,47.4739118,19.0607771
5367,-0.86,0.94,1.0,0.91,162.56,47.4739128,19.0607745
5368,-0.92,0.75,1.0,3.71,162.55,47.4739146,19.060774
5369,-0.91,0.56,1.0,5.25,162.62,47.4739161,19.0607766
5370,-0.91,0.36,1.0,6.81,162.68,47.4739155,19.0607774
5371,-0.83,0.16,1.0,8.46,162.73,47.4739163,19.0607782
5372,-0.74,0.02,1.0,9.0,162.71,47.4739168,19.0607787
5373,-0.87,0.03,1.0,7.73,162.64,47.4739173,19.0607798
5374,-1.65,0.03,1.0,7.76,162.54,47.473918,19.0607803
5375,-2.68,0.02,1.0,7.86,162.46,47.4739185,19.0607816
5376,-3.85,0.03,0.6,1.06,162.35,47.4739187,19.0607843
5377,-5.26,0.03,0.6,4.57,162.22,47.4739204,19.0607925
5378,-6.57,0.02,0.6,4.7,162.07,47.4739219,19.0607982
5379,-7.6,0.02,0.6,4.63,161.76,47.4739231,19.060803
5380,-8.66,0.02,0.6,4.61,161.31,47.4739239,19.0608067
5381,-9.44,0.03,0.6,4.57,160.91,47.4739295,19.0608145
5382,-9.59,0.02,0.6,4.64,160.49,47.4739346,19.0608174
5383,-8.88,0.04,0.6,4.34,160.09,47.4739377,19.0608154
5384,-7.37,0.06,0.6,4.07,159.57,47.4739389,19.0608155
5385,-5.59,0.08,0.6,4.06,159.01,47.4739398,19.0608157
5386,-4.09,0.08,0.6,4.09,158.41,47.473947,19.0608189
5387,-3.06,0.14,0.6,3.26,157.81,47.4739493,19.0608213
5388,-2.86,0.2,1.0,9.43,157.05,47.4739499,19.0608214
5389,-3.57,0.26,0.6,0,156.39,47.4739508,19.0608216
5390,-4.36,0.32,0.6,1.71,155.87,47.4739551,19.0608245
5391,-5.05,0.37,0.6,1.43,155.4,47.4739621,19.0608254
5392,-5.71,0.36,0.6,1.94,154.9,47.4739633,19.0608257
5393,-6.35,0.33,0.6,2.52,154.49,47.4739647,19.0608254
5394,-6.51,0.29,0.6,2.8,154.16,47.4739671,19.0608252
5395,-6.78,0.25,0.6,3.2,153.81,47.4739693,19.0608253
5396,-7.21,0.21,0.6,3.43,153.49,47.4739726,19.0608254
5397,-7.51,0.2,0.6,3.22,153.28,47.4739738,19.0608257
5398,-7.73,0.21,0.6,3.15,153.13,47.4739747,19.0608262
5399,-8.0,0.2,0.6,3.19,153.09,47.4739762,19.0608258
5400,-8.33,0.21,0.6,3.06,153.09,47.4739764,19.0608263
5401,-8.66,0.22,0.6,3.03,153.06,47.473976,19.0608272
5402,-8.82,0.22,0.6,2.93,153.02,47.4739775,19.0608273
5403,-8.54,0.22,0.6,3.04,152.97,47.4739782,19.0608271
5404,-7.44,0.22,0.6,3.04,152.83,47.4739786,19.0608278
5405,-5.44,0.23,0.6,2.89,152.57,47.4739782,19.0608294
5406,-3.18,0.21,0.6,3.22,152.24,47.4739809,19.0608307
5407,-1.22,0.17,1.0,10.41,151.9,47.4739832,19.0608306
5408,0.33,0.12,1.0,7.41,151.55,47.4739836,19.0608326
5409,1.33,0.08,1.0,7.7,151.29,47.4739821,19.0608356
5410,1.55,0.03,1.0,8.19,151.15,47.4739813,19.0608387
5411,1.52,0.02,1.0,7.98,151.09,47.47398,19.0608416
5412,1.53,0.02,1.0,7.87,151.03,47.4739802,19.060843
5413,1.28,0.02,1.0,7.85,150.98,47.4739809,19.060846
5414,0.78,0.02,1.0,7.84,150.93,47.47398,19.0608478
5415,0.37,0.14,1.0,5.78,150.86,47.4739794,19.0608519
5416,0.17,0.36,1.0,3.09,150.78,47.4739784,19.0608542
5417,-0.02,0.59,1.0,1.33,150.7,47.4739777,19.0608554
5418,0.02,0.81,1.0,0,150.66,47.4739783,19.0608569
5419,0.07,1.02,1.0,0,150.64,47.4739797,19.0608547
5420,0.16,1.08,1.0,0,150.62,47.4739817,19.0608525
5421,0.23,1.01,1.0,0.56,150.63,47.4739832,19.0608506
5422,0.28,0.79,1.0,3.69,150.64,47.4739849,19.0608478
5423,0.32,0.7,1.0,3.11,150.65,47.4739859,19.0608469
5424,0.39,0.6,1.0,4.17,150.67,47.4739872,19.0608458
5425,0.35,0.5,1.0,4.76,150.7,47.473987,19.0608456
5426,0.28,0.36,1.0,6.37,150.71,47.4739877,19.0608444
5427,0.19,0.5,1.0,2.75,150.76,47.4739888,19.0608429
5428,0.09,0.42,1.0,5.32,150.78,47.4739885,19.0608438
5429,-0.06,0.34,1.0,6.06,150.78,47.4739885,19.060844
5430,-0.15,0.24,1.0,6.96,150.79,47.4739899,19.0608416
5431,-0.23,0.23,1.0,6.2,150.79,47.4739898,19.0608416
5432,-0.26,0.09,1.0,8.54,150.78,47.4739899,19.0608415
5433,-0.22,0.07,1.0,7.65,150.79,47.4739899,19.0608413
5434,-0.18,0.07,1.0,7.38,150.8,47.47399,19.0608414
5435,-0.11,0.1,1.0,6.91,150.81,47.47399,19.0608414
5436,0.01,0.11,1.0,7.02,150.83,47.4739901,19.0608415
5437,0.1,0.11,1.0,7.12,150.86,47.47399,19.060842
5438,-0.03,0.15,1.0,6.48,150.87,47.473991,19.0608407
5439,-0.13,0.14,1.0,7.02,150.9,47.4739899,19.0608421
5440,-0.21,0.1,1.0,7.44,150.93,47.4739902,19.0608411
5441,-0.34,0.09,1.0,7.37,150.96,47.4739904,19.0608418
5442,-0.43,0.09,1.0,7.29,150.99,47.4739904,19.0608423
5443,-0.43,0.01,1.0,8.7,151.09,47.4739905,19.0608432
5444,-0.41,0.0,1.0,8.06,151.19,47.4739903,19.0608444
5445,-0.42,0.0,1.0,8.0,151.33,47.4739899,19.0608479
5446,-0.42,0.0,1.0,8.0,151.46,47.4739899,19.060849
5447,-0.42,0.0,1.0,8.0,151.58,47.4739897,19.0608508
5448,-0.42,0.0,1.0,8.0,151.64,47.4739896,19.060852
5449,-0.43,0.0,1.0,8.0,151.68,47.4739894,19.0608521
5450,-0.43,0.0,1.0,8.0,151.69,47.4739895,19.0608521
5451,-0.43,0.0,1.0,8.0,151.69,47.4739895,19.0608527
5452,-0.44,0.0,1.0,8.0,151.68,47.4739894,19.060853
5453,-0.44,0.0,1.0,8.0,151.68,47.4739894,19.0608532
5454,-0.44,0.0,1.0,8.0,151.68,47.4739895,19.0608534
5455,-0.45,0.0,1.0,8.0,151.7,47.4739894,19.0608535
5456,-0.45,0.0,1.0,8.0,151.72,47.4739894,19.0608535
5457,-0.45,0.0,1.0,8.0,151.75,47.4739896,19.0608537
5458,-0.45,0.0,1.0,8.0,151.81,47.4739897,19.0608537
5459,-0.45,0.0,1.0,8.0,151.86,47.4739899,19.0608536
5460,-0.45,0.0,1.0,7.99,151.89,47.4739896,19.0608539
5461,-0.46,0.0,1.0,7.99,151.93,47.4739896,19.0608541
5462,-0.46,0.0,1.0,7.99,151.96,47.4739893,19.060854
5463,-0.45,0.0,1.0,7.95,151.98,47.473989,19.0608541
5464,-0.45,0.0,1.0,7.96,152.01,47.4739884,19.060854
5465,-0.45,0.01,1.0,7.95,152.02,47.4739881,19.0608542
5466,-0.44,0.01,1.0,7.94,152.03,47.473988,19.0608544
5467,-0.44,0.01,1.0,7.95,152.05,47.4739867,19.0608559
5468,-0.44,0.0,1.0,8.0,152.05,47.4739868,19.0608556
5469,-0.44,0.0,1.0,7.99,152.05,47.4739866,19.0608561
5470,-0.44,0.0,1.0,8.01,152.06,47.4739869,19.0608558
5471,-0.45,0.0,1.0,8.01,152.04,47.4739869,19.060856
5472,-0.45,0.0,1.0,8.0,152.02,47.4739869,19.0608563
5473,-0.45,0.0,1.0,8.0,152.0,47.4739866,19.060856
5474,-0.45,0.0,1.0,8.0,151.95,47.473987,19.0608562
5475,-0.45,0.0,1.0,8.0,151.91,47.4739877,19.0608554
5476,-0.45,0.0,1.0,8.0,151.93,47.4739889,19.0608553
5477,-0.45,0.0,1.0,8.0,151.95,47.4739888,19.0608549
5478,-0.45,0.0,1.0,8.0,151.98,47.4739874,19.0608542
5479,-0.45,0.0,1.0,8.0,152.02,47.4739877,19.0608539
5480,-0.44,0.0,1.0,8.0,152.05,47.4739881,19.0608538
5481,-0.44,0.0,1.0,8.0,152.04,47.4739884,19.0608535
5482,-0.44,0.0,1.0,8.0,152.03,47.4739883,19.0608535
5483,-0.44,0.0,1.0,8.0,151.91,47.4739882,19.0608536
5484,-0.45,0.0,1.0,8.0,151.78,47.4739882,19.0608542
5485,-0.45,0.0,1.0,8.0,151.65,47.4739888,19.060854
5486,-0.45,0.0,1.0,8.0,151.5,47.4739893,19.0608531
5487,-0.45,0.0,1.0,8.0,151.35,47.4739895,19.0608535
5488,-0.45,0.0,1.0,8.0,151.33,47.47399,19.0608524
5489,-0.45,0.0,1.0,8.0,151.29,47.4739909,19.0608515
5490,-0.46,0.0,1.0,8.0,151.27,47.473991,19.060851
5491,-0.46,0.0,1.0,8.0,151.25,47.473992,19.0608501
5492,-0.46,0.0,1.0,8.0,151.21,47.4739923,19.0608504
5493,-0.46,0.0,1.0,8.0,151.04,47.4739928,19.0608495
5494,-0.45,0.0,1.0,7.99,150.87,47.4739941,19.0608475
5495,-0.44,0.0,1.0,7.96,150.67,47.4739941,19.0608461
5496,-0.43,0.0,1.0,7.98,150.47,47.4739935,19.0608456
5497,-0.43,0.0,1.0,7.98,150.28,47.4739932,19.0608449
5498,-0.42,0.0,1.0,7.98,150.23,47.4739931,19.0608442
5499,-0.43,0.0,1.0,7.98,150.19,47.4739941,19.0608426
5500,-0.43,0.0,1.0,8.01,150.09,47.4739942,19.0608426
5501,-0.43,0.0,1.0,7.99,149.96,47.4739949,19.0608423
5502,-0.41,0.0,1.0,7.99,149.84,47.4739977,19.0608417
5503,-0.39,0.0,1.0,7.99,149.72,47.4739991,19.0608418
5504,-0.39,0.0,1.0,8.01,149.62,47.4739995,19.0608412
5505,-0.4,0.0,1.0,8.0,149.57,47.4739986,19.0608421
5506,-0.41,0.0,1.0,8.0,149.54,47.4739987,19.0608416
5507,-0.43,0.0,1.0,8.0,149.53,47.4739999,19.0608412
5508,-0.47,0.0,1.0,7.99,149.51,47.4740007,19.0608411
5509,-0.48,0.0,1.0,7.99,149.5,47.4740007,19.0608408
5510,-0.48,0.0,1.0,7.98,149.51,47.4740006,19.0608411
5511,-0.48,0.0,1.0,7.99,149.56,47.4740008,19.0608409
5512,-0.48,0.0,1.0,7.99,149.6,47.474,19.0608411
5513,-0.47,0.0,1.0,8.0,149.62,47.4739995,19.0608416
5514,-0.47,0.0,1.0,7.99,149.62,47.473999,19.0608419
5515,-0.47,0.0,1.0,8.01,149.59,47.474,19.0608418
5516,-0.48,0.0,1.0,8.0,149.52,47.4740013,19.0608409
5517,-0.48,0.0,1.0,8.0,149.41,47.4740024,19.0608409
5518,-0.49,0.0,1.0,8.0,149.23,47.4740073,19.0608382
5519,-0.49,0.0,1.0,8.0,149.07,47.4740066,19.0608396
5520,-0.49,0.0,1.0,8.0,148.98,47.4740112,19.0608398
5521,-0.5,0.0,1.0,8.0,148.94,47.4740128,19.0608388
5522,-0.5,0.0,1.0,8.0,148.97,47.4740125,19.0608389
5523,-0.5,0.0,1.0,8.0,149.14,47.4740136,19.0608379
5524,-0.51,0.0,1.0,8.0,149.34,47.474014,19.0608372
5525,-0.51,0.0,1.0,8.0,149.51,47.474014,19.0608354
5526,-0.52,0.0,1.0,8.0,149.7,47.4740147,19.0608343
5527,-0.52,0.0,1.0,8.0,149.87,47.4740158,19.0608336
5528,-0.53,0.0,1.0,8.0,149.98,47.4740158,19.0608329
5529,-0.53,0.0,1.0,8.0,150.05,47.474018,19.0608339
5530,-0.53,0.0,1.0,8.0,150.11,47.4740196,19.0608332
5531,-0.54,0.0,1.0,8.0,150.13,47.4740227,19.0608332
5532,-0.54,0.0,1.0,8.0,150.13,47.4740233,19.060833
5533,-0.54,0.0,1.0,8.0,150.1,47.4740239,19.0608328
5534,-0.54,0.0,1.0,8.0,150.11,47.4740252,19.0608323
5535,-0.55,0.0,1.0,8.0,150.15,47.4740265,19.0608324
5536,-0.55,0.0,1.0,8.0,150.19,47.4740258,19.0608328
5537,-0.55,0.0,1.0,8.0,150.27,47.4740245,19.0608337
5538,-0.55,0.0,1.0,8.0,150.39,47.4740249,19.0608334
5539,-0.55,0.0,1.0,8.0,150.51,47.4740244,19.0608338
5540,-0.55,0.0,1.0,8.0,150.62,47.4740246,19.0608336
5541,-0.55,0.0,1.0,8.0,150.73,47.4740244,19.0608339
5542,-0.55,0.0,1.0,8.0,150.82,47.4740239,19.060834
5543,-0.55,0.0,1.0,8.0,150.88,47.4740236,19.0608342
5544,-0.55,0.0,1.0,8.0,150.91,47.4740238,19.0608339
5545,-0.56,0.0,1.0,8.0,150.92,47.474025,19.0608328
5546,-0.56,0.0,1.0,8.0,150.91,47.4740255,19.0608326
5547,-0.56,0.0,1.0,8.0,150.9,47.4740261,19.0608321
5548,-0.56,0.0,1.0,8.0,150.93,47.4740266,19.0608317
5549,-0.56,0.0,1.0,8.0,150.95,47.474027,19.0608315
5550,-0.56,0.0,1.0,8.0,150.98,47.4740272,19.0608313
5551,-0.49,0.03,1.0,7.43,151.02,47.4740275,19.0608312
5552,-0.52,0.24,1.0,4.24,151.06,47.4740278,19.0608313
5553,-0.46,0.44,1.0,2.83,151.09,47.4740281,19.0608314
5554,-0.4,0.64,1.0,1.03,151.11,47.4740276,19.0608332
5555,-0.32,0.85,1.0,0,151.09,47.4740262,19.0608363
5556,-0.34,1.01,1.0,0,151.07,47.4740244,19.0608392
5557,-0.23,1.0,1.0,0.12,151.05,47.4740234,19.0608412
5558,-0.28,1.0,1.0,0.01,151.01,47.4740219,19.0608443
5559,-0.3,1.0,1.0,0.06,150.98,47.4740201,19.0608472
5560,-0.39,0.99,1.0,0.07,150.96,47.4740188,19.0608493
5561,-0.43,1.0,1.0,0.02,150.91,47.474017,19.0608523
5562,-0.52,0.99,1.0,0.07,150.83,47.4740152,19.0608547
5563,-0.4,1.0,1.0,0,150.64,47.4740136,19.0608572
5564,-0.36,0.99,1.0,0.1,150.39,47.4740116,19.0608599
5565,-0.17,1.0,1.0,0,150.09,47.4740089,19.0608623
5566,-0.09,1.0,1.0,0.03,149.77,47.4740068,19.0608644
5567,0.03,1.0,1.0,0,149.41,47.4740046,19.0608669
5568,-0.02,1.0,1.0,0.03,149.12,47.4740024,19.0608698
5569,0.01,1.0,1.0,0,148.82,47.474,19.0608722
5570,-0.09,1.0,1.0,0.07,148.46,47.4739978,19.0608751
5571,-0.01,1.0,1.0,0.01,148.05,47.4739946,19.0608782
5572,0.0,0.99,1.0,0.14,147.64,47.4739918,19.0608805
5573,0.16,0.99,1.0,0.08,147.21,47.4739888,19.0608835
5574,0.29,0.99,1.0,0.1,146.82,47.473986,19.0608865
5575,0.4,0.99,1.0,0.02,146.5,47.4739833,19.0608894
5576,0.27,0.99,1.0,0.17,146.21,47.4739807,19.0608924
5577,0.2,0.99,1.0,0.05,145.94,47.473978,19.0608956
5578,-0.1,0.99,1.0,0.15,145.71,47.4739755,19.0608979
5579,-0.34,0.99,1.0,0.03,145.48,47.4739729,19.0609007
5580,-0.55,0.99,1.0,0.17,145.31,47.4739705,19.0609036
5581,-0.61,1.0,1.0,0,145.18,47.4739682,19.0609061
5582,-0.74,0.99,1.0,0.05,145.09,47.4739664,19.0609083
5583,-0.7,1.0,1.0,0,145.07,47.4739646,19.0609108
5584,-0.75,1.0,1.0,0.02,145.17,47.4739623,19.0609139
5585,-0.71,1.0,1.0,0,145.28,47.4739619,19.0609151
5586,-0.71,1.0,1.0,0.03,145.4,47.4739619,19.0609164
5587,-0.63,1.0,1.0,0,145.53,47.4739599,19.0609193
5588,-0.69,1.0,1.0,0.01,145.7,47.4739583,19.0609217
5589,-0.71,1.0,1.0,0.03,145.81,47.4739566,19.0609237
5590,-0.85,1.0,1.0,0.06,145.9,47.4739562,19.0609248
5591,-0.92,1.0,1.0,0,146.0,47.4739557,19.0609256
5592,-1.04,1.0,1.0,0.01,146.1,47.4739547,19.0609273
5593,-1.07,1.0,1.0,0,146.11,47.4739531,19.0609291
5594,-1.1,1.0,1.0,0.0,146.06,47.473952,19.0609305
5595,-1.11,1.0,1.0,0,146.01,47.4739503,19.0609326
5596,-1.16,1.0,1.0,0.03,145.97,47.4739483,19.0609347
5597,-1.16,1.0,1.0,0.03,145.91,47.4739466,19.0609367
5598,-1.14,0.99,1.0,0.08,145.86,47.4739445,19.0609394
5599,-1.17,1.0,1.0,0.01,145.83,47.4739428,19.0609414
5600,-1.28,0.98,1.0,0.23,145.82,47.473941,19.0609438
5601,-1.36,0.99,1.0,0,145.77,47.4739391,19.060946
5602,-1.96,1.0,1.0,0,145.73,47.4739375,19.0609471
5603,-2.6,0.96,1.0,0.6,145.7,47.4739357,19.060949
5604,-3.23,0.87,0.6,0,145.68,47.4739342,19.0609506
5605,-3.85,0.8,0.6,0,145.64,47.4739321,19.0609531
5606,-4.61,0.71,0.6,0,145.62,47.4739312,19.0609536
5607,-4.75,0.63,0.6,0.52,145.62,47.4739301,19.0609542
5608,-5.11,0.58,0.6,0.54,145.61,47.473929,19.060955
5609,-5.3,0.59,0.6,0,145.59,47.473928,19.060956
5610,-5.24,0.6,0.6,0,145.55,47.4739273,19.0609564
5611,-5.2,0.6,0.6,0,145.51,47.4739262,19.0609566
5612,-5.29,0.6,0.6,0,145.45,47.473925,19.0609568
5613,-4.96,0.61,0.6,0,145.4,47.473924,19.0609571
5614,-5.1,0.61,0.6,0,145.38,47.473923,19.0609577
5615,-5.39,0.6,0.6,0,145.37,47.4739219,19.0609586
5616,-5.24,0.6,0.6,0.02,145.35,47.4739206,19.0609596
5617,-5.48,0.6,0.6,0.02,145.33,47.4739193,19.0609608
5618,-5.65,0.61,0.6,0,145.34,47.4739182,19.0609617
5619,-6.04,0.54,0.6,1.08,145.34,47.4739174,19.0609622
5620,-6.26,0.42,0.6,2.4,145.35,47.4739162,19.0609631
5621,-6.76,0.31,0.6,3.38,145.39,47.4739152,19.0609642
5622,-6.84,0.19,0.6,4.24,145.42,47.4739154,19.0609638
5623,-7.17,0.07,0.6,5.35,145.45,47.4739165,19.0609629
5624,-6.9,0.01,0.6,5.16,145.48,47.473917,19.0609622
5625,-6.8,0.01,0.6,4.83,145.5,47.4739179,19.0609614
5626,-6.72,0.01,0.6,4.76,145.52,47.473919,19.0609604
5627,-6.64,0.0,0.6,4.79,145.57,47.4739202,19.0609594
5628,-6.56,0.0,0.6,4.79,145.6,47.4739213,19.0609585
5629,-6.47,0.0,0.6,4.8,145.63,47.4739221,19.0609581
5630,-6.39,0.0,0.6,4.79,145.66,47.4739221,19.0609578
5631,-6.31,0.0,0.6,4.74,145.69,47.4739222,19.0609575
5632,-6.24,0.01,0.6,4.74,145.7,47.4739225,19.060957
5633,-6.59,0.01,0.6,4.74,145.72,47.4739227,19.0609567
5634,-7.97,0.01,0.6,4.74,145.74,47.4739228,19.0609563
5635,-9.76,0.01,0.6,4.69,145.76,47.4739227,19.0609561
5636,-11.71,0.01,0.6,4.69,145.76,47.4739219,19.060955
5637,-13.61,0.01,0.6,4.72,145.74,47.4739213,19.0609537
5638,-15.23,0.02,0.6,4.51,145.72,47.4739205,19.0609526
5639,-15.71,0.02,0.6,4.6,145.68,47.47392,19.0609517
5640,-15.8,0.02,0.6,4.67,145.66,47.473919,19.0609504
5641,-15.74,0.02,0.6,4.72,145.64,47.4739183,19.0609507
5642,-15.75,0.01,0.6,4.69,145.66,47.4739184,19.0609503
5643,-15.64,0.0,0.6,4.89,145.68,47.4739184,19.0609503
5644,-15.64,0.0,0.6,4.82,145.7,47.473918,19.0609503
5645,-15.64,0.0,0.6,4.8,145.71,47.4739176,19.0609504
5646,-15.64,0.0,0.6,4.8,145.72,47.4739169,19.0609506
5647,-15.64,0.0,0.6,4.8,145.73,47.4739164,19.0609509
5648,-15.64,0.0,0.6,4.8,145.73,47.4739159,19.0609509
5649,-15.64,0.0,0.6,4.8,145.76,47.4739152,19.0609514
5650,-15.64,0.0,0.6,4.8,145.77,47.4739149,19.0609514
5651,-15.64,0.0,0.6,4.8,145.79,47.4739146,19.0609515
5652,-15.64,0.0,0.6,4.8,145.81,47.4739145,19.0609515
5653,-15.64,0.0,0.6,4.8,145.83,47.473914,19.0609515
5654,-15.64,0.0,0.6,4.8,145.84,47.4739135,19.0609519
5655,-15.65,0.0,0.6,4.8,145.86,47.4739132,19.0609517
5656,-15.65,0.0,0.6,4.8,145.89,47.4739128,19.0609518
5657,-15.65,0.0,0.6,4.8,145.9,47.4739124,19.0609519
5658,-15.65,0.0,0.6,4.8,145.93,47.473912,19.0609521
5659,-15.66,0.0,0.6,4.8,145.95,47.4739115,19.0609524
5660,-15.66,0.0,0.6,4.8,145.98,47.4739107,19.0609528
5661,-15.67,0.0,0.6,4.8,146.02,47.4739101,19.0609532
5662,-15.65,0.0,0.6,4.8,146.06,47.4739094,19.0609537
5663,-15.68,0.12,0.6,2.79,146.08,47.4739087,19.0609548
5664,-15.53,0.23,0.6,1.96,146.11,47.473908,19.060955
5665,-15.74,0.35,0.6,0.95,146.16,47.4739065,19.0609544
5666,-15.95,0.48,0.6,0,146.16,47.4739046,19.0609544
5667,-15.74,0.6,0.6,0,146.17,47.4739028,19.0609539
5668,-15.85,0.59,0.6,0.18,146.2,47.4739011,19.0609528
5669,-16.33,0.59,0.6,0.0,146.25,47.473899,19.0609529
5670,-16.18,0.59,0.6,0.04,146.3,47.4738972,19.0609527
5671,-15.88,0.6,0.6,0.03,146.38,47.4738952,19.0609523
5672,-16.55,0.59,0.6,0.07,146.48,47.4738932,19.0609509
5673,-16.51,0.6,0.6,0,146.57,47.4738914,19.0609505
5674,-16.1,0.6,0.6,0.02,146.65,47.4738895,19.0609503
5675,-16.03,0.6,0.6,0.04,146.72,47.4738876,19.0609499
5676,-16.01,0.59,0.6,0.11,146.82,47.4738857,19.0609494
5677,-14.95,0.6,0.6,0,146.92,47.4738842,19.0609485
5678,-14.83,0.6,0.6,0,147.01,47.4738821,19.0609496
5679,-14.62,0.6,0.6,0.05,147.1,47.4738806,19.0609491
5680,-14.43,0.6,0.6,0.01,147.18,47.4738788,19.0609485
5681,-14.26,0.59,0.6,0.07,147.22,47.4738773,19.0609475
5682,-16.35,0.58,0.6,0.24,147.22,47.4738759,19.0609464
5683,-15.99,0.56,0.6,0.48,147.43,47.4738743,19.0609457
5684,-15.73,0.57,0.6,0.1,147.72,47.4738723,19.0609443
5685,-16.3,0.58,0.6,0.09,148.07,47.4738708,19.0609516
5686,-16.24,0.57,0.6,0.41,148.45,47.473869,19.060953
5687,-14.26,0.58,0.6,0,148.86,47.473867,19.0609543
5688,-14.46,0.59,0.6,0,149.03,47.4738653,19.0609551
5689,-14.63,0.59,0.6,0.1,149.1,47.4738637,19.0609546
5690,-13.53,0.59,0.6,0.1,149.08,47.4738624,19.0609527
5691,-12.93,0.61,0.6,0,149.0,47.4738615,19.060951
5692,-12.87,0.62,0.6,0,148.91,47.4738601,19.0609496
5693,-12.47,0.61,0.6,0,148.84,47.4738588,19.0609484
5694,-12.49,0.62,0.6,0,148.79,47.473857,19.0609472
5695,-12.74,0.61,0.6,0,148.75,47.4738557,19.060946
5696,-13.07,0.6,0.6,0.09,148.71,47.4738542,19.0609453
5697,-12.99,0.59,0.6,0.14,148.67,47.4738529,19.0609438
5698,-12.69,0.6,0.6,0,148.63,47.4738515,19.0609429
5699,-12.07,0.58,0.6,0.26,148.58,47.4738501,19.0609412
5700,-11.32,0.59,0.6,0.1,148.53,47.4738488,19.0609403
5701,-10.83,0.6,0.6,0,148.47,47.4738476,19.060939
5702,-9.93,0.6,0.6,0.05,148.43,47.4738463,19.0609376
5703,-9.06,0.6,0.6,0.04,148.38,47.4738451,19.060936
5704,-8.15,0.61,0.6,0,148.34,47.4738438,19.060935
5705,-7.16,0.61,0.6,0,148.31,47.4738423,19.0609337
5706,-5.97,0.61,0.6,0.04,148.29,47.4738408,19.0609324
5707,-4.76,0.6,0.6,0,148.24,47.4738395,19.0609316
5708,-3.6,0.63,0.6,0,148.2,47.4738385,19.0609308
5709,-1.93,0.7,1.0,5.25,148.14,47.4738374,19.0609297
5710,-0.59,0.77,1.0,1.23,148.09,47.473836,19.0609286
5711,0.68,0.86,1.0,0.42,148.03,47.473834,19.060927
5712,1.65,0.95,1.0,0,147.99,47.4738318,19.0609254
5713,2.81,1.09,1.0,0,147.96,47.4738298,19.060923
5714,3.19,1.16,1.4,4.81,147.91,47.4738277,19.0609215
5715,3.55,1.25,1.4,0.5,147.86,47.4738248,19.0609184
5716,3.98,1.21,1.4,1.85,147.82,47.4738219,19.0609158
5717,4.21,1.01,1.4,4.89,147.76,47.473819,19.0609138
5718,4.18,0.73,1.4,7.66,147.7,47.4738166,19.0609117
5719,4.26,0.46,1.4,9.83,147.65,47.4738161,19.0609115
5720,4.41,0.18,1.4,12.22,147.6,47.4738162,19.0609115
5721,4.47,0.02,1.4,12.47,147.56,47.4738163,19.0609122
5722,4.57,0.01,1.4,11.19,147.51,47.4738165,19.0609121
5723,4.26,0.01,1.4,11.13,147.47,47.4738167,19.060912
5724,3.39,0.01,1.4,11.1,147.44,47.4738168,19.0609131
5725,1.96,0.01,1.0,4.35,147.41,47.4738171,19.0609145
5726,0.22,0.02,1.0,7.81,147.4,47.4738178,19.0609159
5727,-1.63,0.01,1.0,7.95,147.38,47.4738188,19.0609161
5728,-3.08,0.01,0.6,1.31,147.34,47.4738196,19.0609155
5729,-3.98,0.01,0.6,4.74,147.29,47.4738203,19.0609138
5730,-4.32,0.01,0.6,4.68,147.22,47.4738204,19.0609121
5731,-4.37,0.02,0.6,4.52,147.13,47.4738202,19.0609105
5732,-4.52,0.03,0.6,4.57,147.06,47.4738203,19.060909
5733,-4.87,0.03,0.6,4.59,147.01,47.4738202,19.0609081
5734,-5.27,0.03,0.6,4.58,146.98,47.4738205,19.0609072
5735,-5.57,0.02,0.6,4.62,146.96,47.4738204,19.0609064
5736,-5.87,0.01,0.6,4.88,146.95,47.4738204,19.0609058
5737,-5.97,0.01,0.6,4.77,146.94,47.4738204,19.0609052
5738,-5.78,0.02,0.6,4.59,146.94,47.4738204,19.0609043
5739,-5.27,0.02,0.6,4.66,146.96,47.4738203,19.060904
5740,-4.83,0.02,0.6,4.68,146.98,47.4738199,19.060903
5741,-4.51,0.01,0.6,4.7,147.0,47.4738193,19.060902
5742,-4.35,0.01,0.6,4.7,147.02,47.4738191,19.060902
5743,-4.29,0.0,0.6,4.85,147.04,47.4738191,19.0609022
5744,-4.53,0.0,0.6,4.77,147.05,47.4738197,19.0609031
5745,-4.78,0.0,0.6,4.76,147.06,47.4738198,19.0609032
5746,-4.86,0.01,0.6,4.72,147.07,47.4738199,19.0609037
5747,-4.7,0.01,0.6,4.71,147.07,47.4738197,19.0609045
5748,-4.49,0.01,0.6,4.7,147.06,47.4738192,19.060906
5749,-4.25,0.01,0.6,4.74,147.05,47.4738187,19.0609069
5750,-4.02,0.01,0.6,4.74,147.03,47.4738189,19.060907
5751,-3.9,0.01,0.6,4.75,147.01,47.4738191,19.0609068
5752,-3.78,0.0,0.6,4.79,146.99,47.4738191,19.0609067
5753,-3.74,0.0,0.6,4.79,146.98,47.4738189,19.0609067
5754,-3.68,0.01,0.6,4.73,146.96,47.4738187,19.0609067
5755,-3.67,0.01,0.6,4.68,146.95,47.4738187,19.0609064
5756,-3.6,0.01,0.6,4.67,146.93,47.4738186,19.0609063
5757,-3.66,0.01,0.6,4.68,146.92,47.473819,19.0609055
5758,-3.72,0.01,0.6,4.69,146.92,47.4738191,19.060905
5759,-3.78,0.01,0.6,4.73,146.92,47.4738188,19.0609052
5760,-3.86,0.04,0.6,4.15,146.91,47.4738187,19.060905
5761,-3.85,0.16,0.6,2.56,146.93,47.4738187,19.0609051
5762,-4.01,0.27,0.6,1.58,146.96,47.4738187,19.0609049
5763,-3.8,0.39,0.6,0.62,147.02,47.4738197,19.0609076
5764,-3.67,0.51,0.6,0,147.3,47.4738199,19.0609097
5765,-3.6,0.59,0.6,0,147.62,47.47382,19.0609127
5766,-3.66,0.6,0.6,0,147.96,47.4738185,19.060921
5767,-3.65,0.6,0.6,0,148.29,47.4738185,19.0609242
5768,-3.96,0.6,0.6,0,148.69,47.4738186,19.0609271
5769,-4.31,0.6,0.6,0.0,148.96,47.4738189,19.0609294
5770,-4.59,0.6,0.6,0,149.28,47.4738185,19.0609336
5771,-4.84,0.6,0.6,0.05,149.63,47.4738183,19.0609383
5772,-5.12,0.6,0.6,0.03,150.01,47.4738178,19.0609418
5773,-5.18,0.6,0.6,0.04,150.32,47.4738177,19.0609453
5774,-5.21,0.6,0.6,0,150.58,47.4738177,19.0609478
5775,-5.26,0.6,0.6,0,150.79,47.4738182,19.0609497
5776,-5.25,0.6,0.6,0,150.95,47.4738179,19.060952
5777,-4.94,0.61,0.6,0,151.1,47.4738179,19.0609541
5778,-4.64,0.61,0.6,0,151.27,47.4738179,19.0609564
5779,-4.48,0.6,0.6,0,151.43,47.473818,19.0609585
5780,-4.4,0.6,0.6,0.0,151.59,47.4738178,19.0609606
5781,-4.44,0.6,0.6,0,151.74,47.4738177,19.0609633
5782,-4.33,0.6,0.6,0.06,151.86,47.4738178,19.0609644
5783,-5.31,0.6,0.6,0.03,151.98,47.4738181,19.0609657
5784,-7.04,0.6,0.6,0.06,152.07,47.4738184,19.0609678
5785,-7.92,0.59,0.6,0.1,152.16,47.4738183,19.0609694
5786,-7.91,0.59,0.6,0.02,152.28,47.4738181,19.0609711
5787,-7.86,0.59,0.6,0.06,152.4,47.4738179,19.0609726
5788,-7.53,0.6,0.6,0,152.5,47.4738177,19.0609736
5789,-6.44,0.6,0.6,0.04,152.62,47.4738177,19.0609753
5790,-6.27,0.6,0.6,0,152.73,47.4738174,19.0609772
5791,-6.35,0.6,0.6,0.05,152.82,47.4738172,19.060979
5792,-6.57,0.6,0.6,0,152.91,47.4738171,19.0609811
5793,-6.73,0.6,0.6,0.07,153.0,47.4738171,19.0609828
5794,-6.82,0.6,0.6,0.01,153.1,47.473817,19.060984
5795,-6.79,0.6,0.6,0.01,153.19,47.4738167,19.060986
5796,-7.56,0.6,0.6,0,153.29,47.4738166,19.0609878
5797,-8.68,0.61,0.6,0,153.38,47.4738165,19.0609898
5798,-9.37,0.6,0.6,0,153.47,47.4738163,19.0609916
5799,-10.03,0.6,0.6,0.04,153.55,47.473816,19.0609933
5800,-10.53,0.6,0.6,0.04,153.64,47.4738158,19.0609951
5801,-10.78,0.6,0.6,0,153.72,47.4738157,19.0609971
5802,-11.11,0.6,0.6,0.07,153.8,47.4738156,19.060999
5803,-11.37,0.6,0.6,0.01,153.86,47.4738155,19.0610009
5804,-11.33,0.6,0.6,0,153.92,47.4738155,19.0610028
5805,-11.46,0.61,0.6,0,153.98,47.4738154,19.0610047
5806,-11.7,0.6,0.6,0,154.04,47.4738152,19.0610065
5807,-11.73,0.61,0.6,0,154.11,47.4738151,19.0610082
5808,-11.77,0.61,0.6,0,154.18,47.473815,19.06101
5809,-12.13,0.61,0.6,0,154.27,47.473815,19.061012
5810,-12.5,0.61,0.6,0,154.35,47.473815,19.0610139
5811,-12.9,0.6,0.6,0,154.42,47.4738149,19.061016
5812,-13.31,0.6,0.6,0.0,154.49,47.473815,19.0610182
5813,-13.81,0.6,0.6,0.0,154.58,47.4738152,19.0610202
5814,-14.66,0.6,0.6,0,154.66,47.4738153,19.0610223
5815,-16.01,0.6,0.6,0,154.72,47.4738153,19.0610243
5816,-16.75,0.6,0.6,0,154.77,47.4738154,19.0610263
5817,-17.2,0.6,0.6,0,154.81,47.4738156,19.0610283
5818,-19.05,0.6,0.6,0,154.84,47.4738155,19.0610305
5819,-21.22,0.59,0.6,0.13,154.86,47.4738152,19.0610322
5820,-21.56,0.59,0.6,0.05,154.87,47.4738146,19.0610342
5821,-21.47,0.6,0.6,0,154.87,47.4738139,19.0610355
5822,-21.87,0.6,0.6,0.07,154.88,47.4738138,19.0610375
5823,-20.33,0.6,0.6,0,154.88,47.4738145,19.0610399
5824,-17.66,0.6,0.6,0.06,154.86,47.4738141,19.0610416
5825,-16.95,0.6,0.6,0,154.85,47.4738141,19.0610438
5826,-16.78,0.59,0.6,0.15,154.86,47.4738144,19.0610458
5827,-16.39,0.6,0.6,0,154.86,47.4738144,19.0610479
5828,-16.73,0.6,0.6,0.03,154.86,47.4738146,19.0610498
5829,-17.29,0.61,0.6,0,154.87,47.4738149,19.0610517
5830,-17.82,0.6,0.6,0.08,154.86,47.4738158,19.0610535
5831,-17.65,0.61,0.6,0,154.85,47.473816,19.0610554
5832,-17.36,0.61,0.6,0,154.83,47.4738161,19.0610576
5833,-17.95,0.59,0.6,0.14,154.8,47.4738162,19.0610586
5834,-17.55,0.6,0.6,0,154.78,47.4738163,19.0610605
5835,-16.53,0.6,0.6,0,154.75,47.4738161,19.0610623
5836,-16.57,0.6,0.6,0.08,154.72,47.4738161,19.0610644
5837,-16.55,0.59,0.6,0.11,154.7,47.4738163,19.0610666
5838,-15.55,0.6,0.6,0,154.67,47.4738161,19.0610689
5839,-15.54,0.6,0.6,0.11,154.64,47.473816,19.0610709
5840,-15.41,0.6,0.6,0.01,154.6,47.4738159,19.0610728
5841,-14.71,0.6,0.6,0,154.56,47.4738159,19.061075
5842,-13.44,0.61,0.6,0,154.51,47.4738157,19.061077
5843,-12.53,0.6,0.6,0.11,154.45,47.473816,19.0610791
5844,-11.82,0.6,0.6,0.04,154.4,47.4738162,19.0610814
5845,-10.48,0.6,0.6,0.03,154.34,47.4738159,19.0610834
5846,-9.82,0.59,0.6,0.13,154.3,47.4738157,19.061085
5847,-10.31,0.59,0.6,0.16,154.26,47.4738158,19.0610867
5848,-10.29,0.6,0.6,0,154.22,47.4738159,19.0610888
5849,-10.14,0.61,0.6,0,154.17,47.4738158,19.0610908
5850,-10.69,0.6,0.6,0.01,154.13,47.4738159,19.0610928
5851,-11.01,0.61,0.6,0,154.08,47.473816,19.0610952
5852,-11.04,0.62,0.6,0,154.04,47.4738162,19.061097
5853,-10.99,0.6,0.6,0.1,153.99,47.4738162,19.061099
5854,-10.99,0.6,0.6,0.08,153.96,47.4738161,19.0611012
5855,-10.87,0.6,0.6,0,153.93,47.4738161,19.0611031
5856,-10.75,0.6,0.6,0.07,153.9,47.4738162,19.0611051
5857,-10.64,0.59,0.6,0.13,153.87,47.4738162,19.0611072
5858,-10.19,0.6,0.6,0,153.84,47.4738164,19.0611092
5859,-9.7,0.6,0.6,0,153.81,47.4738165,19.0611111
5860,-9.31,0.6,0.6,0.02,153.77,47.4738167,19.0611133
5861,-8.97,0.6,0.6,0,153.72,47.4738167,19.0611153
5862,-8.54,0.6,0.6,0.03,153.68,47.4738167,19.0611173
5863,-8.4,0.6,0.6,0.08,153.64,47.4738169,19.0611193
5864,-8.21,0.59,0.6,0.08,153.61,47.473817,19.0611212
5865,-7.91,0.59,0.6,0.08,153.58,47.4738171,19.061123
5866,-7.74,0.59,0.6,0.07,153.56,47.4738172,19.0611249
5867,-7.42,0.59,0.6,0.12,153.53,47.4738171,19.0611271
5868,-6.69,0.6,0.6,0,153.51,47.4738171,19.0611293
5869,-6.22,0.6,0.6,0,153.49,47.4738173,19.0611311
5870,-6.02,0.6,0.6,0.03,153.46,47.4738173,19.0611336
5871,-5.55,0.6,0.6,0,153.44,47.4738172,19.0611355
5872,-5.26,0.61,0.6,0,153.43,47.4738172,19.0611373
5873,-5.45,0.59,0.6,0.16,153.4,47.4738174,19.0611391
5874,-5.19,0.57,0.6,0.52,153.37,47.4738175,19.0611411
5875,-4.78,0.46,0.6,2.13,153.36,47.4738177,19.0611431
5876,-4.6,0.33,0.6,3.26,153.33,47.4738176,19.0611451
5877,-4.32,0.21,0.6,4.11,153.31,47.4738176,19.0611452
5878,-4.07,0.09,0.6,5.09,153.3,47.4738178,19.0611454
5879,-4.08,0.01,0.6,5.51,153.29,47.4738176,19.0611454
5880,-4.17,0.0,0.6,4.83,153.29,47.4738173,19.0611453
5881,-3.91,0.0,0.6,4.74,153.29,47.473817,19.0611452
5882,-2.94,0.01,1.0,11.47,153.28,47.4738167,19.0611452
5883,-1.82,0.02,1.0,7.75,153.26,47.4738155,19.0611457
5884,-0.79,0.02,1.0,7.86,153.25,47.4738143,19.061146
5885,0.59,0.02,1.0,7.78,153.24,47.4738133,19.0611462
5886,1.98,0.02,1.0,7.85,153.22,47.4738128,19.0611462
5887,2.8,0.03,1.0,7.64,153.21,47.4738122,19.0611458
5888,3.45,0.02,1.4,14.6,153.2,47.4738112,19.0611452
5889,4.17,0.02,1.4,11.04,153.18,47.4738107,19.061145
5890,4.6,0.01,1.4,11.14,153.15,47.4738105,19.0611449
5891,4.43,0.02,1.4,11.05,153.13,47.4738104,19.0611448
5892,4.0,0.01,1.4,11.22,153.11,47.4738104,19.0611444
5893,3.63,0.01,1.4,11.13,153.08,47.4738105,19.0611445
5894,3.26,0.01,1.4,11.13,153.05,47.4738104,19.0611449
5895,2.92,0.01,1.0,4.51,153.0,47.4738103,19.061145
5896,2.83,0.0,1.0,7.99,152.94,47.4738101,19.0611449
5897,2.85,0.0,1.0,8.03,152.86,47.47381,19.0611455
5898,2.85,0.0,1.0,8.01,152.72,47.47381,19.0611459
5899,2.85,0.0,1.0,8.0,152.55,47.47381,19.0611464
5900,2.85,0.0,1.0,8.0,152.32,47.4738106,19.0611463
5901,2.86,0.0,1.0,8.0,152.06,47.4738107,19.0611467
5902,2.86,0.0,1.0,8.0,151.77,47.4738114,19.061147
5903,2.86,0.0,1.0,8.0,151.5,47.4738118,19.0611473
5904,2.86,0.0,1.0,8.0,151.23,47.4738122,19.0611476
5905,2.86,0.0,1.0,8.0,151.01,47.4738125,19.0611477
5906,2.87,0.0,1.0,8.0,150.81,47.4738128,19.061148
5907,2.87,0.0,1.0,8.0,150.63,47.4738129,19.0611484
5908,2.87,0.0,1.0,8.0,150.46,47.473813,19.0611485
5909,2.87,0.0,1.0,8.0,150.3,47.4738132,19.0611487
5910,2.88,0.0,1.0,8.0,150.14,47.4738135,19.0611486
5911,2.87,0.0,1.0,8.0,149.99,47.4738135,19.0611488
5912,2.87,0.0,1.0,8.0,149.85,47.4738135,19.061149
5913,2.87,0.0,1.0,8.0,149.72,47.4738135,19.061149
5914,2.87,0.0,1.0,8.0,149.59,47.4738137,19.061149
5915,2.87,0.0,1.0,8.0,149.45,47.4738138,19.0611492
5916,2.88,0.0,1.0,8.0,149.3,47.4738138,19.0611493
5917,2.88,0.0,1.0,8.0,149.16,47.4738138,19.0611493
5918,2.88,0.0,1.0,8.0,149.02,47.4738138,19.0611489
5919,2.89,0.0,1.0,8.0,148.9,47.4738137,19.0611486
5920,2.89,0.0,1.0,8.0,148.8,47.4738137,19.0611483
5921,2.89,0.0,1.0,8.0,148.72,47.4738135,19.0611483
5922,2.89,0.0,1.0,8.0,148.65,47.4738133,19.0611482
5923,2.89,0.0,1.0,8.0,148.6,47.4738132,19.0611481
5924,2.89,0.0,1.0,8.0,148.55,47.4738131,19.0611482
5925,2.89,0.0,1.0,8.0,148.49,47.473813,19.0611479
5926,2.89,0.0,1.0,8.0,148.44,47.473813,19.0611479
5927,2.89,0.0,1.0,8.0,148.39,47.4738128,19.0611477
5928,2.89,0.0,1.0,8.0,148.34,47.4738128,19.0611477
5929,2.88,0.0,1.0,8.0,148.3,47.4738128,19.0611477
5930,2.88,0.0,1.0,8.0,148.26,47.4738129,19.0611477
5931,2.88,0.0,1.0,8.0,148.23,47.4738128,19.0611476
5932,2.88,0.0,1.0,8.0,148.2,47.4738127,19.0611474
5933,2.87,0.0,1.0,8.0,148.17,47.4738126,19.0611472
5934,2.87,0.0,1.0,8.0,148.14,47.4738125,19.0611472
5935,2.87,0.0,1.0,8.0,148.12,47.4738124,19.0611471
5936,2.91,0.06,1.0,6.95,148.1,47.4738123,19.0611469
5937,2.61,0.29,1.0,3.66,148.08,47.473812,19.0611469
5938,2.16,0.56,1.0,1.21,148.06,47.4738118,19.0611469
5939,1.9,0.75,1.0,0.35,148.03,47.4738095,19.0611473
5940,1.5,0.95,1.0,0,147.98,47.4738063,19.061148
5941,1.08,1.08,1.0,0,147.87,47.4738041,19.0611483
5942,0.84,1.05,1.0,0,147.69,47.4738014,19.0611488
5943,0.79,0.99,1.0,0.72,147.43,47.4737995,19.0611489
5944,0.37,1.0,1.0,0,147.08,47.4737976,19.0611487
5945,0.12,1.0,1.0,0,146.68,47.473796,19.0611495
5946,-0.21,1.01,1.0,0,146.3,47.4737943,19.0611502
5947,-0.45,1.0,1.0,0,145.98,47.4737926,19.0611511
5948,-0.75,1.0,1.0,0.07,145.74,47.4737916,19.0611518
5949,-0.87,0.99,1.0,0.13,145.58,47.4737891,19.061152
5950,-1.3,0.99,1.0,0.06,145.5,47.4737868,19.0611518
5951,-1.6,0.96,1.0,0.58,145.45,47.4737842,19.0611518
5952,-1.88,0.87,1.0,1.78,145.4,47.4737815,19.0611518
5953,-2.22,0.8,1.0,2.26,145.35,47.473779,19.0611516
5954,-2.41,0.72,1.0,2.97,145.29,47.4737774,19.0611513
5955,-2.25,0.64,1.0,3.63,145.22,47.4737754,19.0611513
5956,-2.09,0.61,1.0,3.44,145.15,47.4737737,19.0611514
5957,-1.91,0.7,1.0,1.56,145.08,47.473772,19.0611514
5958,-1.68,0.77,1.0,1.26,145.01,47.4737703,19.0611516
5959,-1.51,0.85,1.0,0.44,144.94,47.4737677,19.061152
5960,-1.45,0.93,1.0,0,144.89,47.4737658,19.0611525
5961,-1.39,1.0,1.0,0,144.84,47.4737636,19.0611529
5962,-1.34,0.99,1.0,0.15,144.78,47.4737613,19.0611534
5963,-1.26,1.0,1.0,0,144.71,47.4737591,19.0611539
5964,-1.29,1.0,1.0,0,144.63,47.4737569,19.0611544
5965,-1.29,1.0,1.0,0.07,144.52,47.4737549,19.0611547
5966,-1.38,1.0,1.0,0,144.39,47.4737527,19.0611549
5967,-1.43,1.0,1.0,0.05,144.26,47.4737507,19.0611548
5968,-1.46,1.0,1.0,0,144.1,47.4737488,19.0611552
5969,-1.46,1.0,1.0,0.05,143.95,47.4737466,19.0611556
5970,-1.49,1.0,1.0,0,143.83,47.4737448,19.0611566
5971,-1.46,1.0,1.0,0.04,143.73,47.4737425,19.061157
5972,-1.48,1.0,1.0,0,143.63,47.4737402,19.0611576
5973,-1.51,1.0,1.0,0.01,143.58,47.4737378,19.0611583
5974,-1.53,1.0,1.0,0,143.53,47.4737352,19.0611588
5975,-1.55,1.0,1.0,0.05,143.48,47.473733,19.0611591
5976,-1.5,1.0,1.0,0,143.42,47.4737308,19.0611594
5977,-1.46,1.0,1.0,0.01,143.38,47.4737285,19.0611598
5978,-1.39,1.0,1.0,0,143.34,47.4737264,19.0611606
5979,-1.31,1.0,1.0,0.03,143.3,47.4737239,19.0611612
5980,-1.25,1.0,1.0,0,143.27,47.4737214,19.0611623
5981,-1.3,1.0,1.0,0.02,143.23,47.4737191,19.0611627
5982,-1.32,0.99,1.0,0.08,143.2,47.4737167,19.0611633
5983,-1.24,0.99,1.0,0.1,143.2,47.4737143,19.0611643
5984,-1.46,0.99,1.0,0.09,143.25,47.4737119,19.0611647
5985,-1.52,0.95,1.0,0.73,143.32,47.4737095,19.0611656
5986,-1.56,0.88,1.0,1.66,143.44,47.4737069,19.061167
5987,-1.67,0.88,1.0,0.93,143.56,47.4737044,19.0611685
5988,-1.99,0.88,1.0,1.03,143.67,47.4737032,19.061169
5989,-2.28,0.86,1.0,1.33,143.8,47.4737015,19.0611702
5990,-2.7,0.8,1.0,2.15,143.86,47.4736994,19.0611714
5991,-3.11,0.8,0.6,0,143.93,47.4736974,19.0611727
5992,-3.32,0.71,0.6,0,143.95,47.473696,19.0611723
5993,-3.32,0.64,0.6,0.36,143.88,47.4736947,19.0611731
5994,-3.21,0.58,0.6,0.67,143.53,47.4736941,19.0611727
5995,-3.09,0.6,0.6,0,143.17,47.4736936,19.0611724
5996,-2.87,0.59,1.0,6.82,142.86,47.4736945,19.0611732
5997,-2.77,0.6,1.0,3.18,142.62,47.4736938,19.0611745
5998,-2.88,0.6,1.0,3.2,142.39,47.4736922,19.0611756
5999,-2.95,0.6,1.0,3.17,142.47,47.4736909,19.0611764
6000,-2.96,0.6,1.0,3.21,142.65,47.4736884,19.0611768
6001,-3.06,0.6,0.6,0,142.85,47.473689,19.0611775
6002,-3.24,0.6,0.6,0.04,143.12,47.4736894,19.061178
6003,-3.24,0.6,0.6,0,143.47,47.4736901,19.0611787
6004,-3.17,0.6,0.6,0.02,143.79,47.4736903,19.0611791
6005,-3.26,0.6,0.6,0,144.13,47.4736886,19.0611798
6006,-3.28,0.6,0.6,0,144.41,47.4736868,19.0611814
6007,-3.25,0.6,0.6,0,144.63,47.4736851,19.061183
6008,-3.1,0.6,0.6,0.01,144.83,47.4736827,19.061184
6009,-3.05,0.61,0.6,0,144.99,47.473681,19.0611849
6010,-2.95,0.6,1.0,6.66,145.1,47.4736796,19.0611851
6011,-2.8,0.6,1.0,3.29,145.17,47.4736786,19.0611856
6012,-2.66,0.6,1.0,3.14,145.23,47.4736776,19.0611863
6013,-2.68,0.6,1.0,3.21,145.28,47.4736764,19.0611866
6014,-2.57,0.59,1.0,3.29,145.31,47.4736752,19.0611871
6015,-2.36,0.6,1.0,3.13,145.32,47.473674,19.0611874
6016,-2.17,0.61,1.0,3.12,145.33,47.4736729,19.0611878
6017,-2.04,0.63,1.0,2.7,145.33,47.4736721,19.0611881
6018,-1.97,0.54,1.0,4.44,145.35,47.4736707,19.0611884
6019,-1.91,0.43,1.0,5.52,145.38,47.4736689,19.0611889
6020,-1.88,0.31,1.0,6.62,145.41,47.4736672,19.0611894
6021,-1.94,0.19,1.0,7.59,145.46,47.4736665,19.0611896
6022,-1.93,0.03,1.0,8.7,145.51,47.473666,19.0611899
6023,-1.89,0.0,1.0,8.21,145.56,47.4736653,19.0611901
6024,-1.89,0.0,1.0,8.04,145.59,47.4736646,19.0611902
6025,-1.89,0.0,1.0,8.0,145.62,47.473664,19.0611904
6026,-1.9,0.0,1.0,8.0,145.65,47.4736635,19.0611905
6027,-1.9,0.0,1.0,8.0,145.66,47.4736629,19.0611906
6028,-1.9,0.0,1.0,8.0,145.66,47.4736624,19.0611907
6029,-1.89,0.0,1.0,7.99,145.64,47.4736621,19.0611906
6030,-1.81,0.0,1.0,7.98,145.63,47.4736618,19.0611903
6031,-1.77,0.0,1.0,7.99,145.61,47.4736614,19.0611901
6032,-1.73,0.01,1.0,7.79,145.59,47.4736608,19.0611896
6033,-1.65,0.02,1.0,7.86,145.59,47.4736606,19.061189
6034,-1.6,0.05,1.0,7.32,145.56,47.4736606,19.0611885
6035,-1.53,0.25,1.0,4.6,145.53,47.4736605,19.0611877
6036,-1.32,0.43,1.0,3.26,145.5,47.4736606,19.0611873
6037,-1.0,0.53,1.0,2.87,145.47,47.473659,19.0611861
6038,-0.73,0.67,1.0,1.45,145.43,47.4736569,19.0611848
6039,-0.57,0.9,1.0,0,145.41,47.4736552,19.0611832
6040,-0.46,0.96,1.0,0,145.41,47.4736541,19.061182
6041,-0.43,1.05,1.0,0,145.4,47.473652,19.0611798
6042,-0.49,1.21,1.0,0,145.41,47.4736494,19.0611775
6043,-0.65,1.46,1.0,0,145.43,47.4736468,19.0611753
6044,-0.66,1.45,1.0,0,145.45,47.4736443,19.061172
6045,-0.77,1.26,1.0,0,145.45,47.4736413,19.0611679
6046,-0.82,1.0,1.0,1.68,145.45,47.4736386,19.0611641
6047,-0.8,0.91,1.0,1.35,145.53,47.4736373,19.061162
6048,-0.68,0.8,1.0,2.48,145.69,47.4736368,19.0611621
6049,-0.75,0.9,1.0,0.02,145.87,47.4736371,19.0611617
6050,-0.7,1.06,1.0,0,146.08,47.473636,19.0611621
6051,-0.68,1.3,1.0,0,146.31,47.4736321,19.0611594
6052,-0.8,1.43,1.0,0,146.45,47.4736292,19.0611574
6053,-0.97,1.49,1.0,0,146.54,47.4736267,19.0611546
6054,-0.99,1.47,1.0,0,146.61,47.4736244,19.0611518
6055,-1.09,1.53,1.0,0,146.67,47.4736216,19.0611483
6056,-1.21,1.56,1.0,0,146.72,47.4736184,19.0611448
6057,-1.21,1.57,1.0,0,146.76,47.4736155,19.0611411
6058,-1.2,1.52,1.0,0,146.79,47.4736129,19.061138
6059,-1.26,1.41,1.0,0,146.84,47.4736106,19.061135
6060,-1.27,1.29,1.0,0,146.9,47.4736077,19.0611314
6061,-1.32,1.07,1.0,1.43,146.98,47.4736056,19.0611286
6062,-1.39,0.76,1.0,4.69,147.06,47.4736044,19.0611265
6063,-1.48,0.61,1.0,4.33,147.14,47.4736038,19.0611252
6064,-1.51,0.5,1.0,5.0,147.19,47.473604,19.061125
6065,-1.48,0.34,1.0,6.73,147.22,47.4736034,19.0611239
6066,-1.41,0.28,1.0,6.28,147.22,47.4736021,19.0611222
6067,-1.34,0.27,1.0,5.89,147.21,47.4736022,19.0611223
6068,-1.26,0.12,1.0,8.43,147.19,47.4736023,19.0611229
6069,-1.13,0.01,1.0,8.81,147.17,47.4736023,19.0611224
6070,-1.1,0.0,1.0,8.08,147.14,47.4736022,19.0611221
6071,-1.09,0.0,1.0,8.0,147.12,47.4736022,19.0611219
6072,-1.1,0.0,1.0,8.01,147.1,47.4736023,19.0611217
6073,-1.1,0.0,1.0,8.0,147.09,47.4736022,19.0611216
6074,-1.1,0.0,1.0,8.0,147.08,47.4736021,19.0611214
6075,-1.11,0.0,1.0,8.0,147.07,47.473602,19.0611212
6076,-1.11,0.0,1.0,8.0,147.06,47.473602,19.0611212
6077,-1.11,0.0,1.0,8.0,147.05,47.473602,19.0611211
6078,-1.12,0.0,1.0,8.0,147.05,47.473602,19.061121
6079,-1.12,0.0,1.0,8.0,147.04,47.473602,19.0611209
6080,-1.12,0.01,1.0,7.87,147.04,47.4736021,19.0611207
6081,-1.11,0.01,1.0,7.91,147.04,47.4736021,19.0611206
6082,-1.11,0.01,1.0,7.92,147.05,47.473602,19.0611205
6083,-1.11,0.01,1.0,7.92,147.06,47.473602,19.0611204
6084,-1.11,0.01,1.0,7.92,147.08,47.4736024,19.0611203
6085,-1.11,0.0,1.0,8.05,147.1,47.4736027,19.0611201
6086,-1.12,0.0,1.0,8.02,147.12,47.4736028,19.0611201
6087,-1.12,0.0,1.0,8.0,147.14,47.4736029,19.0611201
6088,-1.13,0.0,1.0,8.0,147.15,47.4736029,19.06112
6089,-1.13,0.0,1.0,8.0,147.16,47.473603,19.06112
6090,-1.14,0.0,1.0,8.0,147.18,47.4736029,19.0611199
6091,-1.14,0.0,1.0,8.0,147.19,47.473603,19.0611199
6092,-1.14,0.0,1.0,8.0,147.2,47.473603,19.06112
6093,-1.14,0.0,1.0,8.0,147.22,47.4736032,19.0611201
6094,-1.15,0.0,1.0,8.0,147.25,47.4736034,19.06112
6095,-1.15,0.0,1.0,8.0,147.29,47.4736036,19.06112
6096,-1.15,0.0,1.0,8.0,147.32,47.4736038,19.0611201
6097,-1.16,0.0,1.0,8.0,147.35,47.473604,19.06112
6098,-1.16,0.0,1.0,7.99,147.38,47.4736042,19.0611197
6099,-1.18,0.0,1.0,7.96,147.37,47.4736043,19.0611196
6100,-1.22,0.0,1.0,7.97,147.36,47.4736043,19.0611194
6101,-1.27,0.0,1.0,7.97,147.34,47.4736045,19.0611185
6102,-1.33,0.0,1.0,7.96,147.31,47.4736047,19.0611182
6103,-1.4,0.0,1.0,7.98,147.29,47.4736048,19.0611181
6104,-1.43,0.0,1.0,8.0,147.28,47.4736049,19.061118
6105,-1.44,0.0,1.0,8.0,147.27,47.473605,19.061118
6106,-1.43,0.0,1.0,7.99,147.24,47.4736051,19.0611181
6107,-1.43,0.0,1.0,8.01,147.2,47.4736051,19.0611182
6108,-1.41,0.0,1.0,8.0,147.15,47.4736053,19.0611185
6109,-1.4,0.0,1.0,8.0,147.08,47.4736055,19.061119
6110,-1.4,0.0,1.0,8.0,147.01,47.4736057,19.0611193
6111,-1.37,0.05,1.0,7.2,146.95,47.4736059,19.0611195
6112,-1.35,0.23,1.0,4.69,146.9,47.4736062,19.0611198
6113,-1.34,0.42,1.0,3.04,146.86,47.4736064,19.0611203
6114,-1.3,0.62,1.0,1.39,146.84,47.4736054,19.0611195
6115,-1.28,0.82,1.0,0,146.82,47.4736034,19.0611179
6116,-1.32,0.97,1.0,0,146.81,47.4736015,19.0611162
6117,-1.34,0.99,1.0,0,146.8,47.4735996,19.0611147
6118,-1.38,1.0,1.0,0,146.8,47.4735976,19.0611133
6119,-1.4,1.0,1.0,0.02,146.79,47.4735959,19.0611117
6120,-1.37,1.0,1.0,0.03,146.77,47.473594,19.0611102
6121,-1.29,1.0,1.0,0,146.75,47.4735921,19.0611087
6122,-1.16,1.0,1.0,0.02,146.73,47.4735902,19.061107
6123,-0.97,1.0,1.0,0.02,146.69,47.4735884,19.0611054
6124,-0.8,1.0,1.0,0.05,146.65,47.4735865,19.0611038
6125,-0.63,1.0,1.0,0,146.62,47.4735846,19.0611022
6126,-0.45,1.0,1.0,0.03,146.58,47.4735827,19.0611005
6127,-0.33,1.0,1.0,0.04,146.55,47.4735808,19.0610989
6128,-0.27,0.99,1.0,0.07,146.51,47.473579,19.0610972
6129,-0.29,1.0,1.0,0.03,146.47,47.4735772,19.0610955
6130,-0.38,0.99,1.0,0.06,146.4,47.4735754,19.0610939
6131,-0.56,0.99,1.0,0.05,146.3,47.4735736,19.0610925
6132,-0.7,0.99,1.0,0.05,146.19,47.4735722,19.0610912
6133,-0.84,1.0,1.0,0.01,146.08,47.473571,19.0610898
6134,-0.9,0.99,1.0,0.08,145.99,47.4735691,19.061088
6135,-0.94,0.99,1.0,0.06,145.93,47.4735671,19.0610863
6136,-0.94,0.99,1.0,0.06,145.9,47.4735653,19.0610848
6137,-0.95,0.99,1.0,0.06,145.87,47.4735635,19.0610829
6138,-0.92,0.99,1.0,0.04,145.83,47.4735617,19.0610813
6139,-0.95,1.0,1.0,0.01,145.78,47.4735602,19.0610797
6140,-0.97,1.0,1.0,0.03,145.74,47.4735587,19.061078
6141,-0.99,1.0,1.0,0.02,145.69,47.473557,19.0610763
6142,-1.05,1.0,1.0,0.04,145.67,47.473555,19.0610747
6143,-1.15,1.0,1.0,0.05,145.65,47.4735532,19.0610728
6144,-1.16,1.0,1.0,0.04,145.66,47.4735514,19.0610711
6145,-1.18,1.0,1.0,0.01,145.68,47.4735494,19.0610694
6146,-1.19,1.0,1.0,0.06,145.69,47.473548,19.0610681
6147,-1.21,1.0,1.0,0.02,145.69,47.473546,19.0610662
6148,-1.23,1.0,1.0,0.03,145.69,47.4735441,19.0610644
6149,-1.3,1.0,1.0,0.03,145.67,47.4735424,19.0610625
6150,-1.32,0.99,1.0,0.07,145.65,47.4735406,19.0610608
6151,-1.29,0.99,1.0,0.05,145.63,47.4735386,19.061059
6152,-1.21,0.99,1.0,0.05,145.62,47.4735368,19.0610574
6153,-1.13,0.99,1.0,0.03,145.62,47.4735349,19.0610556
6154,-1.02,1.0,1.0,0.01,145.61,47.4735329,19.0610539
6155,-0.97,1.0,1.0,0.01,145.61,47.473531,19.0610525
6156,-0.95,1.0,1.0,0,145.6,47.4735291,19.0610508
6157,-0.95,1.0,1.0,0,145.6,47.4735272,19.061049
6158,-0.99,1.0,1.0,0.02,145.6,47.4735253,19.0610476
6159,-1.04,1.0,1.0,0.01,145.61,47.4735233,19.0610459
6160,-1.14,1.0,1.0,0.05,145.62,47.4735213,19.061044
6161,-1.27,1.0,1.0,0.03,145.65,47.4735193,19.0610425
6162,-1.3,1.0,1.0,0.05,145.67,47.4735173,19.0610409
6163,-1.3,1.0,1.0,0.02,145.7,47.4735154,19.0610394
6164,-1.27,1.0,1.0,0.05,145.71,47.4735135,19.0610379
6165,-1.21,1.0,1.0,0,145.73,47.4735116,19.0610362
6166,-1.06,1.0,1.0,0.03,145.74,47.4735096,19.0610346
6167,-1.1,1.0,1.0,0,145.75,47.4735078,19.0610329
6168,-1.08,1.0,1.0,0,145.77,47.4735059,19.0610315
6169,-1.11,1.0,1.0,0,145.78,47.4735039,19.0610299
6170,-1.14,1.0,1.0,0.05,145.79,47.4735019,19.0610282
6171,-1.21,1.0,1.0,0.0,145.82,47.4734999,19.0610266
6172,-1.17,1.0,1.0,0.07,145.85,47.4734982,19.0610251
6173,-1.18,0.99,1.0,0.06,145.92,47.4734962,19.0610233
6174,-1.13,0.99,1.0,0.08,145.98,47.4734942,19.0610215
6175,-1.01,0.99,1.0,0.05,146.05,47.473492,19.0610202
6176,-0.87,0.99,1.0,0.06,146.11,47.47349,19.0610182
6177,-0.81,0.99,1.0,0.07,146.17,47.473488,19.0610163
6178,-0.73,1.0,1.0,0.02,146.2,47.4734859,19.0610146
6179,-0.74,1.0,1.0,0.01,146.23,47.4734838,19.0610128
6180,-0.79,0.99,1.0,0.07,146.26,47.4734818,19.0610111
6181,-0.93,0.99,1.0,0.05,146.28,47.4734798,19.0610092
6182,-0.95,1.0,1.0,0.0,146.29,47.4734777,19.0610076
6183,-0.92,0.99,1.0,0.06,146.3,47.4734757,19.0610059
6184,-0.75,0.99,1.0,0.07,146.31,47.4734736,19.061004
6185,-0.63,1.0,1.0,0.01,146.31,47.473472,19.0610027
6186,-0.45,1.0,1.0,0.02,146.32,47.47347,19.061001
6187,-0.38,1.0,1.0,0.02,146.32,47.4734683,19.060999
6188,-0.42,1.0,1.0,0.02,146.31,47.4734663,19.0609975
6189,-0.54,1.0,1.0,0,146.3,47.4734645,19.0609956
6190,-0.64,1.0,1.0,0,146.3,47.4734625,19.0609939
6191,-0.75,1.0,1.0,0.03,146.28,47.4734607,19.0609921
6192,-0.79,1.0,1.0,0.03,146.27,47.4734588,19.0609904
6193,-0.78,1.0,1.0,0.01,146.28,47.473457,19.0609885
6194,-0.7,1.0,1.0,0.03,146.27,47.473455,19.060987
6195,-0.59,1.0,1.0,0.01,146.26,47.4734534,19.0609852
6196,-0.43,1.0,1.0,0.06,146.25,47.4734516,19.0609838
6197,-0.36,0.99,1.0,0.08,146.24,47.4734499,19.0609821
6198,-0.33,1.0,1.0,0,146.23,47.4734482,19.0609805
6199,-0.38,0.99,1.0,0.1,146.23,47.4734463,19.0609787
6200,-0.45,0.99,1.0,0.03,146.24,47.4734445,19.0609769
6201,-0.59,1.0,1.0,0,146.24,47.4734427,19.0609751
6202,-0.61,1.0,1.0,0,146.24,47.4734409,19.0609733
6203,-0.62,1.0,1.0,0.02,146.23,47.4734393,19.0609714
6204,-0.59,1.0,1.0,0,146.22,47.4734376,19.0609695
6205,-0.57,1.0,1.0,0.02,146.21,47.4734359,19.0609677
6206,-0.49,1.0,1.0,0.05,146.21,47.4734341,19.060966
6207,-0.51,0.99,1.0,0.1,146.21,47.4734323,19.0609641
6208,-0.52,0.99,1.0,0.06,146.21,47.4734305,19.0609619
6209,-0.55,0.99,1.0,0.05,146.22,47.4734286,19.0609602
6210,-0.58,0.99,1.0,0.1,146.23,47.4734266,19.0609584
6211,-0.65,0.99,1.0,0.06,146.24,47.4734247,19.0609565
6212,-0.7,1.0,1.0,0.01,146.25,47.4734227,19.0609546
6213,-0.68,0.99,1.0,0.07,146.26,47.4734207,19.0609527
6214,-0.73,1.0,1.0,0.01,146.28,47.4734188,19.0609513
6215,-0.72,1.0,1.0,0,146.28,47.4734168,19.0609494
6216,-0.85,0.99,1.0,0.08,146.28,47.4734148,19.0609477
6217,-0.81,1.0,1.0,0.03,146.27,47.4734128,19.0609458
6218,-0.91,0.97,1.0,0.38,146.25,47.4734108,19.0609441
6219,-0.95,0.98,1.0,0.07,146.24,47.4734091,19.0609421
6220,-0.97,0.98,1.0,0.22,146.22,47.4734071,19.0609398
6221,-0.93,0.98,1.0,0.08,146.22,47.473405,19.0609377
6222,-0.94,0.99,1.0,0.11,146.22,47.4734032,19.0609359
6223,-1.01,1.0,1.0,0,146.23,47.4734013,19.0609341
6224,-0.89,1.0,1.0,0.11,146.24,47.4733994,19.0609325
6225,-0.85,1.0,1.0,0,146.28,47.4733973,19.0609307
6226,-0.71,1.0,1.0,0,146.32,47.4733957,19.0609293
6227,-0.63,1.0,1.0,0.05,146.34,47.4733941,19.0609276
6228,-0.42,1.0,1.0,0,146.37,47.4733925,19.0609261
6229,-0.42,1.0,1.0,0,146.39,47.4733907,19.0609244
6230,-0.36,1.0,1.0,0.08,146.39,47.473389,19.0609225
6231,-0.38,0.99,1.0,0.07,146.39,47.4733871,19.0609205
6232,-0.38,0.99,1.0,0.05,146.39,47.4733851,19.0609191
6233,-0.45,0.99,1.0,0.06,146.39,47.4733832,19.0609173
6234,-0.48,0.99,1.0,0.04,146.39,47.4733813,19.0609155
6235,-0.45,1.0,1.0,0,146.39,47.4733793,19.0609137
6236,-0.44,1.0,1.0,0.03,146.39,47.4733775,19.060912
6237,-0.45,0.99,1.0,0.08,146.39,47.4733754,19.0609103
6238,-0.44,1.0,1.0,0,146.39,47.4733736,19.0609087
6239,-0.43,1.0,1.0,0.05,146.4,47.4733717,19.0609067
6240,-0.5,0.99,1.0,0.05,146.4,47.4733697,19.0609051
6241,-0.47,1.0,1.0,0,146.38,47.4733679,19.0609032
6242,-0.47,1.01,1.0,0,146.37,47.4733659,19.060901
6243,-0.46,1.0,1.0,0.07,146.38,47.473364,19.0608991
6244,-0.46,1.0,1.0,0,146.39,47.4733624,19.0608971
6245,-0.45,1.0,1.0,0.01,146.39,47.4733605,19.0608952
6246,-0.43,0.99,1.0,0.18,146.41,47.4733586,19.0608933
6247,-0.43,0.99,1.0,0.0,146.42,47.4733569,19.0608916
6248,-0.33,1.0,1.0,0,146.42,47.4733553,19.06089
6249,-0.28,1.0,1.0,0.01,146.41,47.4733535,19.0608881
6250,-0.24,1.0,1.0,0,146.42,47.4733514,19.0608863
6251,-0.25,1.01,1.0,0,146.43,47.4733494,19.0608844
6252,-0.24,1.0,1.0,0.02,146.43,47.4733476,19.0608826
6253,-0.36,1.0,1.0,0.02,146.42,47.4733452,19.0608811
6254,-0.4,1.0,1.0,0.03,146.4,47.4733435,19.0608791
6255,-0.43,1.0,1.0,0.07,146.39,47.4733414,19.0608775
6256,-0.41,1.0,1.0,0.04,146.38,47.4733395,19.0608753
6257,-0.46,0.99,1.0,0.1,146.37,47.4733375,19.0608735
6258,-0.42,0.99,1.0,0.02,146.34,47.4733355,19.0608721
6259,-0.47,0.99,1.0,0.06,146.34,47.4733339,19.0608705
6260,-0.54,1.0,1.0,0,146.35,47.4733323,19.0608681
6261,-0.59,1.0,1.0,0.03,146.34,47.4733297,19.0608666
6262,-0.5,1.0,1.0,0,146.36,47.4733279,19.060865
6263,-0.39,1.0,1.0,0.03,146.38,47.4733259,19.0608632
6264,-0.34,1.0,1.0,0,146.4,47.4733239,19.0608616
6265,-0.37,1.0,1.0,0.04,146.42,47.4733222,19.0608596
6266,-0.49,1.0,1.0,0,146.45,47.4733198,19.0608581
6267,-0.61,1.01,1.0,0,146.46,47.4733179,19.0608563
6268,-0.73,1.01,1.0,0,146.49,47.473316,19.0608544
6269,-0.73,1.0,1.0,0.03,146.5,47.473314,19.0608524
6270,-0.65,1.0,1.0,0,146.51,47.4733118,19.0608506
6271,-0.44,1.0,1.0,0.09,146.5,47.4733101,19.0608496
6272,-0.34,0.99,1.0,0.08,146.46,47.4733078,19.0608475
6273,-0.16,0.99,1.0,0.07,146.4,47.4733063,19.0608456
6274,-0.04,1.0,1.0,0,146.37,47.473305,19.0608448
6275,0.1,1.0,1.0,0.01,146.35,47.4733029,19.0608428
6276,0.12,1.0,1.0,0,146.37,47.4733005,19.0608404
6277,0.21,1.0,1.0,0,146.43,47.4732983,19.0608392
6278,0.2,1.0,1.0,0,146.49,47.4732963,19.0608374
6279,0.19,1.0,1.0,0.01,146.53,47.4732943,19.0608357
6280,0.15,1.0,1.0,0.02,146.58,47.4732922,19.0608336
6281,0.13,1.0,1.0,0.02,146.64,47.4732903,19.0608314
6282,0.11,1.0,1.0,0,146.71,47.473288,19.0608286
6283,0.08,1.0,1.0,0.08,146.79,47.4732856,19.0608271
6284,0.04,1.0,1.0,0.02,146.91,47.4732835,19.0608253
6285,-0.06,0.99,1.0,0.06,147.0,47.4732814,19.0608233
6286,-0.2,1.0,1.0,0.02,147.11,47.4732793,19.0608214
6287,-0.32,0.99,1.0,0.08,147.22,47.4732776,19.0608198
6288,-0.45,1.0,1.0,0,147.34,47.4732758,19.0608177
6289,-0.52,0.99,1.0,0.09,147.42,47.4732737,19.0608166
6290,-0.57,0.99,1.0,0.07,147.52,47.4732716,19.0608148
6291,-0.51,0.99,1.0,0.05,147.6,47.4732697,19.060813
6292,-0.52,1.0,1.0,0.03,147.68,47.4732672,19.0608115
6293,-0.56,0.99,1.0,0.09,147.73,47.4732651,19.0608102
6294,-0.59,1.0,1.0,0,147.85,47.4732629,19.0608085
6295,-0.55,1.0,1.0,0,147.94,47.4732606,19.0608077
6296,-0.46,1.0,1.0,0,148.05,47.4732583,19.0608055
6297,-0.22,1.0,1.0,0.04,148.19,47.4732554,19.0608037
6298,0.05,1.0,1.0,0,148.32,47.4732535,19.0608024
6299,0.24,1.0,1.0,0.05,148.39,47.4732521,19.0608003
6300,0.21,1.0,1.0,0.0,148.46,47.4732497,19.060799
6301,0.02,1.0,1.0,0.04,148.53,47.4732475,19.0607974
6302,-0.36,1.0,1.0,0,148.54,47.4732457,19.0607962
6303,-0.72,1.0,1.0,0.04,148.54,47.473244,19.0607948
6304,-1.03,1.0,1.0,0.05,148.54,47.4732431,19.0607927
6305,-1.17,0.99,1.0,0.06,148.51,47.4732418,19.0607912
6306,-1.29,0.99,1.0,0.06,148.46,47.4732404,19.0607891
6307,-1.37,0.99,1.0,0.06,148.42,47.4732383,19.0607871
6308,-1.48,1.0,1.0,0,148.39,47.4732366,19.0607852
6309,-1.61,1.0,1.0,0,148.36,47.4732352,19.0607832
6310,-1.76,1.0,1.0,0,148.35,47.4732333,19.0607822
6311,-1.96,0.98,1.0,0.33,148.35,47.4732316,19.0607795
6312,-2.11,0.89,1.0,1.62,148.36,47.4732297,19.0607776
6313,-2.27,0.81,1.0,2.01,148.35,47.473228,19.0607754
6314,-2.38,0.73,1.0,2.86,148.38,47.4732269,19.0607739
6315,-2.44,0.65,1.0,3.47,148.38,47.4732255,19.0607727
6316,-2.46,0.6,1.0,3.73,148.35,47.4732247,19.0607717
6317,-2.49,0.6,1.0,3.17,148.31,47.473223,19.0607711
6318,-2.51,0.6,1.0,3.24,148.26,47.4732219,19.0607693
6319,-2.55,0.6,1.0,3.22,148.19,47.4732201,19.0607681
6320,-2.61,0.6,1.0,3.22,148.13,47.4732187,19.0607672
6321,-2.65,0.6,1.0,3.25,148.1,47.4732181,19.0607652
6322,-2.69,0.6,1.0,3.21,148.07,47.473217,19.0607641
6323,-2.74,0.6,1.0,3.17,148.04,47.4732155,19.0607628
6324,-2.78,0.6,1.0,3.21,148.02,47.4732141,19.0607619
6325,-2.81,0.6,1.0,3.22,148.0,47.4732133,19.0607615
6326,-2.85,0.6,1.0,3.17,147.96,47.4732124,19.0607603
6327,-2.89,0.6,1.0,3.18,147.91,47.4732115,19.060759
6328,-2.93,0.6,1.0,3.23,147.86,47.4732107,19.0607574
6329,-2.96,0.6,1.0,3.19,147.81,47.4732098,19.0607556
6330,-3.01,0.6,0.6,0,147.77,47.473209,19.060754
6331,-3.05,0.6,0.6,0.02,147.73,47.4732076,19.0607527
6332,-3.07,0.6,0.6,0.01,147.74,47.4732063,19.0607511
6333,-3.1,0.6,0.6,0.03,147.77,47.4732051,19.0607502
6334,-3.12,0.6,0.6,0.01,147.78,47.4732039,19.0607492
6335,-3.12,0.6,0.6,0,147.82,47.4732026,19.0607473
6336,-3.14,0.6,0.6,0,147.84,47.4732016,19.0607454
6337,-3.17,0.6,0.6,0,147.84,47.4732002,19.0607435
6338,-3.22,0.6,0.6,0.01,147.82,47.4731988,19.0607418
6339,-3.3,0.6,0.6,0,147.82,47.4731976,19.0607404
6340,-3.42,0.6,0.6,0,147.78,47.4731967,19.0607389
6341,-3.54,0.6,0.6,0.03,147.78,47.4731956,19.0607375
6342,-3.66,0.59,0.6,0.07,147.77,47.473194,19.0607365
6343,-3.73,0.59,0.6,0.04,147.77,47.4731928,19.0607348
6344,-3.68,0.59,0.6,0.06,147.76,47.4731917,19.0607339
6345,-3.57,0.6,0.6,0,147.77,47.4731904,19.0607333
6346,-3.39,0.6,0.6,0.03,147.78,47.473189,19.0607322
6347,-3.19,0.6,0.6,0.04,147.82,47.4731876,19.0607305
6348,-3.0,0.6,0.6,0,147.86,47.4731859,19.0607307
6349,-2.9,0.6,1.0,6.49,147.93,47.4731844,19.0607305
6350,-2.82,0.6,1.0,3.27,147.99,47.4731829,19.0607295
6351,-2.83,0.6,1.0,3.19,148.07,47.4731809,19.060729
6352,-2.81,0.6,1.0,3.19,148.14,47.473179,19.0607285
6353,-2.76,0.6,1.0,3.2,148.19,47.4731775,19.0607277
6354,-2.7,0.6,1.0,3.15,148.27,47.4731753,19.0607277
6355,-2.64,0.6,1.0,3.18,148.31,47.4731742,19.0607267
6356,-2.71,0.6,1.0,3.22,148.33,47.4731723,19.0607264
6357,-2.88,0.6,1.0,3.16,148.34,47.473171,19.0607253
6358,-3.07,0.6,0.6,0,148.38,47.47317,19.0607246
6359,-3.29,0.6,0.6,0.01,148.38,47.4731685,19.0607235
6360,-3.56,0.6,0.6,0.02,148.39,47.4731667,19.0607226
6361,-3.65,0.6,0.6,0,148.4,47.4731659,19.0607214
6362,-3.7,0.6,0.6,0.01,148.41,47.4731646,19.0607201
6363,-3.8,0.6,0.6,0.05,148.39,47.4731633,19.0607191
6364,-3.87,0.59,0.6,0.06,148.45,47.4731625,19.0607181
6365,-3.93,0.6,0.6,0,148.56,47.4731619,19.060717
6366,-4.0,0.6,0.6,0.06,148.67,47.4731606,19.0607166
6367,-4.07,0.6,0.6,0.02,148.66,47.4731587,19.0607163
6368,-4.13,0.6,0.6,0.02,148.64,47.4731574,19.0607142
6369,-4.17,0.59,0.6,0.07,148.54,47.4731566,19.0607115
6370,-4.13,0.59,0.6,0.08,148.38,47.4731554,19.0607092
6371,-4.14,0.6,0.6,0.02,148.21,47.4731547,19.0607079
6372,-4.13,0.6,0.6,0.04,148.08,47.4731546,19.0607072
6373,-4.14,0.6,0.6,0,147.99,47.4731536,19.060706
6374,-4.17,0.6,0.6,0.03,147.94,47.473152,19.0607048
6375,-4.27,0.59,0.6,0.13,147.87,47.4731508,19.0607037
6376,-4.36,0.49,0.6,1.81,147.77,47.4731491,19.0607029
6377,-4.45,0.37,0.6,2.87,147.66,47.4731482,19.0607012
6378,-4.6,0.25,0.6,3.92,147.56,47.4731489,19.0606987
6379,-4.6,0.13,0.6,4.76,147.44,47.4731492,19.0606968
6380,-4.4,0.02,0.6,5.57,147.36,47.4731503,19.0606963
6381,-3.83,0.01,0.6,4.88,147.44,47.4731506,19.0606961
6382,-2.62,0.01,1.0,11.44,147.68,47.4731512,19.0606968
6383,-0.99,0.01,1.0,7.93,147.92,47.4731509,19.0606968
6384,0.64,0.01,1.0,7.94,148.22,47.4731505,19.0606981
6385,2.06,0.04,1.0,7.39,148.58,47.4731518,19.060698
6386,3.11,0.05,1.4,14.19,148.97,47.4731507,19.0606988
6387,3.52,0.05,1.4,10.82,149.4,47.4731491,19.0607016
6388,3.52,0.05,1.4,10.8,149.84,47.4731468,19.0607056
6389,3.27,0.05,1.4,10.81,150.26,47.4731447,19.0607095
6390,3.04,0.03,1.4,11.17,150.57,47.4731439,19.0607102
6391,2.84,0.16,1.0,1.99,150.8,47.4731434,19.0607108
6392,2.63,0.16,1.0,6.71,150.91,47.4731437,19.06071
6393,2.52,0.25,1.0,5.17,151.01,47.4731429,19.06071
6394,2.51,0.35,1.0,4.42,151.06,47.473143,19.0607088
6395,2.55,0.44,1.0,3.73,151.14,47.4731434,19.0607094
6396,2.51,0.4,1.0,5.19,151.2,47.473144,19.0607107
6397,2.51,0.49,1.0,3.23,151.26,47.4731445,19.0607113
6398,2.39,0.5,1.0,4.0,151.29,47.4731456,19.060712
6399,2.31,0.5,1.0,4.0,151.38,47.4731461,19.060713
6400,2.25,0.49,1.0,4.12,151.45,47.4731469,19.0607135
6401,2.22,0.48,1.0,4.3,151.47,47.4731476,19.0607142
6402,2.19,0.46,1.0,4.47,151.5,47.4731477,19.0607145
6403,2.22,0.44,1.0,4.63,151.52,47.4731483,19.0607145
6404,2.23,0.43,1.0,4.67,151.51,47.4731496,19.0607155
6405,2.22,0.38,1.0,5.38,151.52,47.4731509,19.0607163
6406,2.28,0.3,1.0,6.33,151.53,47.4731515,19.0607171
6407,2.44,0.22,1.0,6.99,151.52,47.4731524,19.0607178
6408,2.66,0.14,1.0,7.56,151.49,47.4731527,19.0607171
6409,2.92,0.05,1.0,8.09,151.48,47.4731535,19.0607157
6410,3.18,0.02,1.4,14.0,151.47,47.4731533,19.0607143
6411,3.38,0.01,1.4,11.19,151.48,47.4731535,19.0607143
6412,3.48,0.01,1.4,11.1,151.47,47.4731534,19.0607138
6413,3.48,0.01,1.4,11.16,151.52,47.4731531,19.0607132
6414,3.48,0.01,1.4,11.15,151.55,47.4731525,19.0607125
6415,3.49,0.0,1.4,11.21,151.58,47.4731521,19.0607121
6416,3.47,0.0,1.4,11.19,151.61,47.4731517,19.0607115
6417,3.46,0.0,1.4,11.21,151.66,47.4731515,19.0607108
6418,3.46,0.0,1.4,11.21,151.7,47.4731512,19.0607101
6419,3.47,0.08,1.4,9.89,151.75,47.473151,19.0607094
6420,3.5,0.28,1.4,7.19,151.79,47.4731507,19.0607087
6421,3.46,0.56,1.4,4.2,151.87,47.4731507,19.0607083
6422,3.4,0.83,1.4,2.15,151.96,47.4731516,19.0607093
6423,3.06,1.11,1.4,0,152.04,47.4731536,19.0607107
6424,2.55,1.29,1.0,0,152.1,47.473156,19.0607127
6425,2.05,1.29,1.0,0,152.17,47.4731587,19.0607155
6426,1.72,1.21,1.0,0,152.2,47.4731611,19.0607171
6427,1.47,1.13,1.0,0,152.2,47.4731624,19.0607182
6428,1.46,1.05,1.0,0.3,152.21,47.4731641,19.0607199
6429,1.45,0.8,1.0,3.79,152.22,47.473166,19.060721
6430,1.51,0.62,1.0,4.75,152.19,47.4731681,19.0607227
6431,1.45,0.41,1.0,6.48,152.15,47.4731682,19.0607233
6432,1.35,0.21,1.0,7.96,152.11,47.4731682,19.0607234
6433,1.28,0.05,1.0,8.97,152.04,47.473168,19.0607233
6434,1.37,0.06,1.0,7.41,152.0,47.4731681,19.0607232
6435,1.38,0.07,1.0,7.41,151.99,47.4731682,19.0607233
6436,1.38,0.07,1.0,7.42,152.01,47.4731686,19.0607237
6437,1.38,0.09,1.0,7.12,152.06,47.4731691,19.0607238
6438,1.31,0.08,1.0,7.44,152.13,47.4731696,19.0607238
6439,1.26,0.08,1.0,7.36,152.2,47.47317,19.0607236
6440,1.25,0.2,1.0,5.52,152.27,47.4731706,19.0607238
6441,1.32,0.31,1.0,4.82,152.35,47.4731709,19.0607238
6442,1.35,0.42,1.0,3.8,152.42,47.4731705,19.0607232
6443,1.44,0.55,1.0,2.77,152.51,47.4731705,19.0607226
6444,1.45,0.68,1.0,1.59,152.58,47.4731696,19.0607214
6445,1.36,0.71,1.0,2.07,152.66,47.4731683,19.06072
6446,1.12,0.76,1.0,1.56,152.71,47.4731665,19.0607189
6447,1.11,0.78,1.0,1.56,152.77,47.4731651,19.0607171
6448,1.18,0.73,1.0,2.62,152.82,47.4731636,19.0607149
6449,1.41,0.59,1.0,4.27,152.87,47.4731625,19.0607135
6450,1.61,0.43,1.0,5.85,152.92,47.4731609,19.0607121
6451,1.89,0.27,1.0,7.19,152.97,47.4731598,19.0607118
6452,1.95,0.19,1.0,7.21,153.02,47.4731596,19.0607115
6453,2.09,0.21,1.0,6.14,153.06,47.4731593,19.0607109
6454,2.18,0.33,1.0,4.37,153.17,47.4731588,19.0607098
6455,2.35,0.5,1.0,2.69,153.26,47.4731574,19.0607079
6456,2.59,0.69,1.0,1.14,153.36,47.473156,19.0607051
6457,2.85,0.81,1.0,0.65,153.48,47.4731543,19.0607039
6458,2.96,0.88,1.0,0.37,153.59,47.4731533,19.0607027
6459,3.01,0.93,1.4,6.49,153.66,47.4731514,19.0607006
6460,3.01,0.94,1.4,3.6,153.77,47.4731497,19.0606987
6461,2.94,0.95,1.0,0,153.85,47.4731474,19.0606961
6462,2.91,0.94,1.0,0.46,153.85,47.4731461,19.0606943
6463,2.86,0.94,1.0,0.56,153.99,47.4731442,19.0606922
6464,2.92,0.94,1.0,0.53,154.17,47.4731418,19.0606898
6465,3.07,0.78,1.4,9.82,154.33,47.4731427,19.0606892
6466,3.24,0.59,1.4,8.18,154.48,47.4731424,19.0606871
6467,3.36,0.4,1.4,9.67,154.69,47.4731423,19.0606858
6468,3.49,0.22,1.4,11.08,154.74,47.4731425,19.0606866
6469,3.58,0.03,1.4,12.6,154.76,47.4731423,19.0606865
6470,3.59,0.01,1.4,11.4,154.75,47.4731423,19.0606869
6471,3.6,0.0,1.4,11.2,154.72,47.4731423,19.0606869
6472,3.62,0.1,1.4,9.62,154.68,47.4731421,19.0606872
6473,3.49,0.13,1.4,9.86,154.66,47.4731416,19.0606874
6474,3.39,0.14,1.4,10.08,154.66,47.4731417,19.060688
6475,3.28,0.25,1.4,8.11,154.7,47.4731432,19.0606896
6476,3.24,0.36,1.4,7.37,154.77,47.4731438,19.0606895
6477,3.18,0.38,1.4,8.06,154.86,47.4731447,19.0606891
6478,3.23,0.48,1.4,6.53,154.95,47.4731444,19.0606884
6479,3.32,0.65,1.4,4.6,155.02,47.4731436,19.0606881
6480,3.31,0.7,1.4,5.15,155.04,47.4731424,19.0606867
6481,3.3,0.77,1.4,4.4,155.0,47.4731411,19.0606854
6482,3.24,0.83,1.4,4.02,154.99,47.47314,19.0606838
6483,3.17,0.86,1.4,4.08,154.98,47.4731382,19.0606825
6484,2.97,0.85,1.0,0,155.02,47.473138,19.0606813
6485,2.8,0.69,1.0,3.75,155.06,47.473137,19.0606797
6486,2.55,0.52,1.0,5.23,155.14,47.4731365,19.0606794
6487,2.35,0.35,1.0,6.56,155.17,47.4731362,19.060679
6488,2.15,0.18,1.0,7.88,155.16,47.4731364,19.0606789
6489,2.11,0.03,1.0,9.21,155.13,47.4731361,19.0606781
6490,2.16,0.02,1.0,7.89,155.13,47.4731359,19.060678
6491,2.22,0.01,1.0,7.95,155.18,47.4731364,19.0606784
6492,2.28,0.01,1.0,7.94,155.3,47.4731373,19.0606805
6493,2.4,0.01,1.0,7.93,155.53,47.4731384,19.0606818
6494,2.38,0.0,1.0,8.03,155.78,47.4731391,19.0606805
6495,2.38,0.01,1.0,7.94,156.03,47.4731401,19.0606796
6496,2.34,0.0,1.0,7.97,156.25,47.4731405,19.060679
6497,2.32,0.01,1.0,7.92,156.43,47.4731399,19.0606776
6498,2.31,0.01,1.0,7.94,156.52,47.4731392,19.0606766
6499,2.3,0.01,1.0,7.96,156.54,47.4731392,19.0606766
6500,2.29,0.0,1.0,7.99,156.53,47.4731391,19.0606763
6501,2.3,0.0,1.0,7.98,156.51,47.4731388,19.0606766
6502,2.3,0.0,1.0,8.02,156.5,47.4731386,19.0606768
6503,2.3,0.0,1.0,8.0,156.5,47.4731381,19.0606762
6504,2.28,0.0,1.0,7.95,156.5,47.4731378,19.0606749
6505,2.31,0.0,1.0,7.96,156.52,47.4731374,19.0606745
6506,2.37,0.01,1.0,7.93,156.55,47.4731371,19.0606741
6507,2.42,0.01,1.0,7.94,156.53,47.4731369,19.0606729
6508,2.46,0.01,1.0,7.94,156.5,47.4731368,19.0606717
6509,2.54,0.01,1.0,7.96,156.47,47.4731371,19.0606716
6510,2.58,0.01,1.0,7.95,156.43,47.4731371,19.0606712
6511,2.54,0.0,1.0,7.98,156.39,47.4731377,19.0606705
6512,2.48,0.0,1.0,7.97,156.35,47.473138,19.0606709
6513,2.43,0.01,1.0,7.89,156.31,47.4731381,19.0606719
6514,2.3,0.07,1.0,6.87,156.26,47.4731387,19.0606741
6515,2.06,0.11,1.0,6.77,156.18,47.4731386,19.0606749
6516,1.88,0.11,1.0,7.1,156.11,47.4731386,19.060676
6517,1.86,0.17,1.0,6.18,156.02,47.4731378,19.0606762
6518,1.84,0.24,1.0,5.65,155.97,47.4731378,19.0606777
6519,1.9,0.23,1.0,6.19,155.92,47.4731373,19.0606782
6520,2.14,0.25,1.0,5.79,155.87,47.4731382,19.0606805
6521,2.29,0.28,1.0,5.47,155.8,47.4731383,19.0606821
6522,2.36,0.24,1.0,6.53,155.72,47.473139,19.0606845
6523,2.54,0.16,1.0,7.29,155.6,47.4731389,19.0606852
6524,2.75,0.11,1.0,7.6,155.49,47.4731385,19.0606854
6525,2.92,0.05,1.0,8.05,155.38,47.4731383,19.0606851
6526,3.16,0.02,1.4,14.86,155.29,47.4731385,19.0606845
6527,3.28,0.01,1.4,11.18,155.21,47.4731378,19.0606837
6528,3.25,0.01,1.4,11.12,155.19,47.4731379,19.0606842
6529,3.19,0.01,1.4,11.16,155.19,47.4731376,19.0606844
6530,3.12,0.02,1.4,10.91,155.25,47.4731372,19.0606846
6531,3.04,0.04,1.4,10.78,155.34,47.4731365,19.0606836
6532,3.02,0.04,1.4,10.84,155.44,47.473136,19.0606827
6533,3.01,0.08,1.4,10.17,155.51,47.4731358,19.0606823
6534,2.93,0.2,1.0,1.75,155.56,47.4731357,19.0606822
6535,2.8,0.28,1.0,5.15,155.59,47.4731352,19.0606814
6536,2.57,0.36,1.0,4.35,155.58,47.473134,19.0606806
6537,2.32,0.43,1.0,3.94,155.55,47.4731328,19.0606792
6538,1.98,0.45,1.0,4.16,155.55,47.4731316,19.0606784
6539,1.72,0.34,1.0,6.16,155.53,47.4731309,19.0606775
6540,1.48,0.25,1.0,6.73,155.51,47.4731303,19.060677
6541,1.34,0.15,1.0,7.49,155.49,47.4731303,19.0606767
6542,1.24,0.07,1.0,8.0,155.47,47.4731304,19.0606767
6543,1.29,0.01,1.0,8.41,155.43,47.47313,19.0606768
6544,1.46,0.01,1.0,7.97,155.4,47.4731297,19.0606764
6545,1.51,0.01,1.0,7.86,155.35,47.4731296,19.0606768
6546,1.56,0.01,1.0,7.88,155.3,47.4731286,19.0606784
6547,1.61,0.05,1.0,7.4,155.24,47.4731286,19.06068
6548,1.61,0.05,1.0,7.54,155.2,47.4731286,19.0606802
6549,1.48,0.11,1.0,6.61,155.16,47.4731283,19.0606805
6550,1.54,0.15,1.0,6.53,155.1,47.4731293,19.0606803
6551,1.7,0.2,1.0,6.02,155.08,47.4731299,19.0606812
6552,1.86,0.21,1.0,6.17,155.07,47.4731305,19.0606831
6553,2.06,0.25,1.0,5.71,155.05,47.4731299,19.0606829
6554,2.25,0.2,1.0,6.87,155.05,47.4731302,19.0606836
6555,2.39,0.16,1.0,7.09,155.06,47.4731309,19.0606843
6556,2.52,0.11,1.0,7.61,155.06,47.4731313,19.0606843
6557,2.7,0.06,1.0,7.99,155.06,47.4731318,19.0606843
6558,2.89,0.02,1.0,8.24,155.05,47.473132,19.0606844
6559,3.06,0.01,1.4,14.76,155.06,47.4731323,19.0606839
6560,3.22,0.0,1.4,11.22,155.08,47.4731327,19.0606835
6561,3.29,0.01,1.4,11.0,155.11,47.4731341,19.0606833
6562,3.32,0.01,1.4,11.1,155.17,47.4731349,19.0606827
6563,3.33,0.01,1.4,11.1,155.26,47.4731365,19.060682
6564,3.32,0.02,1.4,11.05,155.38,47.473137,19.0606813
6565,3.31,0.02,1.4,11.03,155.5,47.4731378,19.0606803
6566,3.34,0.01,1.4,11.27,155.64,47.4731384,19.0606797
6567,3.33,0.01,1.4,11.16,155.79,47.4731391,19.0606787
6568,3.31,0.01,1.4,11.16,155.96,47.4731402,19.060678
6569,3.34,0.0,1.4,11.2,156.13,47.473141,19.060677
6570,3.34,0.0,1.4,11.22,156.32,47.4731419,19.060677
6571,3.34,0.0,1.4,11.2,156.51,47.473143,19.0606763
6572,3.34,0.0,1.4,11.2,156.7,47.4731438,19.0606758
6573,3.34,0.0,1.4,11.2,156.86,47.4731441,19.0606753
6574,3.34,0.0,1.4,11.2,157.01,47.4731443,19.060675
6575,3.33,0.0,1.4,11.2,157.15,47.4731444,19.0606746
6576,3.32,0.0,1.4,11.2,157.29,47.4731444,19.0606741
6577,3.32,0.0,1.4,11.2,157.42,47.4731447,19.0606734
6578,3.31,0.0,1.4,11.2,157.54,47.4731453,19.0606729
